StockCode,lead_time,fence,shortfall,fill
90194,5,15,0,1.0
23204,5,15,0,1.0
21930,5,15,0,1.0
84564,5,15,0,1.0
22894,5,15,0,1.0
20692,5,15,0,1.0
90035A,5,15,0,1.0
51008,5,15,0,1.0
84510F,5,15,0,1.0
23192,5,15,0,1.0
37506,5,15,0,1.0
22597,5,15,0,1.0
90182C,5,15,0,1.0
84711A,5,15,0,1.0
84874B,5,15,0,1.0
85162C,5,15,0,1.0
90014C,5,15,0,1.0
21824,5,15,0,1.0
84816,5,15,0,1.0
90064B,5,15,0,1.0
22274,5,15,0,1.0
47568,5,15,0,1.0
21651,5,15,0,1.0
35265,5,15,0,1.0
90124A,5,15,0,1.0
90065B,5,15,0,1.0
90011A,5,15,0,0.9781409388987197
90024D,5,15,0,1.0
47590B,5,15,0,1.0
22361,5,15,0,1.0
23322,5,15,0,1.0
23201,5,15,0,1.0
84906,5,15,0,1.0
84563B,5,15,0,1.0
85135C,5,15,0,1.0
21471,5,15,0,1.0
85015,5,15,0,1.0
22745,5,15,0,1.0
20894,5,15,0,1.0
90016B,5,15,0,1.0
16156L,5,15,0,1.0
79323S,5,15,0,1.0
85099B,5,15,0,1.0
22487,5,15,0,1.0
22349,5,15,0,1.0
84199,5,15,0,1.0
23240,5,15,0,1.0
23307,5,15,0,1.0
22371,5,15,0,1.0
90054,5,15,0,1.0
22070,5,15,0,1.0
21801,5,15,0,1.0
23000,5,15,0,1.0
23184,5,15,0,1.0
21115,5,15,0,1.0
21277,5,15,0,1.0
21529,5,15,0,1.0
90003E,5,15,0,1.0
84251F,5,15,0,1.0
20836,5,15,0,1.0
84595E,5,15,0,1.0
37489A,5,15,0,1.0
23147,5,15,0,1.0
21274,5,15,0,1.0
82482,5,15,0,1.0
21918,5,15,0,1.0
23077,5,15,0,1.0
21085,5,15,0,1.0
84313A,5,15,0,1.0
23133,5,15,0,1.0
47505,5,15,0,1.0
23174,5,15,0,1.0
21282,5,15,0,1.0
21931,5,15,0,1.0
22365,5,15,0,1.0
82582,5,15,0,1.0
21519,5,15,0,1.0
84884A,5,15,0,1.0
21672,5,15,0,1.0
21259,5,15,0,1.0
20724,5,15,0,1.0
90023,5,15,0,1.0
20725,5,15,0,1.0
22286,5,15,0,1.0
23224,5,15,0,1.0
90162D,5,15,0,1.0
85064,5,15,0,1.0
22077,5,15,0,1.0
35637C,5,15,0,1.0
23047,5,15,0,1.0
22120,5,15,0,1.0
20727,5,15,0,1.0
21578,5,15,0,1.0
23231,5,15,0,1.0
22993,5,15,0,1.0
90042C,5,15,0,1.0
77101A,5,15,0,1.0
23109,5,15,0,1.0
84970S,5,15,0,1.0
20977,5,15,0,1.0
22027,5,15,0,1.0
21756,5,15,0,1.0
22028,5,15,0,1.0
20671,5,15,0,1.0
20975,5,15,0,1.0
22297,5,15,0,1.0
21652,5,15,0,1.0
90003C,5,15,0,1.0
22902,5,15,0,1.0
22846,5,15,0,1.0
44234,5,15,0,1.0
22554,5,15,0,1.0
20663,5,15,0,1.0
21768,5,15,0,1.0
22157,5,15,0,1.0
22107,5,15,0,1.0
90123A,5,15,0,1.0
23245,5,15,0,1.0
20762,5,15,0,1.0
23145,5,15,0,1.0
90194,5,30,0,1.0
23204,5,30,0,1.0
21930,5,30,0,1.0
84564,5,30,0,1.0
22894,5,30,0,1.0
20692,5,30,0,1.0
90035A,5,30,0,1.0
51008,5,30,0,1.0
84510F,5,30,0,1.0
23192,5,30,0,1.0
37506,5,30,0,1.0
22597,5,30,0,1.0
90182C,5,30,0,1.0
84711A,5,30,0,1.0
84874B,5,30,0,1.0
85162C,5,30,0,1.0
90014C,5,30,0,1.0
21824,5,30,0,1.0
84816,5,30,0,1.0
90064B,5,30,0,1.0
22274,5,30,0,1.0
47568,5,30,0,1.0
21651,5,30,0,1.0
35265,5,30,0,1.0
90124A,5,30,0,1.0
90065B,5,30,0,1.0
90011A,5,30,0,0.9781409388987197
90024D,5,30,0,1.0
47590B,5,30,0,1.0
22361,5,30,0,1.0
23322,5,30,0,1.0
23201,5,30,0,1.0
84906,5,30,0,1.0
84563B,5,30,0,1.0
85135C,5,30,0,1.0
21471,5,30,0,1.0
85015,5,30,0,1.0
22745,5,30,0,1.0
20894,5,30,0,1.0
90016B,5,30,0,1.0
16156L,5,30,0,1.0
79323S,5,30,0,1.0
85099B,5,30,0,1.0
22487,5,30,0,1.0
22349,5,30,0,1.0
84199,5,30,0,1.0
23240,5,30,0,1.0
23307,5,30,0,1.0
22371,5,30,0,1.0
90054,5,30,0,1.0
22070,5,30,0,1.0
21801,5,30,0,1.0
23000,5,30,0,1.0
23184,5,30,0,1.0
21115,5,30,0,1.0
21277,5,30,0,1.0
21529,5,30,0,1.0
90003E,5,30,0,1.0
84251F,5,30,0,1.0
20836,5,30,0,1.0
84595E,5,30,0,1.0
37489A,5,30,0,1.0
23147,5,30,0,1.0
21274,5,30,0,1.0
82482,5,30,0,1.0
21918,5,30,0,1.0
23077,5,30,0,1.0
21085,5,30,0,1.0
84313A,5,30,0,1.0
23133,5,30,0,1.0
47505,5,30,0,1.0
23174,5,30,0,1.0
21282,5,30,0,1.0
21931,5,30,0,1.0
22365,5,30,0,1.0
82582,5,30,0,1.0
21519,5,30,0,1.0
84884A,5,30,0,1.0
21672,5,30,0,1.0
21259,5,30,0,1.0
20724,5,30,0,1.0
90023,5,30,0,1.0
20725,5,30,0,1.0
22286,5,30,0,1.0
23224,5,30,0,1.0
90162D,5,30,0,1.0
85064,5,30,0,1.0
22077,5,30,0,1.0
35637C,5,30,0,1.0
23047,5,30,0,1.0
22120,5,30,0,1.0
20727,5,30,0,1.0
21578,5,30,0,1.0
23231,5,30,0,1.0
22993,5,30,0,1.0
90042C,5,30,0,1.0
77101A,5,30,0,1.0
23109,5,30,0,1.0
84970S,5,30,0,1.0
20977,5,30,0,1.0
22027,5,30,0,1.0
21756,5,30,0,1.0
22028,5,30,0,1.0
20671,5,30,0,1.0
20975,5,30,0,1.0
22297,5,30,0,1.0
21652,5,30,0,1.0
90003C,5,30,0,1.0
22902,5,30,0,1.0
22846,5,30,0,1.0
44234,5,30,0,1.0
22554,5,30,0,1.0
20663,5,30,0,1.0
21768,5,30,0,1.0
22157,5,30,0,1.0
22107,5,30,0,1.0
90123A,5,30,0,1.0
23245,5,30,0,1.0
20762,5,30,0,1.0
23145,5,30,0,1.0
90194,5,45,0,1.0
23204,5,45,0,1.0
21930,5,45,0,1.0
84564,5,45,0,1.0
22894,5,45,0,1.0
20692,5,45,0,1.0
90035A,5,45,0,1.0
51008,5,45,0,1.0
84510F,5,45,0,1.0
23192,5,45,0,1.0
37506,5,45,0,1.0
22597,5,45,0,1.0
90182C,5,45,0,1.0
84711A,5,45,0,1.0
84874B,5,45,0,1.0
85162C,5,45,0,1.0
90014C,5,45,0,1.0
21824,5,45,0,1.0
84816,5,45,0,1.0
90064B,5,45,0,1.0
22274,5,45,0,1.0
47568,5,45,0,1.0
21651,5,45,0,1.0
35265,5,45,0,1.0
90124A,5,45,0,1.0
90065B,5,45,0,1.0
90011A,5,45,0,0.9781409388987197
90024D,5,45,0,1.0
47590B,5,45,0,1.0
22361,5,45,0,1.0
23322,5,45,0,1.0
23201,5,45,0,1.0
84906,5,45,0,1.0
84563B,5,45,0,1.0
85135C,5,45,0,1.0
21471,5,45,0,1.0
85015,5,45,0,1.0
22745,5,45,0,1.0
20894,5,45,0,1.0
90016B,5,45,0,1.0
16156L,5,45,0,1.0
79323S,5,45,0,1.0
85099B,5,45,0,1.0
22487,5,45,0,1.0
22349,5,45,0,1.0
84199,5,45,0,1.0
23240,5,45,0,1.0
23307,5,45,0,1.0
22371,5,45,0,1.0
90054,5,45,0,1.0
22070,5,45,0,1.0
21801,5,45,0,1.0
23000,5,45,0,1.0
23184,5,45,0,1.0
21115,5,45,0,1.0
21277,5,45,0,1.0
21529,5,45,0,1.0
90003E,5,45,0,1.0
84251F,5,45,0,1.0
20836,5,45,0,1.0
84595E,5,45,0,1.0
37489A,5,45,0,1.0
23147,5,45,0,1.0
21274,5,45,0,1.0
82482,5,45,0,1.0
21918,5,45,0,1.0
23077,5,45,0,1.0
21085,5,45,0,1.0
84313A,5,45,0,1.0
23133,5,45,0,1.0
47505,5,45,0,1.0
23174,5,45,0,1.0
21282,5,45,0,1.0
21931,5,45,0,1.0
22365,5,45,0,1.0
82582,5,45,0,1.0
21519,5,45,0,1.0
84884A,5,45,0,1.0
21672,5,45,0,1.0
21259,5,45,0,1.0
20724,5,45,0,1.0
90023,5,45,0,1.0
20725,5,45,0,1.0
22286,5,45,0,1.0
23224,5,45,0,1.0
90162D,5,45,0,1.0
85064,5,45,0,1.0
22077,5,45,0,1.0
35637C,5,45,0,1.0
23047,5,45,0,1.0
22120,5,45,0,1.0
20727,5,45,0,1.0
21578,5,45,0,1.0
23231,5,45,0,1.0
22993,5,45,0,1.0
90042C,5,45,0,1.0
77101A,5,45,0,1.0
23109,5,45,0,1.0
84970S,5,45,0,1.0
20977,5,45,0,1.0
22027,5,45,0,1.0
21756,5,45,0,1.0
22028,5,45,0,1.0
20671,5,45,0,1.0
20975,5,45,0,1.0
22297,5,45,0,1.0
21652,5,45,0,1.0
90003C,5,45,0,1.0
22902,5,45,0,1.0
22846,5,45,0,1.0
44234,5,45,0,1.0
22554,5,45,0,1.0
20663,5,45,0,1.0
21768,5,45,0,1.0
22157,5,45,0,1.0
22107,5,45,0,1.0
90123A,5,45,0,1.0
23245,5,45,0,1.0
20762,5,45,0,1.0
23145,5,45,0,1.0
90194,5,60,0,1.0
23204,5,60,0,1.0
21930,5,60,0,1.0
84564,5,60,0,1.0
22894,5,60,0,1.0
20692,5,60,0,1.0
90035A,5,60,0,1.0
51008,5,60,0,1.0
84510F,5,60,0,1.0
23192,5,60,0,1.0
37506,5,60,0,1.0
22597,5,60,0,1.0
90182C,5,60,0,1.0
84711A,5,60,0,1.0
84874B,5,60,0,1.0
85162C,5,60,0,1.0
90014C,5,60,0,1.0
21824,5,60,0,1.0
84816,5,60,0,1.0
90064B,5,60,0,1.0
22274,5,60,0,1.0
47568,5,60,0,1.0
21651,5,60,0,1.0
35265,5,60,0,1.0
90124A,5,60,0,1.0
90065B,5,60,0,1.0
90011A,5,60,0,0.9781409388987197
90024D,5,60,0,1.0
47590B,5,60,0,1.0
22361,5,60,0,1.0
23322,5,60,0,1.0
23201,5,60,0,1.0
84906,5,60,0,1.0
84563B,5,60,0,1.0
85135C,5,60,0,1.0
21471,5,60,0,1.0
85015,5,60,0,1.0
22745,5,60,0,1.0
20894,5,60,0,1.0
90016B,5,60,0,1.0
16156L,5,60,0,1.0
79323S,5,60,0,1.0
85099B,5,60,0,1.0
22487,5,60,0,1.0
22349,5,60,0,1.0
84199,5,60,0,1.0
23240,5,60,0,1.0
23307,5,60,0,1.0
22371,5,60,0,1.0
90054,5,60,0,1.0
22070,5,60,0,1.0
21801,5,60,0,1.0
23000,5,60,0,1.0
23184,5,60,0,1.0
21115,5,60,0,1.0
21277,5,60,0,1.0
21529,5,60,0,1.0
90003E,5,60,0,1.0
84251F,5,60,0,1.0
20836,5,60,0,1.0
84595E,5,60,0,1.0
37489A,5,60,0,1.0
23147,5,60,0,1.0
21274,5,60,0,1.0
82482,5,60,0,1.0
21918,5,60,0,1.0
23077,5,60,0,1.0
21085,5,60,0,1.0
84313A,5,60,0,1.0
23133,5,60,0,1.0
47505,5,60,0,1.0
23174,5,60,0,1.0
21282,5,60,0,1.0
21931,5,60,0,1.0
22365,5,60,0,1.0
82582,5,60,0,1.0
21519,5,60,0,1.0
84884A,5,60,0,1.0
21672,5,60,0,1.0
21259,5,60,0,1.0
20724,5,60,0,1.0
90023,5,60,0,1.0
20725,5,60,0,1.0
22286,5,60,0,1.0
23224,5,60,0,1.0
90162D,5,60,0,1.0
85064,5,60,0,1.0
22077,5,60,0,1.0
35637C,5,60,0,1.0
23047,5,60,0,1.0
22120,5,60,0,1.0
20727,5,60,0,1.0
21578,5,60,0,1.0
23231,5,60,0,1.0
22993,5,60,0,1.0
90042C,5,60,0,1.0
77101A,5,60,0,1.0
23109,5,60,0,1.0
84970S,5,60,0,1.0
20977,5,60,0,1.0
22027,5,60,0,1.0
21756,5,60,0,1.0
22028,5,60,0,1.0
20671,5,60,0,1.0
20975,5,60,0,1.0
22297,5,60,0,1.0
21652,5,60,0,1.0
90003C,5,60,0,1.0
22902,5,60,0,1.0
22846,5,60,0,1.0
44234,5,60,0,1.0
22554,5,60,0,1.0
20663,5,60,0,1.0
21768,5,60,0,1.0
22157,5,60,0,1.0
22107,5,60,0,1.0
90123A,5,60,0,1.0
23245,5,60,0,1.0
20762,5,60,0,1.0
23145,5,60,0,1.0
90194,5,80,0,1.0
23204,5,80,0,1.0
21930,5,80,0,1.0
84564,5,80,0,1.0
22894,5,80,0,1.0
20692,5,80,0,1.0
90035A,5,80,0,1.0
51008,5,80,0,1.0
84510F,5,80,0,1.0
23192,5,80,0,1.0
37506,5,80,0,1.0
22597,5,80,0,1.0
90182C,5,80,0,1.0
84711A,5,80,0,1.0
84874B,5,80,0,1.0
85162C,5,80,0,1.0
90014C,5,80,0,1.0
21824,5,80,0,1.0
84816,5,80,0,1.0
90064B,5,80,0,1.0
22274,5,80,0,1.0
47568,5,80,0,1.0
21651,5,80,0,1.0
35265,5,80,0,1.0
90124A,5,80,0,1.0
90065B,5,80,0,1.0
90011A,5,80,0,0.9781409388987197
90024D,5,80,0,1.0
47590B,5,80,0,1.0
22361,5,80,0,1.0
23322,5,80,0,1.0
23201,5,80,0,1.0
84906,5,80,0,1.0
84563B,5,80,0,1.0
85135C,5,80,0,1.0
21471,5,80,0,1.0
85015,5,80,0,1.0
22745,5,80,0,1.0
20894,5,80,0,1.0
90016B,5,80,0,1.0
16156L,5,80,0,1.0
79323S,5,80,0,1.0
85099B,5,80,0,1.0
22487,5,80,0,1.0
22349,5,80,0,1.0
84199,5,80,0,1.0
23240,5,80,0,1.0
23307,5,80,0,1.0
22371,5,80,0,1.0
90054,5,80,0,1.0
22070,5,80,0,1.0
21801,5,80,0,1.0
23000,5,80,0,1.0
23184,5,80,0,1.0
21115,5,80,0,1.0
21277,5,80,0,1.0
21529,5,80,0,1.0
90003E,5,80,0,1.0
84251F,5,80,0,1.0
20836,5,80,0,1.0
84595E,5,80,0,1.0
37489A,5,80,0,1.0
23147,5,80,0,1.0
21274,5,80,0,1.0
82482,5,80,0,1.0
21918,5,80,0,1.0
23077,5,80,0,1.0
21085,5,80,0,1.0
84313A,5,80,0,1.0
23133,5,80,0,1.0
47505,5,80,0,1.0
23174,5,80,0,1.0
21282,5,80,0,1.0
21931,5,80,0,1.0
22365,5,80,0,1.0
82582,5,80,0,1.0
21519,5,80,0,1.0
84884A,5,80,0,1.0
21672,5,80,0,1.0
21259,5,80,0,1.0
20724,5,80,0,1.0
90023,5,80,0,1.0
20725,5,80,0,1.0
22286,5,80,0,1.0
23224,5,80,0,1.0
90162D,5,80,0,1.0
85064,5,80,0,1.0
22077,5,80,0,1.0
35637C,5,80,0,1.0
23047,5,80,0,1.0
22120,5,80,0,1.0
20727,5,80,0,1.0
21578,5,80,0,1.0
23231,5,80,0,1.0
22993,5,80,0,1.0
90042C,5,80,0,1.0
77101A,5,80,0,1.0
23109,5,80,0,1.0
84970S,5,80,0,1.0
20977,5,80,0,1.0
22027,5,80,0,1.0
21756,5,80,0,1.0
22028,5,80,0,1.0
20671,5,80,0,1.0
20975,5,80,0,1.0
22297,5,80,0,1.0
21652,5,80,0,1.0
90003C,5,80,0,1.0
22902,5,80,0,1.0
22846,5,80,0,1.0
44234,5,80,0,1.0
22554,5,80,0,1.0
20663,5,80,0,1.0
21768,5,80,0,1.0
22157,5,80,0,1.0
22107,5,80,0,1.0
90123A,5,80,0,1.0
23245,5,80,0,1.0
20762,5,80,0,1.0
23145,5,80,0,1.0
90194,5,100,0,1.0
23204,5,100,0,1.0
21930,5,100,0,1.0
84564,5,100,0,1.0
22894,5,100,0,1.0
20692,5,100,0,1.0
90035A,5,100,0,1.0
51008,5,100,0,1.0
84510F,5,100,0,1.0
23192,5,100,0,1.0
37506,5,100,0,1.0
22597,5,100,0,1.0
90182C,5,100,0,1.0
84711A,5,100,0,1.0
84874B,5,100,0,1.0
85162C,5,100,0,1.0
90014C,5,100,0,1.0
21824,5,100,0,1.0
84816,5,100,0,1.0
90064B,5,100,0,1.0
22274,5,100,0,1.0
47568,5,100,0,1.0
21651,5,100,0,1.0
35265,5,100,0,1.0
90124A,5,100,0,1.0
90065B,5,100,0,1.0
90011A,5,100,0,0.9781409388987197
90024D,5,100,0,1.0
47590B,5,100,0,1.0
22361,5,100,0,1.0
23322,5,100,0,1.0
23201,5,100,0,1.0
84906,5,100,0,1.0
84563B,5,100,0,1.0
85135C,5,100,0,1.0
21471,5,100,0,1.0
85015,5,100,0,1.0
22745,5,100,0,1.0
20894,5,100,0,1.0
90016B,5,100,0,1.0
16156L,5,100,0,1.0
79323S,5,100,0,1.0
85099B,5,100,0,1.0
22487,5,100,0,1.0
22349,5,100,0,1.0
84199,5,100,0,1.0
23240,5,100,0,1.0
23307,5,100,0,1.0
22371,5,100,0,1.0
90054,5,100,0,1.0
22070,5,100,0,1.0
21801,5,100,0,1.0
23000,5,100,0,1.0
23184,5,100,0,1.0
21115,5,100,0,1.0
21277,5,100,0,1.0
21529,5,100,0,1.0
90003E,5,100,0,1.0
84251F,5,100,0,1.0
20836,5,100,0,1.0
84595E,5,100,0,1.0
37489A,5,100,0,1.0
23147,5,100,0,1.0
21274,5,100,0,1.0
82482,5,100,0,1.0
21918,5,100,0,1.0
23077,5,100,0,1.0
21085,5,100,0,1.0
84313A,5,100,0,1.0
23133,5,100,0,1.0
47505,5,100,0,1.0
23174,5,100,0,1.0
21282,5,100,0,1.0
21931,5,100,0,1.0
22365,5,100,0,1.0
82582,5,100,0,1.0
21519,5,100,0,1.0
84884A,5,100,0,1.0
21672,5,100,0,1.0
21259,5,100,0,1.0
20724,5,100,0,1.0
90023,5,100,0,1.0
20725,5,100,0,1.0
22286,5,100,0,1.0
23224,5,100,0,1.0
90162D,5,100,0,1.0
85064,5,100,0,1.0
22077,5,100,0,1.0
35637C,5,100,0,1.0
23047,5,100,0,1.0
22120,5,100,0,1.0
20727,5,100,0,1.0
21578,5,100,0,1.0
23231,5,100,0,1.0
22993,5,100,0,1.0
90042C,5,100,0,1.0
77101A,5,100,0,1.0
23109,5,100,0,1.0
84970S,5,100,0,1.0
20977,5,100,0,1.0
22027,5,100,0,1.0
21756,5,100,0,1.0
22028,5,100,0,1.0
20671,5,100,0,1.0
20975,5,100,0,1.0
22297,5,100,0,1.0
21652,5,100,0,1.0
90003C,5,100,0,1.0
22902,5,100,0,1.0
22846,5,100,0,1.0
44234,5,100,0,1.0
22554,5,100,0,1.0
20663,5,100,0,1.0
21768,5,100,0,1.0
22157,5,100,0,1.0
22107,5,100,0,1.0
90123A,5,100,0,1.0
23245,5,100,0,1.0
20762,5,100,0,1.0
23145,5,100,0,1.0
90194,5,120,0,1.0
23204,5,120,0,1.0
21930,5,120,0,1.0
84564,5,120,0,1.0
22894,5,120,0,1.0
20692,5,120,0,1.0
90035A,5,120,0,1.0
51008,5,120,0,1.0
84510F,5,120,0,1.0
23192,5,120,0,1.0
37506,5,120,0,1.0
22597,5,120,0,1.0
90182C,5,120,0,1.0
84711A,5,120,0,1.0
84874B,5,120,0,1.0
85162C,5,120,0,1.0
90014C,5,120,0,1.0
21824,5,120,0,1.0
84816,5,120,0,1.0
90064B,5,120,0,1.0
22274,5,120,0,1.0
47568,5,120,0,1.0
21651,5,120,0,1.0
35265,5,120,0,1.0
90124A,5,120,0,1.0
90065B,5,120,0,1.0
90011A,5,120,0,0.9781409388987197
90024D,5,120,0,1.0
47590B,5,120,0,1.0
22361,5,120,0,1.0
23322,5,120,0,1.0
23201,5,120,0,1.0
84906,5,120,0,1.0
84563B,5,120,0,1.0
85135C,5,120,0,1.0
21471,5,120,0,1.0
85015,5,120,0,1.0
22745,5,120,0,1.0
20894,5,120,0,1.0
90016B,5,120,0,1.0
16156L,5,120,0,1.0
79323S,5,120,0,1.0
85099B,5,120,0,1.0
22487,5,120,0,1.0
22349,5,120,0,1.0
84199,5,120,0,1.0
23240,5,120,0,1.0
23307,5,120,0,1.0
22371,5,120,0,1.0
90054,5,120,0,1.0
22070,5,120,0,1.0
21801,5,120,0,1.0
23000,5,120,0,1.0
23184,5,120,0,1.0
21115,5,120,0,1.0
21277,5,120,0,1.0
21529,5,120,0,1.0
90003E,5,120,0,1.0
84251F,5,120,0,1.0
20836,5,120,0,1.0
84595E,5,120,0,1.0
37489A,5,120,0,1.0
23147,5,120,0,1.0
21274,5,120,0,1.0
82482,5,120,0,1.0
21918,5,120,0,1.0
23077,5,120,0,1.0
21085,5,120,0,1.0
84313A,5,120,0,1.0
23133,5,120,0,1.0
47505,5,120,0,1.0
23174,5,120,0,1.0
21282,5,120,0,1.0
21931,5,120,0,1.0
22365,5,120,0,1.0
82582,5,120,0,1.0
21519,5,120,0,1.0
84884A,5,120,0,1.0
21672,5,120,0,1.0
21259,5,120,0,1.0
20724,5,120,0,1.0
90023,5,120,0,1.0
20725,5,120,0,1.0
22286,5,120,0,1.0
23224,5,120,0,1.0
90162D,5,120,0,1.0
85064,5,120,0,1.0
22077,5,120,0,1.0
35637C,5,120,0,1.0
23047,5,120,0,1.0
22120,5,120,0,1.0
20727,5,120,0,1.0
21578,5,120,0,1.0
23231,5,120,0,1.0
22993,5,120,0,1.0
90042C,5,120,0,1.0
77101A,5,120,0,1.0
23109,5,120,0,1.0
84970S,5,120,0,1.0
20977,5,120,0,1.0
22027,5,120,0,1.0
21756,5,120,0,1.0
22028,5,120,0,1.0
20671,5,120,0,1.0
20975,5,120,0,1.0
22297,5,120,0,1.0
21652,5,120,0,1.0
90003C,5,120,0,1.0
22902,5,120,0,1.0
22846,5,120,0,1.0
44234,5,120,0,1.0
22554,5,120,0,1.0
20663,5,120,0,1.0
21768,5,120,0,1.0
22157,5,120,0,1.0
22107,5,120,0,1.0
90123A,5,120,0,1.0
23245,5,120,0,1.0
20762,5,120,0,1.0
23145,5,120,0,1.0
90194,15,15,0,0.7241379310344828
23204,15,15,0,0.7596412376507058
21930,15,15,0,0.7300796011899976
84564,15,15,0,1.0
22894,15,15,0,0.727420585386968
20692,15,15,0,0.7327586206896552
90035A,15,15,0,0.7696887686062246
51008,15,15,0,0.7913876150179138
84510F,15,15,0,0.04287511549577405
23192,15,15,0,0.7438242252537165
37506,15,15,0,0.782608695652174
22597,15,15,0,0.7199213836432301
90182C,15,15,0,0.5600360847992782
84711A,15,15,0,0.7453528950929422
84874B,15,15,0,0.7051282051282051
85162C,15,15,0,0.6659675236806496
90014C,15,15,0,0.6787758925783283
21824,15,15,0,0.6846659994567704
84816,15,15,0,0.7333333333333334
90064B,15,15,0,0.7
22274,15,15,0,0.7291869128603823
47568,15,15,0,0.7371282071692006
21651,15,15,0,0.6969309340017222
35265,15,15,0,0.6325501291671793
90124A,15,15,0,0.7083333333333333
90065B,15,15,0,0.7909336941813262
90011A,15,15,0,0.7473717081294889
90024D,15,15,0,0.7294993234100136
47590B,15,15,0,0.7104339796860573
22361,15,15,0,0.707681496639053
23322,15,15,0,0.719935170178282
23201,15,15,0,0.73211749757082
84906,15,15,0,0.7014925373134329
84563B,15,15,0,0.7364341085271318
85135C,15,15,0,0.7471630112943635
21471,15,15,0,0.7396849212303076
85015,15,15,0,0.7211573480235776
22745,15,15,0,0.7053568686021621
20894,15,15,0,0.7198443579766537
90016B,15,15,0,0.6857142857142857
16156L,15,15,0,0.7485135523024564
79323S,15,15,0,1.0
85099B,15,15,0,0.7267770643235327
22487,15,15,0,0.7333168664980048
22349,15,15,0,0.5118147448015122
84199,15,15,0,1.0
23240,15,15,0,0.7595083036631545
23307,15,15,0,0.7315367437776212
22371,15,15,0,0.7540707467714767
90054,15,15,0,0.6746955345060893
22070,15,15,0,0.5894409937888199
21801,15,15,0,0.6775289426095077
23000,15,15,0,0.7288152228692963
23184,15,15,0,0.7248941763716816
21115,15,15,0,0.7335606837503109
21277,15,15,0,0.7097556616539433
21529,15,15,0,0.727626459143969
90003E,15,15,0,0.8214285714285714
84251F,15,15,0,0.7469892806088037
20836,15,15,0,0.7320099555383727
84595E,15,15,0,0.6124865092887313
37489A,15,15,0,0.7391304347826086
23147,15,15,0,0.718716577540107
21274,15,15,0,0.6946564885496183
82482,15,15,0,0.7305962943553188
21918,15,15,0,0.7603994539837632
23077,15,15,0,0.7361573196772377
21085,15,15,0,0.9978605447411535
84313A,15,15,0,0.8
23133,15,15,0,0.6340340336876058
47505,15,15,0,0.722707423580786
23174,15,15,0,0.7078552163826406
21282,15,15,0,0.732373050352539
21931,15,15,0,0.7422858172194604
22365,15,15,0,0.6695035460992909
82582,15,15,0,0.7221672089404442
21519,15,15,0,0.7418768503726219
84884A,15,15,0,0.6772451046590142
21672,15,15,0,0.7397205588822355
21259,15,15,0,0.7029345372460496
20724,15,15,0,0.7413034786085566
90023,15,15,0,0.7074528989278651
20725,15,15,0,0.7425899978443631
22286,15,15,0,0.8236119734633367
23224,15,15,0,0.6558522283463701
90162D,15,15,0,0.6672627102261743
85064,15,15,0,0.5649971862689926
22077,15,15,0,0.7332091618362162
35637C,15,15,0,0.46624404306642353
23047,15,15,0,0.6809294946572721
22120,15,15,0,0.718294051627385
20727,15,15,0,0.7145662978996312
21578,15,15,0,0.6884272997032641
23231,15,15,0,0.7298143835760361
22993,15,15,0,0.7511785864394964
90042C,15,15,0,0.5872898433621168
77101A,15,15,0,0.5834109972041006
23109,15,15,0,0.7634319033735943
84970S,15,15,0,0.7178377924314334
20977,15,15,0,0.709947085612989
22027,15,15,0,0.7230070635721493
21756,15,15,0,0.7418655097613882
22028,15,15,0,0.7313272434175175
20671,15,15,0,0.7363103292737934
20975,15,15,0,0.705207312150395
22297,15,15,0,0.7309149061526807
21652,15,15,0,0.7376093294460642
90003C,15,15,0,0.7272727272727273
22902,15,15,0,0.7184938436070886
22846,15,15,0,0.7315508831986206
44234,15,15,0,0.5360824742268041
22554,15,15,0,0.7473983957579654
20663,15,15,0,0.5250778143167993
21768,15,15,0,0.5192534531621007
22157,15,15,0,0.7549859150134892
22107,15,15,0,0.7260545978702122
90123A,15,15,0,0.6940619278834673
23245,15,15,0,0.7358817052068586
20762,15,15,0,0.9409786355599892
23145,15,15,0,0.7209598747074819
90194,15,30,0,1.0
23204,15,30,0,1.0
21930,15,30,0,1.0
84564,15,30,0,1.0
22894,15,30,0,1.0
20692,15,30,0,1.0
90035A,15,30,0,0.9696887686062247
51008,15,30,0,1.0
84510F,15,30,0,1.0
23192,15,30,0,1.0
37506,15,30,0,1.0
22597,15,30,0,1.0
90182C,15,30,0,1.0
84711A,15,30,0,1.0
84874B,15,30,0,1.0
85162C,15,30,0,1.0
90014C,15,30,0,0.9925868407748986
21824,15,30,0,1.0
84816,15,30,0,1.0
90064B,15,30,0,0.9941850626229383
22274,15,30,0,1.0
47568,15,30,0,1.0
21651,15,30,0,1.0
35265,15,30,0,1.0
90124A,15,30,0,1.0
90065B,15,30,0,1.0
90011A,15,30,0,0.95722287820964
90024D,15,30,0,1.0
47590B,15,30,0,1.0
22361,15,30,0,1.0
23322,15,30,0,1.0
23201,15,30,0,1.0
84906,15,30,0,1.0
84563B,15,30,0,1.0
85135C,15,30,0,0.999638258819116
21471,15,30,0,1.0
85015,15,30,0,0.999847991116114
22745,15,30,0,1.0
20894,15,30,0,1.0
90016B,15,30,0,1.0
16156L,15,30,0,0.9995285150342519
79323S,15,30,0,1.0
85099B,15,30,0,1.0
22487,15,30,0,1.0
22349,15,30,0,1.0
84199,15,30,0,1.0
23240,15,30,0,1.0
23307,15,30,0,1.0
22371,15,30,0,1.0
90054,15,30,0,1.0
22070,15,30,0,1.0
21801,15,30,0,1.0
23000,15,30,0,1.0
23184,15,30,0,1.0
21115,15,30,0,1.0
21277,15,30,0,1.0
21529,15,30,0,1.0
90003E,15,30,0,0.9963072424483265
84251F,15,30,0,1.0
20836,15,30,0,1.0
84595E,15,30,0,1.0
37489A,15,30,0,1.0
23147,15,30,0,1.0
21274,15,30,0,1.0
82482,15,30,0,1.0
21918,15,30,0,1.0
23077,15,30,0,1.0
21085,15,30,0,0.9999749411271309
84313A,15,30,0,1.0
23133,15,30,0,1.0
47505,15,30,0,1.0
23174,15,30,0,1.0
21282,15,30,0,1.0
21931,15,30,0,1.0
22365,15,30,0,1.0
82582,15,30,0,1.0
21519,15,30,0,1.0
84884A,15,30,0,0.9999691248425332
21672,15,30,0,1.0
21259,15,30,0,1.0
20724,15,30,0,1.0
90023,15,30,0,1.0
20725,15,30,0,1.0
22286,15,30,0,1.0
23224,15,30,0,1.0
90162D,15,30,0,1.0
85064,15,30,0,1.0
22077,15,30,0,1.0
35637C,15,30,0,1.0
23047,15,30,0,1.0
22120,15,30,0,1.0
20727,15,30,0,1.0
21578,15,30,0,1.0
23231,15,30,0,1.0
22993,15,30,0,1.0
90042C,15,30,0,1.0
77101A,15,30,0,1.0
23109,15,30,0,1.0
84970S,15,30,0,1.0
20977,15,30,0,1.0
22027,15,30,0,1.0
21756,15,30,0,1.0
22028,15,30,0,1.0
20671,15,30,0,1.0
20975,15,30,0,1.0
22297,15,30,0,1.0
21652,15,30,0,1.0
90003C,15,30,0,0.9940558538251598
22902,15,30,0,1.0
22846,15,30,0,1.0
44234,15,30,0,1.0
22554,15,30,0,1.0
20663,15,30,0,1.0
21768,15,30,0,1.0
22157,15,30,0,1.0
22107,15,30,0,1.0
90123A,15,30,0,0.9881795749422908
23245,15,30,0,1.0
20762,15,30,0,1.0
23145,15,30,0,1.0
90194,15,45,0,1.0
23204,15,45,0,1.0
21930,15,45,0,1.0
84564,15,45,0,1.0
22894,15,45,0,0.9997060205161556
20692,15,45,0,1.0
90035A,15,45,0,0.9696887686062247
51008,15,45,0,1.0
84510F,15,45,0,1.0
23192,15,45,0,1.0
37506,15,45,0,1.0
22597,15,45,0,1.0
90182C,15,45,0,1.0
84711A,15,45,0,1.0
84874B,15,45,0,1.0
85162C,15,45,0,1.0
90014C,15,45,0,1.0
21824,15,45,0,1.0
84816,15,45,0,0.9863771585644936
90064B,15,45,0,1.0
22274,15,45,0,1.0
47568,15,45,0,1.0
21651,15,45,0,1.0
35265,15,45,0,1.0
90124A,15,45,0,1.0
90065B,15,45,0,1.0
90011A,15,45,0,0.9781409388987197
90024D,15,45,0,1.0
47590B,15,45,0,1.0
22361,15,45,0,1.0
23322,15,45,0,1.0
23201,15,45,0,1.0
84906,15,45,0,1.0
84563B,15,45,0,1.0
85135C,15,45,0,0.999638258819116
21471,15,45,0,1.0
85015,15,45,0,1.0
22745,15,45,0,1.0
20894,15,45,0,1.0
90016B,15,45,0,1.0
16156L,15,45,0,1.0
79323S,15,45,0,1.0
85099B,15,45,0,1.0
22487,15,45,0,1.0
22349,15,45,0,1.0
84199,15,45,0,1.0
23240,15,45,0,1.0
23307,15,45,0,1.0
22371,15,45,0,1.0
90054,15,45,0,1.0
22070,15,45,0,1.0
21801,15,45,0,1.0
23000,15,45,0,1.0
23184,15,45,0,1.0
21115,15,45,0,1.0
21277,15,45,0,0.9921768306508216
21529,15,45,0,1.0
90003E,15,45,0,1.0
84251F,15,45,0,1.0
20836,15,45,0,0.9986785500950891
84595E,15,45,0,0.9992884504835368
37489A,15,45,0,0.9990003110079652
23147,15,45,0,1.0
21274,15,45,0,1.0
82482,15,45,0,1.0
21918,15,45,0,1.0
23077,15,45,0,1.0
21085,15,45,0,1.0
84313A,15,45,0,1.0
23133,15,45,0,1.0
47505,15,45,0,1.0
23174,15,45,0,1.0
21282,15,45,0,0.9987416518200394
21931,15,45,0,1.0
22365,15,45,0,1.0
82582,15,45,0,0.9999813099509294
21519,15,45,0,1.0
84884A,15,45,0,1.0
21672,15,45,0,1.0
21259,15,45,0,1.0
20724,15,45,0,1.0
90023,15,45,0,1.0
20725,15,45,0,1.0
22286,15,45,0,0.999885513248138
23224,15,45,0,1.0
90162D,15,45,0,1.0
85064,15,45,0,1.0
22077,15,45,0,1.0
35637C,15,45,0,1.0
23047,15,45,0,0.9857611178613153
22120,15,45,0,1.0
20727,15,45,0,1.0
21578,15,45,0,1.0
23231,15,45,0,1.0
22993,15,45,0,1.0
90042C,15,45,0,1.0
77101A,15,45,0,1.0
23109,15,45,0,1.0
84970S,15,45,0,1.0
20977,15,45,0,1.0
22027,15,45,0,1.0
21756,15,45,0,1.0
22028,15,45,0,1.0
20671,15,45,0,1.0
20975,15,45,0,1.0
22297,15,45,0,1.0
21652,15,45,0,1.0
90003C,15,45,0,0.9986577196323396
22902,15,45,0,1.0
22846,15,45,0,1.0
44234,15,45,0,1.0
22554,15,45,0,1.0
20663,15,45,0,0.9998680727793461
21768,15,45,0,1.0
22157,15,45,0,1.0
22107,15,45,0,0.9994480015171734
90123A,15,45,0,0.9881795749422908
23245,15,45,0,1.0
20762,15,45,0,1.0
23145,15,45,0,1.0
90194,15,60,0,1.0
23204,15,60,0,1.0
21930,15,60,0,1.0
84564,15,60,0,1.0
22894,15,60,0,0.9993820723297328
20692,15,60,0,1.0
90035A,15,60,0,0.9696887686062247
51008,15,60,0,0.9999973520253789
84510F,15,60,0,1.0
23192,15,60,0,1.0
37506,15,60,0,1.0
22597,15,60,0,1.0
90182C,15,60,0,1.0
84711A,15,60,0,1.0
84874B,15,60,0,1.0
85162C,15,60,0,1.0
90014C,15,60,0,0.9880301681631567
21824,15,60,0,1.0
84816,15,60,0,0.9891982434351103
90064B,15,60,0,0.9919856744317507
22274,15,60,0,1.0
47568,15,60,0,1.0
21651,15,60,0,1.0
35265,15,60,0,1.0
90124A,15,60,0,1.0
90065B,15,60,0,1.0
90011A,15,60,0,0.9781409388987197
90024D,15,60,0,0.9729164051914202
47590B,15,60,0,1.0
22361,15,60,0,1.0
23322,15,60,0,1.0
23201,15,60,0,1.0
84906,15,60,0,1.0
84563B,15,60,0,1.0
85135C,15,60,0,0.999638258819116
21471,15,60,0,1.0
85015,15,60,0,0.9998387757738941
22745,15,60,0,1.0
20894,15,60,0,1.0
90016B,15,60,0,1.0
16156L,15,60,0,0.9997683820567682
79323S,15,60,0,1.0
85099B,15,60,0,1.0
22487,15,60,0,1.0
22349,15,60,0,1.0
84199,15,60,0,1.0
23240,15,60,0,1.0
23307,15,60,0,1.0
22371,15,60,0,1.0
90054,15,60,0,0.9858122798465495
22070,15,60,0,1.0
21801,15,60,0,1.0
23000,15,60,0,1.0
23184,15,60,0,1.0
21115,15,60,0,1.0
21277,15,60,0,0.9964316344666507
21529,15,60,0,1.0
90003E,15,60,0,0.9910702080504687
84251F,15,60,0,1.0
20836,15,60,0,1.0
84595E,15,60,0,0.9995517811695181
37489A,15,60,0,0.995860065584751
23147,15,60,0,1.0
21274,15,60,0,1.0
82482,15,60,0,1.0
21918,15,60,0,1.0
23077,15,60,0,1.0
21085,15,60,0,1.0
84313A,15,60,0,1.0
23133,15,60,0,1.0
47505,15,60,0,1.0
23174,15,60,0,0.999949437399015
21282,15,60,0,1.0
21931,15,60,0,1.0
22365,15,60,0,0.9998246251358527
82582,15,60,0,0.9999896989226711
21519,15,60,0,1.0
84884A,15,60,0,0.9999420285591304
21672,15,60,0,1.0
21259,15,60,0,1.0
20724,15,60,0,1.0
90023,15,60,0,1.0
20725,15,60,0,1.0
22286,15,60,0,0.9998909175772824
23224,15,60,0,1.0
90162D,15,60,0,1.0
85064,15,60,0,1.0
22077,15,60,0,1.0
35637C,15,60,0,1.0
23047,15,60,0,0.9960537823519848
22120,15,60,0,1.0
20727,15,60,0,1.0
21578,15,60,0,1.0
23231,15,60,0,1.0
22993,15,60,0,1.0
90042C,15,60,0,1.0
77101A,15,60,0,1.0
23109,15,60,0,1.0
84970S,15,60,0,1.0
20977,15,60,0,1.0
22027,15,60,0,1.0
21756,15,60,0,1.0
22028,15,60,0,1.0
20671,15,60,0,1.0
20975,15,60,0,1.0
22297,15,60,0,1.0
21652,15,60,0,1.0
90003C,15,60,0,0.9918923880254021
22902,15,60,0,1.0
22846,15,60,0,1.0
44234,15,60,0,1.0
22554,15,60,0,1.0
20663,15,60,0,0.999987754421421
21768,15,60,0,1.0
22157,15,60,0,1.0
22107,15,60,0,0.9996286102835181
90123A,15,60,0,0.980629419799897
23245,15,60,0,1.0
20762,15,60,0,1.0
23145,15,60,0,1.0
90194,15,80,0,1.0
23204,15,80,0,1.0
21930,15,80,0,1.0
84564,15,80,0,1.0
22894,15,80,0,0.9998347393912184
20692,15,80,0,1.0
90035A,15,80,0,0.9696887686062247
51008,15,80,0,1.0
84510F,15,80,0,1.0
23192,15,80,0,1.0
37506,15,80,0,1.0
22597,15,80,0,1.0
90182C,15,80,0,1.0
84711A,15,80,0,1.0
84874B,15,80,0,1.0
85162C,15,80,0,1.0
90014C,15,80,0,1.0
21824,15,80,0,1.0
84816,15,80,0,0.9870032262181843
90064B,15,80,0,1.0
22274,15,80,0,1.0
47568,15,80,0,1.0
21651,15,80,0,1.0
35265,15,80,0,1.0
90124A,15,80,0,1.0
90065B,15,80,0,1.0
90011A,15,80,0,0.9645414995350896
90024D,15,80,0,0.9996621285509922
47590B,15,80,0,1.0
22361,15,80,0,1.0
23322,15,80,0,1.0
23201,15,80,0,1.0
84906,15,80,0,1.0
84563B,15,80,0,1.0
85135C,15,80,0,0.999638258819116
21471,15,80,0,1.0
85015,15,80,0,1.0
22745,15,80,0,1.0
20894,15,80,0,1.0
90016B,15,80,0,1.0
16156L,15,80,0,1.0
79323S,15,80,0,1.0
85099B,15,80,0,1.0
22487,15,80,0,0.9997915515442793
22349,15,80,0,1.0
84199,15,80,0,1.0
23240,15,80,0,1.0
23307,15,80,0,1.0
22371,15,80,0,1.0
90054,15,80,0,1.0
22070,15,80,0,1.0
21801,15,80,0,1.0
23000,15,80,0,1.0
23184,15,80,0,1.0
21115,15,80,0,1.0
21277,15,80,0,0.9883282666777349
21529,15,80,0,1.0
90003E,15,80,0,1.0
84251F,15,80,0,1.0
20836,15,80,0,1.0
84595E,15,80,0,0.9997544764635103
37489A,15,80,0,1.0
23147,15,80,0,1.0
21274,15,80,0,1.0
82482,15,80,0,1.0
21918,15,80,0,1.0
23077,15,80,0,1.0
21085,15,80,0,1.0
84313A,15,80,0,1.0
23133,15,80,0,1.0
47505,15,80,0,1.0
23174,15,80,0,1.0
21282,15,80,0,0.9993133995755815
21931,15,80,0,1.0
22365,15,80,0,1.0
82582,15,80,0,1.0
21519,15,80,0,1.0
84884A,15,80,0,1.0
21672,15,80,0,1.0
21259,15,80,0,1.0
20724,15,80,0,1.0
90023,15,80,0,1.0
20725,15,80,0,1.0
22286,15,80,0,0.9998451211211778
23224,15,80,0,1.0
90162D,15,80,0,1.0
85064,15,80,0,0.9999115544209884
22077,15,80,0,1.0
35637C,15,80,0,1.0
23047,15,80,0,1.0
22120,15,80,0,1.0
20727,15,80,0,1.0
21578,15,80,0,1.0
23231,15,80,0,1.0
22993,15,80,0,1.0
90042C,15,80,0,1.0
77101A,15,80,0,1.0
23109,15,80,0,1.0
84970S,15,80,0,1.0
20977,15,80,0,1.0
22027,15,80,0,1.0
21756,15,80,0,1.0
22028,15,80,0,1.0
20671,15,80,0,1.0
20975,15,80,0,0.9999737977240217
22297,15,80,0,1.0
21652,15,80,0,1.0
90003C,15,80,0,0.9917544693228959
22902,15,80,0,1.0
22846,15,80,0,1.0
44234,15,80,0,1.0
22554,15,80,0,1.0
20663,15,80,0,1.0
21768,15,80,0,1.0
22157,15,80,0,1.0
22107,15,80,0,0.9998776803111659
90123A,15,80,0,0.9786886192041212
23245,15,80,0,1.0
20762,15,80,0,1.0
23145,15,80,0,1.0
90194,15,100,0,1.0
23204,15,100,0,1.0
21930,15,100,0,1.0
84564,15,100,0,1.0
22894,15,100,0,0.9999894118426175
20692,15,100,0,1.0
90035A,15,100,0,0.9696887686062247
51008,15,100,0,1.0
84510F,15,100,0,1.0
23192,15,100,0,1.0
37506,15,100,0,1.0
22597,15,100,0,1.0
90182C,15,100,0,1.0
84711A,15,100,0,1.0
84874B,15,100,0,1.0
85162C,15,100,0,1.0
90014C,15,100,0,0.994069269525959
21824,15,100,0,1.0
84816,15,100,0,1.0
90064B,15,100,0,0.9966996456367329
22274,15,100,0,1.0
47568,15,100,0,1.0
21651,15,100,0,1.0
35265,15,100,0,1.0
90124A,15,100,0,1.0
90065B,15,100,0,1.0
90011A,15,100,0,0.9781409388987197
90024D,15,100,0,0.9710323091976305
47590B,15,100,0,1.0
22361,15,100,0,1.0
23322,15,100,0,1.0
23201,15,100,0,1.0
84906,15,100,0,1.0
84563B,15,100,0,1.0
85135C,15,100,0,0.999638258819116
21471,15,100,0,1.0
85015,15,100,0,0.9999361877793007
22745,15,100,0,1.0
20894,15,100,0,1.0
90016B,15,100,0,1.0
16156L,15,100,0,1.0
79323S,15,100,0,1.0
85099B,15,100,0,1.0
22487,15,100,0,1.0
22349,15,100,0,1.0
84199,15,100,0,1.0
23240,15,100,0,1.0
23307,15,100,0,1.0
22371,15,100,0,1.0
90054,15,100,0,0.9929515334070532
22070,15,100,0,1.0
21801,15,100,0,1.0
23000,15,100,0,1.0
23184,15,100,0,1.0
21115,15,100,0,1.0
21277,15,100,0,1.0
21529,15,100,0,1.0
90003E,15,100,0,1.0
84251F,15,100,0,1.0
20836,15,100,0,1.0
84595E,15,100,0,1.0
37489A,15,100,0,0.9961794414108917
23147,15,100,0,1.0
21274,15,100,0,1.0
82482,15,100,0,1.0
21918,15,100,0,1.0
23077,15,100,0,1.0
21085,15,100,0,1.0
84313A,15,100,0,1.0
23133,15,100,0,1.0
47505,15,100,0,1.0
23174,15,100,0,1.0
21282,15,100,0,1.0
21931,15,100,0,1.0
22365,15,100,0,1.0
82582,15,100,0,1.0
21519,15,100,0,1.0
84884A,15,100,0,0.9999543952740214
21672,15,100,0,1.0
21259,15,100,0,1.0
20724,15,100,0,1.0
90023,15,100,0,1.0
20725,15,100,0,1.0
22286,15,100,0,1.0
23224,15,100,0,1.0
90162D,15,100,0,1.0
85064,15,100,0,1.0
22077,15,100,0,1.0
35637C,15,100,0,1.0
23047,15,100,0,1.0
22120,15,100,0,1.0
20727,15,100,0,1.0
21578,15,100,0,1.0
23231,15,100,0,1.0
22993,15,100,0,1.0
90042C,15,100,0,1.0
77101A,15,100,0,1.0
23109,15,100,0,1.0
84970S,15,100,0,1.0
20977,15,100,0,1.0
22027,15,100,0,1.0
21756,15,100,0,1.0
22028,15,100,0,1.0
20671,15,100,0,1.0
20975,15,100,0,0.9999872211400703
22297,15,100,0,1.0
21652,15,100,0,0.9993680618089648
90003C,15,100,0,0.9969009406874109
22902,15,100,0,1.0
22846,15,100,0,1.0
44234,15,100,0,1.0
22554,15,100,0,1.0
20663,15,100,0,1.0
21768,15,100,0,1.0
22157,15,100,0,1.0
22107,15,100,0,1.0
90123A,15,100,0,0.9815553028278263
23245,15,100,0,1.0
20762,15,100,0,1.0
23145,15,100,0,1.0
90194,15,120,0,1.0
23204,15,120,0,1.0
21930,15,120,0,1.0
84564,15,120,0,1.0
22894,15,120,0,0.9999700187210256
20692,15,120,0,1.0
90035A,15,120,0,0.9696887686062247
51008,15,120,0,1.0
84510F,15,120,0,1.0
23192,15,120,0,1.0
37506,15,120,0,1.0
22597,15,120,0,1.0
90182C,15,120,0,1.0
84711A,15,120,0,0.9907788161957237
84874B,15,120,0,1.0
85162C,15,120,0,1.0
90014C,15,120,0,1.0
21824,15,120,0,1.0
84816,15,120,0,1.0
90064B,15,120,0,1.0
22274,15,120,0,1.0
47568,15,120,0,1.0
21651,15,120,0,1.0
35265,15,120,0,1.0
90124A,15,120,0,1.0
90065B,15,120,0,1.0
90011A,15,120,0,0.9781409388987197
90024D,15,120,0,1.0
47590B,15,120,0,1.0
22361,15,120,0,1.0
23322,15,120,0,1.0
23201,15,120,0,1.0
84906,15,120,0,1.0
84563B,15,120,0,1.0
85135C,15,120,0,0.999638258819116
21471,15,120,0,1.0
85015,15,120,0,1.0
22745,15,120,0,1.0
20894,15,120,0,1.0
90016B,15,120,0,1.0
16156L,15,120,0,1.0
79323S,15,120,0,1.0
85099B,15,120,0,1.0
22487,15,120,0,1.0
22349,15,120,0,0.9998248167945697
84199,15,120,0,1.0
23240,15,120,0,1.0
23307,15,120,0,1.0
22371,15,120,0,1.0
90054,15,120,0,1.0
22070,15,120,0,1.0
21801,15,120,0,0.9999620097565219
23000,15,120,0,1.0
23184,15,120,0,1.0
21115,15,120,0,1.0
21277,15,120,0,0.9925819618150383
21529,15,120,0,1.0
90003E,15,120,0,0.978442981988024
84251F,15,120,0,1.0
20836,15,120,0,1.0
84595E,15,120,0,1.0
37489A,15,120,0,0.9982444313586281
23147,15,120,0,1.0
21274,15,120,0,1.0
82482,15,120,0,1.0
21918,15,120,0,1.0
23077,15,120,0,1.0
21085,15,120,0,1.0
84313A,15,120,0,1.0
23133,15,120,0,1.0
47505,15,120,0,1.0
23174,15,120,0,1.0
21282,15,120,0,1.0
21931,15,120,0,1.0
22365,15,120,0,1.0
82582,15,120,0,0.9999692161728225
21519,15,120,0,1.0
84884A,15,120,0,1.0
21672,15,120,0,1.0
21259,15,120,0,1.0
20724,15,120,0,1.0
90023,15,120,0,1.0
20725,15,120,0,1.0
22286,15,120,0,1.0
23224,15,120,0,1.0
90162D,15,120,0,1.0
85064,15,120,0,0.9999369655203829
22077,15,120,0,1.0
35637C,15,120,0,1.0
23047,15,120,0,0.9986741875854526
22120,15,120,0,1.0
20727,15,120,0,1.0
21578,15,120,0,1.0
23231,15,120,0,1.0
22993,15,120,0,1.0
90042C,15,120,0,1.0
77101A,15,120,0,1.0
23109,15,120,0,1.0
84970S,15,120,0,1.0
20977,15,120,0,1.0
22027,15,120,0,1.0
21756,15,120,0,1.0
22028,15,120,0,1.0
20671,15,120,0,1.0
20975,15,120,0,1.0
22297,15,120,0,1.0
21652,15,120,0,1.0
90003C,15,120,0,0.9897352533565834
22902,15,120,0,1.0
22846,15,120,0,1.0
44234,15,120,0,1.0
22554,15,120,0,1.0
20663,15,120,0,1.0
21768,15,120,0,1.0
22157,15,120,0,1.0
22107,15,120,0,0.9999722551186042
90123A,15,120,0,0.9795339235771097
23245,15,120,0,1.0
20762,15,120,0,1.0
23145,15,120,0,1.0
90194,30,15,15,0.6785714285714286
23204,30,15,15,0.7153707400957948
21930,30,15,15,0.7207674390856984
84564,30,15,15,1.0
22894,30,15,15,0.642530949346473
20692,30,15,15,0.7862622581392966
90035A,30,15,15,0.6363554352728913
51008,30,15,15,0.7690721135419681
84510F,30,15,15,0.03254423958077546
23192,30,15,15,0.6489648920079651
37506,30,15,15,0.7062095925424747
22597,30,15,15,0.6493715137164564
90182C,30,15,15,0.5600360847992782
84711A,30,15,15,0.6966416533398943
84874B,30,15,15,0.5421348865486066
85162C,30,15,15,0.6679638391906123
90014C,30,15,15,0.6437753721244925
21824,30,15,15,0.6544276880687698
84816,30,15,15,0.7241379310344828
90064B,30,15,15,0.6295669824086604
22274,30,15,15,0.8543256720608314
47568,30,15,15,0.7210643950710379
21651,30,15,15,0.7025264473553667
35265,30,15,15,0.6287981301513101
90124A,30,15,15,0.8421052631578947
90065B,30,15,15,0.878815215757029
90011A,30,15,15,0.726319350473613
90024D,30,15,15,0.5568335588633289
47590B,30,15,15,0.7405547641725292
22361,30,15,15,0.7665557661864385
23322,30,15,15,0.5958224680511357
23201,30,15,15,0.679058864795383
84906,30,15,15,0.7014925373134329
84563B,30,15,15,0.7557785185429662
85135C,30,15,15,0.6948780128351131
21471,30,15,15,0.7111332510520587
85015,30,15,15,0.8049569176167526
22745,30,15,15,0.690766503626701
20894,30,15,15,0.7237834912043302
90016B,30,15,15,0.625
16156L,30,15,15,0.709211289387203
79323S,30,15,15,1.0
85099B,30,15,15,0.6936931672082096
22487,30,15,15,0.762638700947226
22349,30,15,15,0.4773773272020876
84199,30,15,15,1.0
23240,30,15,15,0.7258245960664035
23307,30,15,15,0.69794460902544
22371,30,15,15,0.6795222672761089
90054,30,15,15,0.6666666666666667
22070,30,15,15,0.5323480308595326
21801,30,15,15,0.5977808873302898
23000,30,15,15,0.7172707328636675
23184,30,15,15,0.674419324772483
21115,30,15,15,0.7272727272727273
21277,30,15,15,0.6993287166016611
21529,30,15,15,0.747191011235955
90003E,30,15,15,0.7142857142857143
84251F,30,15,15,0.750530163795367
20836,30,15,15,0.6117320703653586
84595E,30,15,15,0.7195423589698086
37489A,30,15,15,0.6666666666666667
23147,30,15,15,0.6757078867960027
21274,30,15,15,0.7089594758208104
82482,30,15,15,0.6828085306829432
21918,30,15,15,0.7321819583748876
23077,30,15,15,0.7023523763802209
21085,30,15,15,0.9135802469135803
84313A,30,15,15,0.7333333333333334
23133,30,15,15,0.6834320243364747
47505,30,15,15,0.5274390243902439
23174,30,15,15,0.6732373580367248
21282,30,15,15,0.8472222222222222
21931,30,15,15,0.7087354236372343
22365,30,15,15,0.6878131492218392
82582,30,15,15,0.6862426035502959
21519,30,15,15,0.7027220536561729
84884A,30,15,15,0.6682327631006691
21672,30,15,15,0.6877721210154355
21259,30,15,15,0.7163094172119042
20724,30,15,15,0.7081868533421958
90023,30,15,15,0.710257104194858
20725,30,15,15,0.6969463660019775
22286,30,15,15,0.8650616226987676
23224,30,15,15,0.6382370521946086
90162D,30,15,15,0.7920613441587732
85064,30,15,15,0.6764369255933773
22077,30,15,15,0.6983241910967926
35637C,30,15,15,0.4290052553733833
23047,30,15,15,0.6775232140357427
22120,30,15,15,0.6680183279190948
20727,30,15,15,0.6813239349077469
21578,30,15,15,0.6668435013262599
23231,30,15,15,0.7073142566631143
22993,30,15,15,0.6808814634846434
90042C,30,15,15,0.5585128649448505
77101A,30,15,15,0.5196038123217881
23109,30,15,15,0.5634915312124684
84970S,30,15,15,0.7120408299222487
20977,30,15,15,0.6864637710795346
22027,30,15,15,0.6966022069266907
21756,30,15,15,0.7344135149680284
22028,30,15,15,0.7080375200128262
20671,30,15,15,0.7025543939930762
20975,30,15,15,0.7200204364996269
22297,30,15,15,0.7266616878267363
21652,30,15,15,0.7133550488599348
90003C,30,15,15,0.7205526009377852
22902,30,15,15,0.6652495658237016
22846,30,15,15,0.6940076390720059
44234,30,15,15,0.6542682507281943
22554,30,15,15,0.6757756337504596
20663,30,15,15,0.5308139519841033
21768,30,15,15,0.4818675598683523
22157,30,15,15,0.6329442282749675
22107,30,15,15,0.6751829004493551
90123A,30,15,15,0.664650163177585
23245,30,15,15,0.6930942268365581
20762,30,15,15,0.9303588041271991
23145,30,15,15,0.6892711788249412
90194,30,30,0,0.8096895950421297
23204,30,30,0,0.8315509837381163
21930,30,30,0,0.8289866113235954
84564,30,30,0,1.0
22894,30,30,0,0.797592688968258
20692,30,30,0,0.8639515011671851
90035A,30,30,0,0.7696887686062246
51008,30,30,0,0.8339513101887237
84510F,30,30,0,0.03553787438921896
23192,30,30,0,0.8289432517130907
37506,30,30,0,0.7947228571035364
22597,30,30,0,0.7965148950807359
90182C,30,30,0,0.7901405749011461
84711A,30,30,0,0.8251475913675447
84874B,30,30,0,0.782608695652174
85162C,30,30,0,0.8074312082847366
90014C,30,30,0,0.7440798376184032
21824,30,30,0,0.7607976824307501
84816,30,30,0,0.8372276990039832
90064B,30,30,0,0.8403247631935047
22274,30,30,0,0.8954593305662606
47568,30,30,0,0.8487063782943016
21651,30,30,0,0.7903806497237948
35265,30,30,0,0.7852519724338375
90124A,30,30,0,0.9102088999117075
90065B,30,30,0,0.8989625620207486
90011A,30,30,0,0.8219440685611186
90024D,30,30,0,0.8001825632428412
47590B,30,30,0,0.895072279760853
22361,30,30,0,0.8538815567079857
23322,30,30,0,0.8109623522336145
23201,30,30,0,0.8230937263166814
84906,30,30,0,0.7667734130834358
84563B,30,30,0,0.82664941345707
85135C,30,30,0,0.8268507427480444
21471,30,30,0,0.8334842051444167
85015,30,30,0,0.9331757035090696
22745,30,30,0,0.8248360804150316
20894,30,30,0,0.8116892523788134
90016B,30,30,0,0.7742786026297352
16156L,30,30,0,0.8140718960900808
79323S,30,30,0,1.0
85099B,30,30,0,0.8418913775780283
22487,30,30,0,0.8476222240867852
22349,30,30,0,0.5603580731393301
84199,30,30,0,1.0
23240,30,30,0,0.8289779264754535
23307,30,30,0,0.8476041661005003
22371,30,30,0,0.8324990757201838
90054,30,30,0,0.8593363819328682
22070,30,30,0,0.6633584473237684
21801,30,30,0,0.803988439047523
23000,30,30,0,0.8216910905505878
23184,30,30,0,0.8257482182896946
21115,30,30,0,0.7880237006541575
21277,30,30,0,0.8426674701083304
21529,30,30,0,0.7899156409684913
90003E,30,30,0,0.7854091545947797
84251F,30,30,0,0.8608470384581755
20836,30,30,0,0.8004853359811326
84595E,30,30,0,0.8875361705582293
37489A,30,30,0,0.8291797425653616
23147,30,30,0,0.8242996832041827
21274,30,30,0,0.8473207646370131
82482,30,30,0,0.8395195163654363
21918,30,30,0,0.8338431498988657
23077,30,30,0,0.8253718049269128
21085,30,30,0,1.0
84313A,30,30,0,0.8221861550728327
23133,30,30,0,0.7823277733529524
47505,30,30,0,0.8322995349170033
23174,30,30,0,0.8819414831907706
21282,30,30,0,0.9119493309276803
21931,30,30,0,0.8417608420512679
22365,30,30,0,0.8199808972827259
82582,30,30,0,0.8345670234533167
21519,30,30,0,0.8355209595186357
84884A,30,30,0,0.8738125530052868
21672,30,30,0,0.8370479209049928
21259,30,30,0,0.8529226885236095
20724,30,30,0,0.8376309184326909
90023,30,30,0,0.8162617504836489
20725,30,30,0,0.8414718165512138
22286,30,30,0,0.9735321766502534
23224,30,30,0,0.8781861315345849
90162D,30,30,0,0.8352342290096013
85064,30,30,0,0.7414733137752063
22077,30,30,0,0.8462037441696456
35637C,30,30,0,0.8390488276332514
23047,30,30,0,0.8099213614729213
22120,30,30,0,0.8290291451948644
20727,30,30,0,0.8217853157158956
21578,30,30,0,0.8326181259364729
23231,30,30,0,0.8380177229107378
22993,30,30,0,0.827299519434826
90042C,30,30,0,0.5800955987578003
77101A,30,30,0,0.6623396811788835
23109,30,30,0,0.7985107755827575
84970S,30,30,0,0.8440557727717345
20977,30,30,0,0.852444532429783
22027,30,30,0,0.8337233055928588
21756,30,30,0,0.8380770531070105
22028,30,30,0,0.816446743046903
20671,30,30,0,0.8195110542076994
20975,30,30,0,0.8373931068142156
22297,30,30,0,0.8506099891304877
21652,30,30,0,0.8500137849884827
90003C,30,30,0,0.8391998764087674
22902,30,30,0,0.8456385424647457
22846,30,30,0,0.8360729909216341
44234,30,30,0,0.6126005582032418
22554,30,30,0,0.8343670771997993
20663,30,30,0,0.5396393762435413
21768,30,30,0,0.7499961332359555
22157,30,30,0,0.8506262834065517
22107,30,30,0,0.8257274320346081
90123A,30,30,0,0.7267038711848659
23245,30,30,0,0.8454773402587994
20762,30,30,0,0.9731407942279137
23145,30,30,0,0.8432303433659292
90194,30,45,0,0.8869062006298182
23204,30,45,0,0.9961482677344344
21930,30,45,0,0.995295630896475
84564,30,45,0,1.0
22894,30,45,0,0.995376146870776
20692,30,45,0,0.9894411522933831
90035A,30,45,0,0.9080869405347947
51008,30,45,0,0.997407704075068
84510F,30,45,0,0.9992619229748166
23192,30,45,0,0.971361002363409
37506,30,45,0,0.931768602611396
22597,30,45,0,0.9861519043309784
90182C,30,45,0,0.9833320392771844
84711A,30,45,0,0.9565291097255633
84874B,30,45,0,0.9589628652564139
85162C,30,45,0,1.0
90014C,30,45,0,0.9167611155576731
21824,30,45,0,0.9961967138886019
84816,30,45,0,0.9434812906030283
90064B,30,45,0,0.9514089030060393
22274,30,45,0,0.9912078197368202
47568,30,45,0,0.9911996457691338
21651,30,45,0,0.9953410951398716
35265,30,45,0,0.9813109786619508
90124A,30,45,0,0.9138552223884056
90065B,30,45,0,1.0
90011A,30,45,0,0.9129476261024798
90024D,30,45,0,0.9147738855932122
47590B,30,45,0,0.9877378602332296
22361,30,45,0,0.9883317723542477
23322,30,45,0,0.9987094243898397
23201,30,45,0,0.9980009753798634
84906,30,45,0,0.8946338594101032
84563B,30,45,0,0.9681220128843906
85135C,30,45,0,0.9855402166074055
21471,30,45,0,0.9837477800273051
85015,30,45,0,0.988837864296565
22745,30,45,0,0.998321063832067
20894,30,45,0,0.9899587623151156
90016B,30,45,0,0.949406262638258
16156L,30,45,0,0.9872235895007719
79323S,30,45,0,1.0
85099B,30,45,0,0.9947504305115676
22487,30,45,0,0.9951990958688038
22349,30,45,0,0.9641604865745953
84199,30,45,0,1.0
23240,30,45,0,0.9951587286604691
23307,30,45,0,0.9908263835636217
22371,30,45,0,0.9950683417119772
90054,30,45,0,0.9385062161505868
22070,30,45,0,0.9956240189594835
21801,30,45,0,0.9877251280736895
23000,30,45,0,0.9952379962955251
23184,30,45,0,0.9903941085991163
21115,30,45,0,0.9927374525804966
21277,30,45,0,0.9609912310096616
21529,30,45,0,0.9920478786038414
90003E,30,45,0,0.9567498190463197
84251F,30,45,0,0.9757693246836358
20836,30,45,0,0.9497624876985524
84595E,30,45,0,0.9433385841024684
37489A,30,45,0,0.9774650812521608
23147,30,45,0,0.9965585573134177
21274,30,45,0,0.9886810306200311
82482,30,45,0,0.9935079938456001
21918,30,45,0,0.9928601652105309
23077,30,45,0,0.9964916789957742
21085,30,45,0,1.0
84313A,30,45,0,0.9696793415445982
23133,30,45,0,0.9927450109325633
47505,30,45,0,0.9650036871748621
23174,30,45,0,0.9563738348979458
21282,30,45,0,0.9985287263470997
21931,30,45,0,0.9941046316247983
22365,30,45,0,0.9738876813569469
82582,30,45,0,0.9967168343655637
21519,30,45,0,0.9911667064708264
84884A,30,45,0,0.9728008360813012
21672,30,45,0,0.9881826900204973
21259,30,45,0,0.985304402946068
20724,30,45,0,0.9925486769928047
90023,30,45,0,0.9387837972543783
20725,30,45,0,0.9940665764158348
22286,30,45,0,0.9866016590948684
23224,30,45,0,0.9935312479135728
90162D,30,45,0,0.9553607106766012
85064,30,45,0,0.9477439515227413
22077,30,45,0,0.9938733269766625
35637C,30,45,0,0.862428709439948
23047,30,45,0,0.986687482620553
22120,30,45,0,0.9935787191567627
20727,30,45,0,0.9875346321139139
21578,30,45,0,0.9816865838623127
23231,30,45,0,0.9917549545722782
22993,30,45,0,0.9954462440092039
90042C,30,45,0,0.9843374614047331
77101A,30,45,0,0.9794914764892948
23109,30,45,0,0.9949166959612797
84970S,30,45,0,0.9897482212475738
20977,30,45,0,0.9975234280019002
22027,30,45,0,0.9971854935382013
21756,30,45,0,0.9930376572664777
22028,30,45,0,0.9952631716676323
20671,30,45,0,0.9744402287753458
20975,30,45,0,0.9970144138780432
22297,30,45,0,0.9917721716575202
21652,30,45,0,0.9938347405753994
90003C,30,45,0,0.9659174725724117
22902,30,45,0,0.987334035059672
22846,30,45,0,0.9941200258845694
44234,30,45,0,0.9652901670505294
22554,30,45,0,0.9829986719803419
20663,30,45,0,0.8504131111892922
21768,30,45,0,0.984405138854009
22157,30,45,0,0.9911655717585386
22107,30,45,0,0.9870110987140747
90123A,30,45,0,0.932900514915598
23245,30,45,0,0.9962749432682015
20762,30,45,0,0.997679751789721
23145,30,45,0,0.9947705773548755
90194,30,60,0,0.8840446214044738
23204,30,60,0,0.9982148869413116
21930,30,60,0,0.9968182823598902
84564,30,60,0,1.0
22894,30,60,0,0.9938091639167511
20692,30,60,0,0.9748411579095029
90035A,30,60,0,0.9379040862607727
51008,30,60,0,0.998832091687466
84510F,30,60,0,0.99949532655445
23192,30,60,0,0.9925766247934618
37506,30,60,0,0.965674030515565
22597,30,60,0,0.9955963738443955
90182C,30,60,0,0.9667702349629533
84711A,30,60,0,0.9841616878257624
84874B,30,60,0,0.9667204678168241
85162C,30,60,0,1.0
90014C,30,60,0,0.8963967652626355
21824,30,60,0,0.9874859399217142
84816,30,60,0,0.9498545461164798
90064B,30,60,0,0.9056197303169548
22274,30,60,0,0.9928646259349527
47568,30,60,0,0.9960341929702867
21651,30,60,0,0.986147515442926
35265,30,60,0,0.9359714512851818
90124A,30,60,0,0.9232964847246169
90065B,30,60,0,1.0
90011A,30,60,0,0.9520398197769759
90024D,30,60,0,0.9429567560441574
47590B,30,60,0,0.9980925429460745
22361,30,60,0,0.9958723220820022
23322,30,60,0,0.9943644731734321
23201,30,60,0,0.9946003133794439
84906,30,60,0,0.9461284913567718
84563B,30,60,0,0.9845614847344109
85135C,30,60,0,0.9877335727276545
21471,30,60,0,0.9928450992681053
85015,30,60,0,0.9889435803485627
22745,30,60,0,0.9947790482263458
20894,30,60,0,0.988126880114256
90016B,30,60,0,0.9400758411384882
16156L,30,60,0,0.9563988199190505
79323S,30,60,0,1.0
85099B,30,60,0,0.996792262120694
22487,30,60,0,0.9962667512833179
22349,30,60,0,0.9976189605045951
84199,30,60,0,1.0
23240,30,60,0,0.9959057138722809
23307,30,60,0,0.991841919633721
22371,30,60,0,0.9872986723249301
90054,30,60,0,0.9884118974751354
22070,30,60,0,0.990036411918571
21801,30,60,0,0.982698283171252
23000,30,60,0,0.9868382663557838
23184,30,60,0,0.9976439103685361
21115,30,60,0,0.9946566196205315
21277,30,60,0,0.9668770596875425
21529,30,60,0,0.9943732258666059
90003E,30,60,0,0.9665649350117987
84251F,30,60,0,0.989815110344578
20836,30,60,0,0.9554835685815546
84595E,30,60,0,0.9254319922853453
37489A,30,60,0,0.9993341140897375
23147,30,60,0,0.9969208796224569
21274,30,60,0,0.9942745716397574
82482,30,60,0,0.9954307157930739
21918,30,60,0,0.9961691588110874
23077,30,60,0,0.990491498014499
21085,30,60,0,1.0
84313A,30,60,0,0.9779467374683317
23133,30,60,0,0.9862921845175526
47505,30,60,0,0.9936454273846466
23174,30,60,0,0.9877510597870167
21282,30,60,0,1.0
21931,30,60,0,0.9970530890335274
22365,30,60,0,0.9928045850328675
82582,30,60,0,0.9987545508759653
21519,30,60,0,0.992964707351417
84884A,30,60,0,0.9974495060221766
21672,30,60,0,0.9972236867345243
21259,30,60,0,0.9913476102072484
20724,30,60,0,0.9936110077510238
90023,30,60,0,0.9974388222578086
20725,30,60,0,0.9950423069316598
22286,30,60,0,0.9720789629150604
23224,30,60,0,0.9788496868934542
90162D,30,60,0,0.9540799840834691
85064,30,60,0,0.9985318794261383
22077,30,60,0,0.998520008851459
35637C,30,60,0,0.9433123763249395
23047,30,60,0,0.9910109089613685
22120,30,60,0,0.9979088651591769
20727,30,60,0,0.9983533492927193
21578,30,60,0,0.981714129680722
23231,30,60,0,0.9940485660265148
22993,30,60,0,0.990454111931955
90042C,30,60,0,0.891279612323517
77101A,30,60,0,0.9351275930613032
23109,30,60,0,0.9884425876472684
84970S,30,60,0,0.9943227290766342
20977,30,60,0,0.9899136212557643
22027,30,60,0,0.9991175797962474
21756,30,60,0,0.9985290029057761
22028,30,60,0,0.990631152143637
20671,30,60,0,0.9953999033045312
20975,30,60,0,0.9976281600128797
22297,30,60,0,0.9987112360364513
21652,30,60,0,0.9796034767306344
90003C,30,60,0,0.9832793766112816
22902,30,60,0,0.9916549249595777
22846,30,60,0,0.9886774337301322
44234,30,60,0,0.9112101922400218
22554,30,60,0,0.9958671726962164
20663,30,60,0,0.9995839882352968
21768,30,60,0,0.9396642680600492
22157,30,60,0,0.9966188051649002
22107,30,60,0,0.9882428376967421
90123A,30,60,0,0.9578660053027859
23245,30,60,0,0.9990527738045768
20762,30,60,0,0.9926212348935881
23145,30,60,0,0.9959253561980695
90194,30,80,0,0.9596564004619763
23204,30,80,0,0.9943754494196279
21930,30,80,0,0.9964935972471496
84564,30,80,0,1.0
22894,30,80,0,0.9960136734171575
20692,30,80,0,0.9970028356850628
90035A,30,80,0,0.877232533169366
51008,30,80,0,0.944654517938222
84510F,30,80,0,1.0
23192,30,80,0,0.9924871472501153
37506,30,80,0,0.988044361106998
22597,30,80,0,0.9917906214861069
90182C,30,80,0,0.9779899450038962
84711A,30,80,0,0.9357472101392997
84874B,30,80,0,0.9734401082503215
85162C,30,80,0,0.9800992319863475
90014C,30,80,0,0.9834598532606496
21824,30,80,0,0.9873576773217692
84816,30,80,0,0.9543309299796995
90064B,30,80,0,0.961042449893967
22274,30,80,0,0.9876073166936767
47568,30,80,0,1.0
21651,30,80,0,0.982592250580902
35265,30,80,0,0.9813020788104876
90124A,30,80,0,0.9370443305938614
90065B,30,80,0,0.9574498748450591
90011A,30,80,0,0.9534921100871656
90024D,30,80,0,0.982789306200295
47590B,30,80,0,0.9953203465828083
22361,30,80,0,0.9921251729564549
23322,30,80,0,0.9995723859565925
23201,30,80,0,0.992824425191654
84906,30,80,0,0.9612757038149313
84563B,30,80,0,0.974990179028134
85135C,30,80,0,0.9839994819358002
21471,30,80,0,0.9923888794891403
85015,30,80,0,0.9975011140369066
22745,30,80,0,0.9980170947117644
20894,30,80,0,0.9908480450130649
90016B,30,80,0,0.8978509389055869
16156L,30,80,0,0.9758368926846552
79323S,30,80,0,1.0
85099B,30,80,0,0.9986680067053126
22487,30,80,0,0.9971283848606286
22349,30,80,0,0.8871797307484288
84199,30,80,0,1.0
23240,30,80,0,0.9933773648778469
23307,30,80,0,0.9959577151136396
22371,30,80,0,0.998433991522234
90054,30,80,0,0.9718615431478524
22070,30,80,0,0.9913695012491132
21801,30,80,0,0.9884378258668425
23000,30,80,0,0.9909870155350914
23184,30,80,0,0.9888948164445719
21115,30,80,0,0.9903094521177632
21277,30,80,0,0.946302514397995
21529,30,80,0,1.0
90003E,30,80,0,0.9765623219587952
84251F,30,80,0,0.9848979234283831
20836,30,80,0,0.9764318044718132
84595E,30,80,0,0.9596878555362609
37489A,30,80,0,0.961295140038007
23147,30,80,0,0.9904863862853176
21274,30,80,0,0.9950123980770887
82482,30,80,0,0.997767036275424
21918,30,80,0,0.9939900394648971
23077,30,80,0,0.9942889391133595
21085,30,80,0,1.0
84313A,30,80,0,0.9658273038706336
23133,30,80,0,0.9946408709487319
47505,30,80,0,0.9920193607835268
23174,30,80,0,0.95641539880676
21282,30,80,0,0.9861549641657895
21931,30,80,0,0.9959378064756801
22365,30,80,0,0.9883866777236208
82582,30,80,0,0.9943473772273952
21519,30,80,0,0.9972363338437653
84884A,30,80,0,0.9942280846567977
21672,30,80,0,0.9941005251679882
21259,30,80,0,0.978314083868338
20724,30,80,0,0.9971808353267892
90023,30,80,0,0.9507744606235284
20725,30,80,0,0.9981392891953739
22286,30,80,0,0.9910570604901121
23224,30,80,0,0.9801146792439669
90162D,30,80,0,0.9446021817379475
85064,30,80,0,0.99769213580114
22077,30,80,0,0.997508817968156
35637C,30,80,0,0.9495539380071082
23047,30,80,0,0.9912419829523976
22120,30,80,0,0.9904717945299254
20727,30,80,0,0.9960566772965075
21578,30,80,0,0.9931754400775081
23231,30,80,0,0.9940852968296283
22993,30,80,0,0.9972362576479525
90042C,30,80,0,0.9438057932103561
77101A,30,80,0,0.9948753568231665
23109,30,80,0,0.9798516919690498
84970S,30,80,0,0.9973717702257672
20977,30,80,0,0.9949670608271145
22027,30,80,0,0.9831179559347065
21756,30,80,0,0.9948544873078716
22028,30,80,0,0.9965272940770216
20671,30,80,0,0.9318748822578238
20975,30,80,0,0.9869004675735467
22297,30,80,0,0.9987626013625639
21652,30,80,0,0.9932481759940481
90003C,30,80,0,0.9659169475228503
22902,30,80,0,0.9811175416415336
22846,30,80,0,0.9968905826384051
44234,30,80,0,0.9852070222909651
22554,30,80,0,0.9971047607711833
20663,30,80,0,0.9285473109159036
21768,30,80,0,0.998574310811888
22157,30,80,0,0.9789691557259524
22107,30,80,0,0.983717196493622
90123A,30,80,0,0.9133683841154056
23245,30,80,0,0.9882350533104909
20762,30,80,0,0.9973681163048465
23145,30,80,0,0.9955332784637764
90194,30,100,0,0.9313417785538403
23204,30,100,0,0.9994356712037601
21930,30,100,0,0.9940501664106993
84564,30,100,0,1.0
22894,30,100,0,0.993858201574073
20692,30,100,0,0.8859221057996195
90035A,30,100,0,0.8737954912339911
51008,30,100,0,0.9488601343924897
84510F,30,100,0,1.0
23192,30,100,0,0.9893647778573744
37506,30,100,0,0.9874425247271511
22597,30,100,0,0.9898695986872167
90182C,30,100,0,0.9718786801702615
84711A,30,100,0,0.8989305630469616
84874B,30,100,0,0.9868173131377831
85162C,30,100,0,0.9970344711048994
90014C,30,100,0,0.9386936192760107
21824,30,100,0,0.9938823196032635
84816,30,100,0,0.9763949902388201
90064B,30,100,0,0.9659613595824543
22274,30,100,0,0.9982473648337059
47568,30,100,0,0.9920609597271609
21651,30,100,0,0.9972835744589891
35265,30,100,0,0.947830379854892
90124A,30,100,0,0.9317946754084337
90065B,30,100,0,0.9915844592000488
90011A,30,100,0,0.936249939385077
90024D,30,100,0,0.9686390987403038
47590B,30,100,0,0.9890146415010418
22361,30,100,0,0.9960290608016114
23322,30,100,0,0.9957752624836498
23201,30,100,0,0.9986408810599059
84906,30,100,0,0.943629519453797
84563B,30,100,0,0.9758782025667989
85135C,30,100,0,0.9845519993221412
21471,30,100,0,0.9861673672206337
85015,30,100,0,0.9849199598417998
22745,30,100,0,0.999342067078336
20894,30,100,0,0.9926684053290784
90016B,30,100,0,0.9586561982640885
16156L,30,100,0,0.9502725362397246
79323S,30,100,0,1.0
85099B,30,100,0,0.9973882901900439
22487,30,100,0,0.9959828304774316
22349,30,100,0,0.99301829369206
84199,30,100,0,1.0
23240,30,100,0,0.9941858934023593
23307,30,100,0,0.9790005678264206
22371,30,100,0,0.994865050995691
90054,30,100,0,0.939317137792747
22070,30,100,0,0.9964957711989921
21801,30,100,0,0.9934386081937255
23000,30,100,0,0.9959733423502162
23184,30,100,0,0.994256463118039
21115,30,100,0,0.9793528228240402
21277,30,100,0,0.9480658698528359
21529,30,100,0,0.9928147545855173
90003E,30,100,0,0.9826715054656566
84251F,30,100,0,0.9848158928051712
20836,30,100,0,0.9546220915458197
84595E,30,100,0,0.9542544099218366
37489A,30,100,0,0.9384145819691824
23147,30,100,0,0.9931088828900546
21274,30,100,0,0.9983313920686178
82482,30,100,0,0.9953226523147806
21918,30,100,0,0.9901322173014451
23077,30,100,0,0.9987746140861875
21085,30,100,0,1.0
84313A,30,100,0,0.9970936884946444
23133,30,100,0,0.950001737808664
47505,30,100,0,1.0
23174,30,100,0,0.9590166007671849
21282,30,100,0,1.0
21931,30,100,0,0.9944059606369424
22365,30,100,0,0.9543477260107599
82582,30,100,0,0.9985252096044027
21519,30,100,0,0.9922881612796308
84884A,30,100,0,0.9952331126668594
21672,30,100,0,0.9902476558410429
21259,30,100,0,0.9886927443626109
20724,30,100,0,0.9950816962370806
90023,30,100,0,0.9381497976928049
20725,30,100,0,0.9945021599026398
22286,30,100,0,0.9772312346687836
23224,30,100,0,0.9937468801487443
90162D,30,100,0,0.9292449140777304
85064,30,100,0,0.9518183798411106
22077,30,100,0,0.996088545646882
35637C,30,100,0,0.950337138319121
23047,30,100,0,0.9878056315995664
22120,30,100,0,0.9940466152782205
20727,30,100,0,0.994988830132001
21578,30,100,0,0.9726985384204458
23231,30,100,0,0.9948488505937492
22993,30,100,0,0.9962823631628569
90042C,30,100,0,0.9974394182302031
77101A,30,100,0,0.9882521193183846
23109,30,100,0,0.9962272109840655
84970S,30,100,0,0.9963687078061334
20977,30,100,0,0.9844927819320618
22027,30,100,0,0.9992760328418698
21756,30,100,0,0.9909943859715702
22028,30,100,0,0.99567416910145
20671,30,100,0,0.9910513433758942
20975,30,100,0,0.996616147859421
22297,30,100,0,0.9905776331285006
21652,30,100,0,1.0
90003C,30,100,0,0.9779663020407962
22902,30,100,0,0.9794509140392417
22846,30,100,0,0.9803261293182586
44234,30,100,0,0.9930054942796994
22554,30,100,0,0.9978174145424005
20663,30,100,0,0.9063615644768137
21768,30,100,0,0.9915293683837738
22157,30,100,0,0.9901341179054175
22107,30,100,0,0.9941039485347698
90123A,30,100,0,0.9585919111698658
23245,30,100,0,0.9962141029535343
20762,30,100,0,0.9775126966065613
23145,30,100,0,1.0
90194,30,120,0,0.9431110293891091
23204,30,120,0,0.9979827569296547
21930,30,120,0,0.9958881194923266
84564,30,120,0,1.0
22894,30,120,0,0.9963673289413365
20692,30,120,0,0.9630652722579313
90035A,30,120,0,0.9896705794890232
51008,30,120,0,0.9962230889400029
84510F,30,120,0,1.0
23192,30,120,0,0.9941599150856758
37506,30,120,0,0.9940653095328582
22597,30,120,0,0.9954689438474859
90182C,30,120,0,0.9675108860320728
84711A,30,120,0,0.9237064143681748
84874B,30,120,0,0.9755902805908592
85162C,30,120,0,0.9977604453375427
90014C,30,120,0,0.938364022075845
21824,30,120,0,0.9903373269024457
84816,30,120,0,0.9122984875806629
90064B,30,120,0,0.9308250499244185
22274,30,120,0,0.9893446925906598
47568,30,120,0,0.992942626519979
21651,30,120,0,0.9986023212303156
35265,30,120,0,0.9349107847513212
90124A,30,120,0,0.900481610116964
90065B,30,120,0,0.960162651793788
90011A,30,120,0,0.8991353423761612
90024D,30,120,0,0.9326183921101875
47590B,30,120,0,0.9935028028975138
22361,30,120,0,0.9956138195792898
23322,30,120,0,0.9787342700896986
23201,30,120,0,0.9908113951183591
84906,30,120,0,0.9376710312013807
84563B,30,120,0,0.9835839376539398
85135C,30,120,0,0.9903253177538399
21471,30,120,0,0.9961575506629136
85015,30,120,0,0.9843061649748377
22745,30,120,0,0.9973624024678397
20894,30,120,0,0.9959839946216128
90016B,30,120,0,0.9206004092199838
16156L,30,120,0,0.9610219991996609
79323S,30,120,0,1.0
85099B,30,120,0,0.9959965232645835
22487,30,120,0,0.9950453871469893
22349,30,120,0,0.9952176345974451
84199,30,120,0,1.0
23240,30,120,0,0.996405026598113
23307,30,120,0,0.9902307529059182
22371,30,120,0,0.9922030082904483
90054,30,120,0,0.9851829875042509
22070,30,120,0,0.9904523349538278
21801,30,120,0,0.9976907960066447
23000,30,120,0,0.9954905532380115
23184,30,120,0,0.9953943768985619
21115,30,120,0,0.9799930724542183
21277,30,120,0,0.9422064604038712
21529,30,120,0,0.9749979406852988
90003E,30,120,0,0.9740318548540023
84251F,30,120,0,0.9903177266112401
20836,30,120,0,0.951584130855138
84595E,30,120,0,0.9115018871998798
37489A,30,120,0,0.956953239337094
23147,30,120,0,0.9979674029174916
21274,30,120,0,0.9951303224817539
82482,30,120,0,0.9940233318290842
21918,30,120,0,0.9976526272292495
23077,30,120,0,0.9930825968841088
21085,30,120,0,1.0
84313A,30,120,0,0.9881741133066186
23133,30,120,0,0.9938337559411948
47505,30,120,0,1.0
23174,30,120,0,0.9801035697471547
21282,30,120,0,0.967636445647271
21931,30,120,0,0.9957440736232106
22365,30,120,0,0.9882227469741335
82582,30,120,0,0.995814723648347
21519,30,120,0,0.9910824168494317
84884A,30,120,0,0.9955767469908905
21672,30,120,0,0.999307071849366
21259,30,120,0,0.9971356479216826
20724,30,120,0,0.9940246518285806
90023,30,120,0,0.9420694763291528
20725,30,120,0,0.9943094359609594
22286,30,120,0,0.9941943132659455
23224,30,120,0,0.9934292729428208
90162D,30,120,0,0.9709593694948268
85064,30,120,0,0.9876202525807898
22077,30,120,0,0.9964043304102927
35637C,30,120,0,0.9795042208003264
23047,30,120,0,0.985906618637868
22120,30,120,0,0.99293126106067
20727,30,120,0,0.9947310496944081
21578,30,120,0,0.9734534747748619
23231,30,120,0,0.9960458352029314
22993,30,120,0,0.9927230775417609
90042C,30,120,0,0.8935477971720998
77101A,30,120,0,0.9398334349517429
23109,30,120,0,0.9915743034228084
84970S,30,120,0,0.995609285195697
20977,30,120,0,0.9926435710851437
22027,30,120,0,0.9959034569523756
21756,30,120,0,0.9930526103740542
22028,30,120,0,0.9956799028346999
20671,30,120,0,0.9957664544532792
20975,30,120,0,0.9892254486446633
22297,30,120,0,0.9939118781175761
21652,30,120,0,0.9936573999723772
90003C,30,120,0,0.9566445679561268
22902,30,120,0,0.9838174470865676
22846,30,120,0,0.9883768995938377
44234,30,120,0,0.9909777514246868
22554,30,120,0,0.9932624748831534
20663,30,120,0,0.9987822485773413
21768,30,120,0,0.9982087581865925
22157,30,120,0,1.0
22107,30,120,0,0.989158814696459
90123A,30,120,0,0.9841317236052598
23245,30,120,0,0.9970103223084024
20762,30,120,0,0.992720913670057
23145,30,120,0,0.9984774570007275
90194,45,15,30,0.6538461538461539
23204,45,15,30,0.6826602948222203
21930,45,15,30,0.7342251979395857
84564,45,15,30,1.0
22894,45,15,30,0.5924501739022081
20692,45,15,30,0.5944086249745726
90035A,45,15,30,0.503022101939558
51008,45,15,30,0.7096099328708905
84510F,45,15,30,0.05100894418957724
23192,45,15,30,0.5530905780296121
37506,45,15,30,0.7248881024253149
22597,45,15,30,0.5422427803039527
90182C,45,15,30,0.5914363038855597
84711A,45,15,30,0.777807848443843
84874B,45,15,30,0.4741303828703335
85162C,45,15,30,0.19999999999999996
90014C,45,15,30,0.7450608930987821
21824,45,15,30,0.38680196835076
84816,45,15,30,0.72
90064B,45,15,30,0.6100705077985898
22274,45,15,30,0.8189053690639132
47568,45,15,30,0.6828528072837633
21651,45,15,30,0.784666203146455
35265,45,15,30,0.6628736621970722
90124A,45,15,30,0.9473684210526316
90065B,45,15,30,1.0
90011A,45,15,30,0.6429860171402797
90024D,45,15,30,0.6666666666666667
47590B,45,15,30,0.7485061202433135
22361,45,15,30,0.7343107797720658
23322,45,15,30,0.6308305717788505
23201,45,15,30,0.7233847886954704
84906,45,15,30,0.3964579920708402
84563B,45,15,30,0.6055315356942473
85135C,45,15,30,0.7125095459478289
21471,45,15,30,0.7237193118113281
85015,45,15,30,0.6909975669099757
22745,45,15,30,0.6767993875184423
20894,45,15,30,0.7079646017699115
90016B,45,15,30,0.75
16156L,45,15,30,0.7170887299439397
79323S,45,15,30,1.0
85099B,45,15,30,0.7060663276025076
22487,45,15,30,0.7876414264511924
22349,45,15,30,0.5447013182591994
84199,45,15,30,1.0
23240,45,15,30,0.6188959008280065
23307,45,15,30,0.6847776058866413
22371,45,15,30,0.7318116573351787
90054,45,15,30,0.7520072169598556
22070,45,15,30,0.5090709688643063
21801,45,15,30,0.6622943007221962
23000,45,15,30,0.7117398070897072
23184,45,15,30,0.6303031804374146
21115,45,15,30,0.7150513192167602
21277,45,15,30,0.6808510638297872
21529,45,15,30,1.0
90003E,45,15,30,0.7777777777777778
84251F,45,15,30,0.812738085762045
20836,45,15,30,0.7698442403477961
84595E,45,15,30,0.6178322856180379
37489A,45,15,30,0.6666666666666667
23147,45,15,30,0.6493469278472859
21274,45,15,30,0.8577971419649364
82482,45,15,30,0.6656861342500049
21918,45,15,30,0.7255316647803678
23077,45,15,30,0.6152520208375425
21085,45,15,30,1.0
84313A,45,15,30,0.5
23133,45,15,30,0.47721916324334046
47505,45,15,30,1.0
23174,45,15,30,0.6879576720700908
21282,45,15,30,1.0
21931,45,15,30,0.7200283262517704
22365,45,15,30,0.7143889969768213
82582,45,15,30,0.7199938841673774
21519,45,15,30,0.7085676002282495
84884A,45,15,30,0.6766169154228856
21672,45,15,30,0.678690714762859
21259,45,15,30,0.7133730230782787
20724,45,15,30,0.6687883630707079
90023,45,15,30,0.7442489851150202
20725,45,15,30,0.6827817570192115
22286,45,15,30,0.8402267066737267
23224,45,15,30,0.4891855616797034
90162D,45,15,30,0.7784167794316644
85064,45,15,30,0.5250422059651098
22077,45,15,30,0.6784561290879646
35637C,45,15,30,0.5893413475154985
23047,45,15,30,0.6396341747935235
22120,45,15,30,0.7126535236593874
20727,45,15,30,0.720072985779488
21578,45,15,30,0.61478612281138
23231,45,15,30,0.707984059365123
22993,45,15,30,0.6511892435860636
90042C,45,15,30,0.5441243757362175
77101A,45,15,30,0.6459977452085682
23109,45,15,30,0.579508763545185
84970S,45,15,30,0.6909284821443542
20977,45,15,30,0.6655780660523964
22027,45,15,30,0.7036909279061745
21756,45,15,30,0.7764811490125674
22028,45,15,30,0.7107907989799453
20671,45,15,30,0.6625874125874126
20975,45,15,30,0.6679986942699374
22297,45,15,30,0.7514183761566685
21652,45,15,30,0.6565201612562912
90003C,45,15,30,0.7837837837837838
22902,45,15,30,0.6906164388666898
22846,45,15,30,0.6583844262722182
44234,45,15,30,0.8952162012547669
22554,45,15,30,0.6666362678645388
20663,45,15,30,0.5284510945218872
21768,45,15,30,0.5460158368363373
22157,45,15,30,0.7048192771084337
22107,45,15,30,0.5593429369144071
90123A,45,15,30,0.6896551724137931
23245,45,15,30,0.6570928704636169
20762,45,15,30,1.0
23145,45,15,30,0.6096166682683193
90194,45,30,15,0.8354653809497894
23204,45,30,15,0.8280898660392046
21930,45,30,15,0.84767679079053
84564,45,30,15,1.0
22894,45,30,15,0.6796876537083472
20692,45,30,15,0.5183521620236096
90035A,45,30,15,0.7042926045154022
51008,45,30,15,0.7413071742366182
84510F,45,30,15,0.03910732249321136
23192,45,30,15,0.7271787506541587
37506,45,30,15,0.6941451912406441
22597,45,30,15,0.7145945513732055
90182C,45,30,15,0.7017075618362294
84711A,45,30,15,0.788768606224628
84874B,45,30,15,0.6192487351826217
85162C,45,30,15,1.0
90014C,45,30,15,0.8703653585926928
21824,45,30,15,0.5957552069054624
84816,45,30,15,0.8506097046643584
90064B,45,30,15,0.764171703905315
22274,45,30,15,0.9463894919894893
47568,45,30,15,0.9383241302094765
21651,45,30,15,0.7471627576598981
35265,45,30,15,0.7810430121455433
90124A,45,30,15,0.8555349935584319
90065B,45,30,15,1.0
90011A,45,30,15,0.7956612738004066
90024D,45,30,15,0.7928234283760716
47590B,45,30,15,0.8881055875458623
22361,45,30,15,0.8697102790466759
23322,45,30,15,0.7434081586937469
23201,45,30,15,0.790292416296229
84906,45,30,15,0.6912822878974585
84563B,45,30,15,0.7298225220878614
85135C,45,30,15,0.7544204182320156
21471,45,30,15,0.8166520338949051
85015,45,30,15,0.8930225386161242
22745,45,30,15,0.7867385869146545
20894,45,30,15,0.8274336283185841
90016B,45,30,15,0.8039683662815086
16156L,45,30,15,0.8550109348353567
79323S,45,30,15,1.0
85099B,45,30,15,0.8007531182731158
22487,45,30,15,0.8584756795459223
22349,45,30,15,0.5452348148544174
84199,45,30,15,1.0
23240,45,30,15,0.8177978402135606
23307,45,30,15,0.7914270786579999
22371,45,30,15,0.8103274035569866
90054,45,30,15,0.8876555950741792
22070,45,30,15,0.5840572899691219
21801,45,30,15,0.8188294960084652
23000,45,30,15,0.7762203398816694
23184,45,30,15,0.8271661533711587
21115,45,30,15,0.7646093489890481
21277,45,30,15,0.774249447705087
21529,45,30,15,1.0
90003E,45,30,15,0.8144138726006114
84251F,45,30,15,0.9182728626436044
20836,45,30,15,0.8297872340425532
84595E,45,30,15,0.9511656189513713
37489A,45,30,15,0.7475812517855571
23147,45,30,15,0.8179620811802121
21274,45,30,15,0.888335024399978
82482,45,30,15,0.8314895650819776
21918,45,30,15,0.8210681994161448
23077,45,30,15,0.8214707083160128
21085,45,30,15,1.0
84313A,45,30,15,0.6818181818181819
23133,45,30,15,0.7133338353161494
47505,45,30,15,1.0
23174,45,30,15,0.815975554700091
21282,45,30,15,1.0
21931,45,30,15,0.8318944361327526
22365,45,30,15,0.8185280796575072
82582,45,30,15,0.8116460347955079
21519,45,30,15,0.8223965088023586
84884A,45,30,15,0.843954610443252
21672,45,30,15,0.8093049070415259
21259,45,30,15,0.8324263790984029
20724,45,30,15,0.8313962038197229
90023,45,30,15,0.7757510148849798
20725,45,30,15,0.8104471154002273
22286,45,30,15,1.0
23224,45,30,15,0.7616182369340688
90162D,45,30,15,0.8622462787550745
85064,45,30,15,0.7725131335474436
22077,45,30,15,0.8181140645302327
35637C,45,30,15,0.5036819082984548
23047,45,30,15,0.7948065885866269
22120,45,30,15,0.8413701754496028
20727,45,30,15,0.8573314498837068
21578,45,30,15,0.8061749024632708
23231,45,30,15,0.8232303338352032
22993,45,30,15,0.8235575309474086
90042C,45,30,15,0.5585128649448505
77101A,45,30,15,0.6831476478228602
23109,45,30,15,0.7193954747928292
84970S,45,30,15,0.8364660072600342
20977,45,30,15,0.8166551907468532
22027,45,30,15,0.8310874375281364
21756,45,30,15,0.8625141926815092
22028,45,30,15,0.8341803117098839
20671,45,30,15,0.7517240767908207
20975,45,30,15,0.798169967433981
22297,45,30,15,0.8544625072896981
21652,45,30,15,0.7190923211173939
90003C,45,30,15,0.8285145155118004
22902,45,30,15,0.8341673538724866
22846,45,30,15,0.8217702894300289
44234,45,30,15,0.9565699736885088
22554,45,30,15,0.8233425374923964
20663,45,30,15,0.5487682177519084
21768,45,30,15,0.5825767331829765
22157,45,30,15,0.7958835613043906
22107,45,30,15,0.7416661130028872
90123A,45,30,15,0.7779647203808967
23245,45,30,15,0.7886472095691983
20762,45,30,15,1.0
23145,45,30,15,0.8321460235504338
90194,45,45,0,0.7688655305904393
23204,45,45,0,0.8604130513235295
21930,45,45,0,0.8918181642105188
84564,45,45,0,1.0
22894,45,45,0,0.861989697771147
20692,45,45,0,0.6954797468360796
90035A,45,45,0,0.8166363839396004
51008,45,45,0,0.8041101000441562
84510F,45,45,0,0.04440382518543573
23192,45,45,0,0.8258585680676295
37506,45,45,0,0.7799615015356217
22597,45,45,0,0.8391088581419222
90182C,45,45,0,0.9368451255201206
84711A,45,45,0,0.8757484800931353
84874B,45,45,0,0.793629822377599
85162C,45,45,0,1.0
90014C,45,45,0,1.0
21824,45,45,0,0.8157578101898452
84816,45,45,0,0.8895777578552386
90064B,45,45,0,0.8319208033615839
22274,45,45,0,0.9114696385792398
47568,45,45,0,0.8892467150507661
21651,45,45,0,0.9257680209594941
35265,45,45,0,0.8492751727310016
90124A,45,45,0,0.7435099878557118
90065B,45,45,0,1.0
90011A,45,45,0,0.803664424144544
90024D,45,45,0,0.7444319497475058
47590B,45,45,0,0.9254245768234437
22361,45,45,0,0.8845593959906212
23322,45,45,0,0.8734311479533831
23201,45,45,0,0.8766844321730435
84906,45,45,0,0.8444029459245532
84563B,45,45,0,0.8395725541754258
85135C,45,45,0,0.8690366324370452
21471,45,45,0,0.8874820958008873
85015,45,45,0,0.9545853372184856
22745,45,45,0,0.8672392436250835
20894,45,45,0,0.8641909593177839
90016B,45,45,0,0.8123297162757169
16156L,45,45,0,0.887565285811166
79323S,45,45,0,1.0
85099B,45,45,0,0.8813862832530897
22487,45,45,0,0.881017864536707
22349,45,45,0,0.5925398710418606
84199,45,45,0,1.0
23240,45,45,0,0.8634465589142919
23307,45,45,0,0.8633569881456119
22371,45,45,0,0.873571986684856
90054,45,45,0,0.9036892412453761
22070,45,45,0,0.7559278282654868
21801,45,45,0,0.8359958343998874
23000,45,45,0,0.843452715965822
23184,45,45,0,0.8703994249397791
21115,45,45,0,0.8256957137144906
21277,45,45,0,0.8243825978343466
21529,45,45,0,1.0
90003E,45,45,0,0.8671036313523122
84251F,45,45,0,0.930064732754636
20836,45,45,0,0.8415816564743489
84595E,45,45,0,0.9452682862262025
37489A,45,45,0,0.8573178333339583
23147,45,45,0,0.8628762805820703
21274,45,45,0,0.8683857604929549
82482,45,45,0,0.8822812108882718
21918,45,45,0,0.8725704056714342
23077,45,45,0,0.8769652265851687
21085,45,45,0,1.0
84313A,45,45,0,0.8084697872894631
23133,45,45,0,0.7833497602795392
47505,45,45,0,1.0
23174,45,45,0,0.8689667108988708
21282,45,45,0,1.0
21931,45,45,0,0.8767841302439296
22365,45,45,0,0.8608891199234492
82582,45,45,0,0.8775099547440119
21519,45,45,0,0.8822647707594509
84884A,45,45,0,0.7573357964683118
21672,45,45,0,0.884562271339224
21259,45,45,0,0.8681567967563811
20724,45,45,0,0.8777942382092985
90023,45,45,0,0.8422887501178391
20725,45,45,0,0.8821832380630533
22286,45,45,0,1.0
23224,45,45,0,0.819617456898408
90162D,45,45,0,0.8465748067588663
85064,45,45,0,0.793104897425847
22077,45,45,0,0.8776679358692422
35637C,45,45,0,0.5962238922143822
23047,45,45,0,0.8249360507118766
22120,45,45,0,0.9010360545739069
20727,45,45,0,0.8960084016258525
21578,45,45,0,0.8741657830519571
23231,45,45,0,0.8739804901872429
22993,45,45,0,0.8728016528160726
90042C,45,45,0,0.8921533861966625
77101A,45,45,0,0.687944194042309
23109,45,45,0,0.8338798664172159
84970S,45,45,0,0.8911944706717716
20977,45,45,0,0.8557244677064644
22027,45,45,0,0.8955803962528189
21756,45,45,0,0.8737540495235643
22028,45,45,0,0.8865930469779293
20671,45,45,0,0.8483871087680454
20975,45,45,0,0.8806571796094935
22297,45,45,0,0.876427292148486
21652,45,45,0,0.7893995741369843
90003C,45,45,0,0.8389080205439055
22902,45,45,0,0.8658820091911517
22846,45,45,0,0.8630477405078262
44234,45,45,0,0.961116086854351
22554,45,45,0,0.854546842294239
20663,45,45,0,0.5238381065521693
21768,45,45,0,0.5248133989129611
22157,45,45,0,0.8527428960392907
22107,45,45,0,0.8143892614026471
90123A,45,45,0,0.8171370334553287
23245,45,45,0,0.8707562440178843
20762,45,45,0,1.0
23145,45,45,0,0.8713197439462361
90194,45,60,0,0.9613409804611913
23204,45,60,0,0.9850490140593637
21930,45,60,0,0.9855575829772629
84564,45,60,0,1.0
22894,45,60,0,0.9939641875812255
20692,45,60,0,0.9586410715709432
90035A,45,60,0,0.9320189111809817
51008,45,60,0,0.9993666627742644
84510F,45,60,0,1.0
23192,45,60,0,0.9763722859863007
37506,45,60,0,0.9838134992467095
22597,45,60,0,0.9860548120077767
90182C,45,60,0,0.9733464292773001
84711A,45,60,0,0.9412028886387652
84874B,45,60,0,0.912796777834914
85162C,45,60,0,1.0
90014C,45,60,0,0.9582968570905459
21824,45,60,0,0.9957195680889567
84816,45,60,0,0.9751207419348992
90064B,45,60,0,0.9179830348065613
22274,45,60,0,0.9870846926003333
47568,45,60,0,0.9779568743835655
21651,45,60,0,0.9963888944283434
35265,45,60,0,0.9099791235229671
90124A,45,60,0,0.9702036255770979
90065B,45,60,0,1.0
90011A,45,60,0,0.8657287853018153
90024D,45,60,0,0.919969475621291
47590B,45,60,0,0.9918705687335692
22361,45,60,0,0.9681939043708863
23322,45,60,0,0.988334083905954
23201,45,60,0,0.9713128494868535
84906,45,60,0,0.9701331472772313
84563B,45,60,0,0.9681381349076713
85135C,45,60,0,0.9903423969869146
21471,45,60,0,0.963761930606377
85015,45,60,0,0.9809874689251855
22745,45,60,0,0.9908099017477541
20894,45,60,0,0.9905569943077701
90016B,45,60,0,0.9032533986077318
16156L,45,60,0,0.9749243310616023
79323S,45,60,0,1.0
85099B,45,60,0,0.9842524493433591
22487,45,60,0,0.9864596180261317
22349,45,60,0,0.9906894565622788
84199,45,60,0,1.0
23240,45,60,0,0.9852578019267226
23307,45,60,0,0.9763327242121815
22371,45,60,0,0.9922203441509396
90054,45,60,0,1.0
22070,45,60,0,0.9619584059084271
21801,45,60,0,0.9893065113355478
23000,45,60,0,0.9768562846470678
23184,45,60,0,0.9865317258664289
21115,45,60,0,0.9907759886442113
21277,45,60,0,0.9299400265709157
21529,45,60,0,0.9605695997185667
90003E,45,60,0,0.9548816287242734
84251F,45,60,0,0.9934253379950301
20836,45,60,0,0.9306426852316434
84595E,45,60,0,0.9607516089062765
37489A,45,60,0,0.9772146348326373
23147,45,60,0,0.9861244254759706
21274,45,60,0,0.9794942330988803
82482,45,60,0,0.9965655848337314
21918,45,60,0,0.983328707641362
23077,45,60,0,0.9872477591644346
21085,45,60,0,1.0
84313A,45,60,0,0.9373691248644386
23133,45,60,0,0.9750647629197102
47505,45,60,0,1.0
23174,45,60,0,0.9972160041294349
21282,45,60,0,1.0
21931,45,60,0,0.9827005545507325
22365,45,60,0,0.940385051260532
82582,45,60,0,0.9867934247195105
21519,45,60,0,0.9764906205668794
84884A,45,60,0,0.9910047722815883
21672,45,60,0,0.9850970770080486
21259,45,60,0,0.9853775824805164
20724,45,60,0,0.9884724397766442
90023,45,60,0,0.9420809295747501
20725,45,60,0,0.9901062129033057
22286,45,60,0,1.0
23224,45,60,0,0.9465489865991907
90162D,45,60,0,0.9093251113794885
85064,45,60,0,0.994338735663535
22077,45,60,0,0.9880882575739252
35637C,45,60,0,0.9844273215712566
23047,45,60,0,0.9689479484366607
22120,45,60,0,0.9937295875526606
20727,45,60,0,0.9898051433384091
21578,45,60,0,0.9831947710963437
23231,45,60,0,0.9920888925257095
22993,45,60,0,0.9852025207496589
90042C,45,60,0,0.9955350303286895
77101A,45,60,0,0.9879073081348957
23109,45,60,0,0.9885358266960129
84970S,45,60,0,0.9845950921843075
20977,45,60,0,0.9854716950656975
22027,45,60,0,0.9885836178106989
21756,45,60,0,0.9833689358400521
22028,45,60,0,0.9760806881024386
20671,45,60,0,0.9834391471200425
20975,45,60,0,0.9860048488361488
22297,45,60,0,0.9844686643388519
21652,45,60,0,0.9733395465886381
90003C,45,60,0,0.9678121385850265
22902,45,60,0,0.9883956585138503
22846,45,60,0,0.9786585615903309
44234,45,60,0,0.969202697836387
22554,45,60,0,0.9865968559874413
20663,45,60,0,0.9997086672780909
21768,45,60,0,0.9625576089159454
22157,45,60,0,0.9791906826705274
22107,45,60,0,0.9934271487070787
90123A,45,60,0,0.9864460108204419
23245,45,60,0,0.9722651666855895
20762,45,60,0,1.0
23145,45,60,0,0.9848740974633653
90194,45,80,0,0.9207983555407143
23204,45,80,0,0.9886278181562748
21930,45,80,0,0.9880880113278219
84564,45,80,0,1.0
22894,45,80,0,0.9972450829564459
20692,45,80,0,0.9581215356321919
90035A,45,80,0,0.9205799619089102
51008,45,80,0,1.0
84510F,45,80,0,1.0
23192,45,80,0,0.9734397697377611
37506,45,80,0,1.0
22597,45,80,0,0.9893120748119161
90182C,45,80,0,0.9623238383007425
84711A,45,80,0,0.9814657511888565
84874B,45,80,0,0.9812859825689139
85162C,45,80,0,1.0
90014C,45,80,0,0.9590566849030542
21824,45,80,0,0.9843914011744763
84816,45,80,0,0.9196316677034906
90064B,45,80,0,0.9403385869851367
22274,45,80,0,0.9791148581410162
47568,45,80,0,0.9909049461924794
21651,45,80,0,0.9928007550677611
35265,45,80,0,0.916229101112894
90124A,45,80,0,0.9365448554137598
90065B,45,80,0,1.0
90011A,45,80,0,0.928980425187642
90024D,45,80,0,0.9412686214716436
47590B,45,80,0,0.9979224361243184
22361,45,80,0,0.9853428164567869
23322,45,80,0,0.9958543115283417
23201,45,80,0,0.9923939125322956
84906,45,80,0,0.9756243528864375
84563B,45,80,0,0.9571681820235768
85135C,45,80,0,0.9947476616330565
21471,45,80,0,0.9848854522916871
85015,45,80,0,0.9614514468167685
22745,45,80,0,0.988104318868639
20894,45,80,0,0.9817491252234033
90016B,45,80,0,0.9433963515342132
16156L,45,80,0,0.9527547022084348
79323S,45,80,0,1.0
85099B,45,80,0,0.9817957772975758
22487,45,80,0,0.9858579550726544
22349,45,80,0,0.9946640824132301
84199,45,80,0,1.0
23240,45,80,0,0.9884525298225756
23307,45,80,0,0.9868768295173854
22371,45,80,0,0.9857862950694527
90054,45,80,0,0.9576364134690069
22070,45,80,0,0.9945032005906957
21801,45,80,0,0.9959135181296479
23000,45,80,0,0.9980401551010463
23184,45,80,0,0.9877543343922967
21115,45,80,0,0.9834435594980341
21277,45,80,0,0.9700135743785321
21529,45,80,0,0.9923995389920728
90003E,45,80,0,0.9654628057810296
84251F,45,80,0,0.9997545150105802
20836,45,80,0,0.9486392624393197
84595E,45,80,0,0.9960653505575173
37489A,45,80,0,0.9658541436048742
23147,45,80,0,1.0
21274,45,80,0,0.9868759473508968
82482,45,80,0,0.9957112232707153
21918,45,80,0,0.9816843190890875
23077,45,80,0,0.9726938798367564
21085,45,80,0,1.0
84313A,45,80,0,0.9578275793935991
23133,45,80,0,0.9685014509957366
47505,45,80,0,1.0
23174,45,80,0,0.9877114399623153
21282,45,80,0,1.0
21931,45,80,0,0.9892147746953528
22365,45,80,0,0.9519694796333592
82582,45,80,0,0.9800597713660929
21519,45,80,0,0.9907850496870783
84884A,45,80,0,0.9725107843034502
21672,45,80,0,0.9853693602126615
21259,45,80,0,0.9840035965512259
20724,45,80,0,0.9905669683728205
90023,45,80,0,0.9923422868941274
20725,45,80,0,0.9933118756857218
22286,45,80,0,1.0
23224,45,80,0,0.9933295348470612
90162D,45,80,0,0.9837127761445231
85064,45,80,0,0.9837572289593932
22077,45,80,0,0.9895584642890015
35637C,45,80,0,0.9980666418571882
23047,45,80,0,1.0
22120,45,80,0,0.9909260912322256
20727,45,80,0,0.9917021193036948
21578,45,80,0,0.9859598226122536
23231,45,80,0,0.9802956153411506
22993,45,80,0,0.9911423436517305
90042C,45,80,0,0.9867340437223853
77101A,45,80,0,0.9356462059998629
23109,45,80,0,0.9884660053789548
84970S,45,80,0,0.9923127585418492
20977,45,80,0,0.9866861201532553
22027,45,80,0,0.9818427440302231
21756,45,80,0,0.9870960150065625
22028,45,80,0,0.9857073206929623
20671,45,80,0,0.969563224710174
20975,45,80,0,0.9832742987409653
22297,45,80,0,0.9855318891719741
21652,45,80,0,0.9878010411541832
90003C,45,80,0,0.976259310145873
22902,45,80,0,0.9743696821389591
22846,45,80,0,0.9917117124202273
44234,45,80,0,0.8229114605911485
22554,45,80,0,0.9791647558229384
20663,45,80,0,0.9660374855882234
21768,45,80,0,0.9411304540272752
22157,45,80,0,0.9876473111036715
22107,45,80,0,0.9883005548723798
90123A,45,80,0,0.985363744631077
23245,45,80,0,0.9944908429987079
20762,45,80,0,1.0
23145,45,80,0,0.9903874349041702
90194,45,100,0,0.962281361575841
23204,45,100,0,0.9905139439322422
21930,45,100,0,0.9828204230549556
84564,45,100,0,1.0
22894,45,100,0,0.9939393624478177
20692,45,100,0,0.9326740588845663
90035A,45,100,0,0.9863945532452328
51008,45,100,0,0.9773459412223519
84510F,45,100,0,1.0
23192,45,100,0,0.9933135729921445
37506,45,100,0,1.0
22597,45,100,0,0.9882417487608778
90182C,45,100,0,1.0
84711A,45,100,0,0.9462571823727483
84874B,45,100,0,0.9735901328086832
85162C,45,100,0,1.0
90014C,45,100,0,0.9388982431993127
21824,45,100,0,0.9837232492635128
84816,45,100,0,0.9706975399268172
90064B,45,100,0,0.9570143837443437
22274,45,100,0,0.9818419233231852
47568,45,100,0,0.9810971550915432
21651,45,100,0,0.9907208718487981
35265,45,100,0,0.9686985732496813
90124A,45,100,0,0.9396012161086305
90065B,45,100,0,1.0
90011A,45,100,0,0.9074192231368992
90024D,45,100,0,0.9040705598549981
47590B,45,100,0,0.9890366615916821
22361,45,100,0,0.9889764700237496
23322,45,100,0,0.963577727315817
23201,45,100,0,0.9930241124317912
84906,45,100,0,0.9824617728133712
84563B,45,100,0,0.9873263256178648
85135C,45,100,0,0.9720507746029193
21471,45,100,0,0.982482638129313
85015,45,100,0,0.9766254221813657
22745,45,100,0,0.9866140154516307
20894,45,100,0,0.9920939842059233
90016B,45,100,0,0.9452435509512714
16156L,45,100,0,0.9551401196015307
79323S,45,100,0,1.0
85099B,45,100,0,0.981763018729706
22487,45,100,0,0.9919853402334209
22349,45,100,0,0.9967880781263988
84199,45,100,0,1.0
23240,45,100,0,0.9862422524035688
23307,45,100,0,0.9939360505660717
22371,45,100,0,0.9844006671859153
90054,45,100,0,0.9431894762868089
22070,45,100,0,0.9708243523854608
21801,45,100,0,0.9859608820211189
23000,45,100,0,0.9873150169487588
23184,45,100,0,0.9919379131452578
21115,45,100,0,0.9877177108598695
21277,45,100,0,0.9619096527187003
21529,45,100,0,0.9822112285176782
90003E,45,100,0,0.9418793602359065
84251F,45,100,0,0.9985817445540637
20836,45,100,0,0.9727493455414116
84595E,45,100,0,0.9003848945589331
37489A,45,100,0,0.9638357660969278
23147,45,100,0,0.989267148343886
21274,45,100,0,0.9940018210440361
82482,45,100,0,0.9841850653689639
21918,45,100,0,0.9891731344352943
23077,45,100,0,0.9906321648666219
21085,45,100,0,1.0
84313A,45,100,0,0.9584507440604139
23133,45,100,0,0.9455845751324835
47505,45,100,0,1.0
23174,45,100,0,0.9909186809580082
21282,45,100,0,1.0
21931,45,100,0,0.9921013498941207
22365,45,100,0,0.9836579307878863
82582,45,100,0,0.9845655545088366
21519,45,100,0,0.9908324055124964
84884A,45,100,0,0.9584070396793418
21672,45,100,0,0.9910426940802168
21259,45,100,0,0.9925721222164738
20724,45,100,0,0.9823685431828554
90023,45,100,0,0.9889417018344855
20725,45,100,0,0.9884368548292509
22286,45,100,0,1.0
23224,45,100,0,0.9962814359660979
90162D,45,100,0,0.9823518606407767
85064,45,100,0,0.996057741507096
22077,45,100,0,0.9869985568643836
35637C,45,100,0,0.9981517626250521
23047,45,100,0,0.9715928599701631
22120,45,100,0,0.9906239104949889
20727,45,100,0,0.9870186629687057
21578,45,100,0,0.9882520213701534
23231,45,100,0,0.9870056569095189
22993,45,100,0,0.9927396138588278
90042C,45,100,0,0.8478031381107873
77101A,45,100,0,0.9612799430642974
23109,45,100,0,0.998787522977111
84970S,45,100,0,0.9908673226319528
20977,45,100,0,0.9922365186102433
22027,45,100,0,0.9887586248064878
21756,45,100,0,0.9867390834339763
22028,45,100,0,0.9867495990913957
20671,45,100,0,0.9965691405487976
20975,45,100,0,0.9897259302991702
22297,45,100,0,0.9813571951081363
21652,45,100,0,0.9720531048714589
90003C,45,100,0,0.9591199477105735
22902,45,100,0,0.9961838252211588
22846,45,100,0,0.9936099625024171
44234,45,100,0,0.838146683021283
22554,45,100,0,0.9941879650713998
20663,45,100,0,0.999213796077295
21768,45,100,0,1.0
22157,45,100,0,0.9597214663252391
22107,45,100,0,0.989881766033642
90123A,45,100,0,0.9864307290105405
23245,45,100,0,0.9820726870531212
20762,45,100,0,1.0
23145,45,100,0,0.9808167390297373
90194,45,120,0,0.9441079794537561
23204,45,120,0,0.9914202225715069
21930,45,120,0,0.988312275230722
84564,45,120,0,1.0
22894,45,120,0,0.993051956227108
20692,45,120,0,0.9196566539209249
90035A,45,120,0,0.9492785282725711
51008,45,120,0,0.992312023449653
84510F,45,120,0,0.9996782631648272
23192,45,120,0,0.9838798294904099
37506,45,120,0,0.9560804266213854
22597,45,120,0,0.9937246303938294
90182C,45,120,0,0.9991850659523086
84711A,45,120,0,0.9714520057309937
84874B,45,120,0,0.9853562254632349
85162C,45,120,0,1.0
90014C,45,120,0,0.9700635280904688
21824,45,120,0,0.9733964525681412
84816,45,120,0,0.9336159940360943
90064B,45,120,0,0.9385943747172275
22274,45,120,0,0.9925795434182582
47568,45,120,0,0.9907663654815195
21651,45,120,0,0.9858517490345315
35265,45,120,0,0.9060524902022178
90124A,45,120,0,0.9820385062607163
90065B,45,120,0,1.0
90011A,45,120,0,0.8998909540692777
90024D,45,120,0,0.8770889344637233
47590B,45,120,0,0.987404984164422
22361,45,120,0,0.9767597830843509
23322,45,120,0,0.9924126132100654
23201,45,120,0,0.9755433019209581
84906,45,120,0,0.9887041980391319
84563B,45,120,0,0.9892557638538105
85135C,45,120,0,0.9975251151879649
21471,45,120,0,0.9856471275815818
85015,45,120,0,0.9850897936514685
22745,45,120,0,0.9869270715650676
20894,45,120,0,0.9745292617222707
90016B,45,120,0,0.9226258623187426
16156L,45,120,0,0.963861439314964
79323S,45,120,0,1.0
85099B,45,120,0,0.9877069638278126
22487,45,120,0,0.994492870609103
22349,45,120,0,0.9966467655895263
84199,45,120,0,1.0
23240,45,120,0,0.9892225797121932
23307,45,120,0,0.9823162736186923
22371,45,120,0,0.9943231312520521
90054,45,120,0,0.9953791916322215
22070,45,120,0,0.978778104067113
21801,45,120,0,0.9950632255070836
23000,45,120,0,0.997116486084503
23184,45,120,0,0.9844249842624851
21115,45,120,0,0.9841592153799554
21277,45,120,0,0.9404276757444178
21529,45,120,0,0.9716790900485303
90003E,45,120,0,0.9960442587930708
84251F,45,120,0,0.976378217486322
20836,45,120,0,0.9733688404527792
84595E,45,120,0,0.9645676955993945
37489A,45,120,0,0.9937972057482134
23147,45,120,0,0.9856604876512566
21274,45,120,0,0.9966967094877034
82482,45,120,0,0.9949309232285188
21918,45,120,0,0.9799288289764237
23077,45,120,0,0.9980753763920808
21085,45,120,0,1.0
84313A,45,120,0,0.9647362336629545
23133,45,120,0,0.9271306662639982
47505,45,120,0,1.0
23174,45,120,0,0.994279642375768
21282,45,120,0,1.0
21931,45,120,0,0.9891786249078104
22365,45,120,0,0.9966674740672853
82582,45,120,0,0.9922632074021905
21519,45,120,0,0.9831955412708802
84884A,45,120,0,0.9943089969491239
21672,45,120,0,0.9865650834811406
21259,45,120,0,0.9944302022379908
20724,45,120,0,0.9903654398243222
90023,45,120,0,0.9643489687013976
20725,45,120,0,0.9935564314631551
22286,45,120,0,1.0
23224,45,120,0,0.9791717782816572
90162D,45,120,0,0.9342401422561437
85064,45,120,0,0.9991072787924458
22077,45,120,0,0.9916771506292942
35637C,45,120,0,0.8690594971014898
23047,45,120,0,0.9432699666560033
22120,45,120,0,0.9874791844742388
20727,45,120,0,0.9828129105678244
21578,45,120,0,0.9823210520783363
23231,45,120,0,0.993732850015011
22993,45,120,0,0.9843712121881
90042C,45,120,0,0.9590126560062465
77101A,45,120,0,0.9702756105399809
23109,45,120,0,0.9855553549631368
84970S,45,120,0,0.9947293591688425
20977,45,120,0,0.9791687300319509
22027,45,120,0,0.9957407883632327
21756,45,120,0,0.9899192816727411
22028,45,120,0,0.9926850958082832
20671,45,120,0,0.9888437312416611
20975,45,120,0,0.9866565418850878
22297,45,120,0,0.9894658190299861
21652,45,120,0,0.987133791896553
90003C,45,120,0,0.9588759371529302
22902,45,120,0,0.9859206016885538
22846,45,120,0,0.9867055800078952
44234,45,120,0,0.9957397704424698
22554,45,120,0,0.9910356714256026
20663,45,120,0,0.9805140459562152
21768,45,120,0,0.9411896833071164
22157,45,120,0,0.991345339940144
22107,45,120,0,0.9969267986828008
90123A,45,120,0,0.991956612393682
23245,45,120,0,0.9980562320362556
20762,45,120,0,1.0
23145,45,120,0,0.972387051461599
90194,60,15,45,0.5769230769230769
23204,60,15,45,0.6611210492098759
21930,60,15,45,0.7015054032011807
84564,60,15,45,1.0
22894,60,15,45,0.5552934695403342
20692,60,15,45,0.7431437159768204
90035A,60,15,45,0.9696887686062247
51008,60,15,45,0.684229222210992
84510F,60,15,45,0.3157894736842105
23192,60,15,45,0.5992270059945145
37506,60,15,45,0.8764739996133769
22597,60,15,45,0.5219616431446195
90182C,60,15,45,0.7342934467427025
84711A,60,15,45,0.7389264772214704
84874B,60,15,45,0.4632455501197045
85162C,60,15,45,0.6726593208325273
90014C,60,15,45,0.6842105263157895
21824,60,15,45,0.39656688697643805
84816,60,15,45,0.8260869565217391
90064B,60,15,45,0.6100705077985898
22274,60,15,45,0.7768689505840584
47568,60,15,45,1.0
21651,60,15,45,0.6982307244293899
35265,60,15,45,0.5833494426187255
90124A,60,15,45,1.0
90065B,60,15,45,1.0
90011A,60,15,45,0.726319350473613
90024D,60,15,45,0.696041948579161
47590B,60,15,45,0.713028795310634
22361,60,15,45,0.8054148734938245
23322,60,15,45,0.5366106460392619
23201,60,15,45,0.5725390537409373
84906,60,15,45,0.5543527289129454
84563B,60,15,45,0.4868440835964517
85135C,60,15,45,0.6114801601946391
21471,60,15,45,0.7792687573078287
85015,60,15,45,0.7391486725322016
22745,60,15,45,0.6572164258939922
20894,60,15,45,0.5
90016B,60,15,45,0.6071428571428572
16156L,60,15,45,0.8144210322830081
79323S,60,15,45,1.0
85099B,60,15,45,0.6724713537498956
22487,60,15,45,0.8087505638249888
22349,60,15,45,0.5054815136325083
84199,60,15,45,1.0
23240,60,15,45,0.6847352506292319
23307,60,15,45,0.6216967371457718
22371,60,15,45,0.6377768044234874
90054,60,15,45,0.7093369418132611
22070,60,15,45,0.44069108964771664
21801,60,15,45,0.6456583104137936
23000,60,15,45,0.5761358966513597
23184,60,15,45,0.68014014857111
21115,60,15,45,0.6873833405409933
21277,60,15,45,0.6666666666666667
21529,60,15,45,0.10769230769230764
90003E,60,15,45,0.8518518518518519
84251F,60,15,45,1.0
20836,60,15,45,0.5753936523557632
84595E,60,15,45,1.0
37489A,60,15,45,0.7619047619047619
23147,60,15,45,0.6529411764705882
21274,60,15,45,0.9954824607057354
82482,60,15,45,0.6456153786750165
21918,60,15,45,0.7017752913376285
23077,60,15,45,0.5212008806388724
21085,60,15,45,1.0
84313A,60,15,45,0.42105263157894735
23133,60,15,45,0.3575821338713753
47505,60,15,45,1.0
23174,60,15,45,0.5056962369910801
21282,60,15,45,1.0
21931,60,15,45,0.7158359064843405
22365,60,15,45,0.6745471712615319
82582,60,15,45,0.6591118472038633
21519,60,15,45,0.7132371183451041
84884A,60,15,45,0.7653597849218792
21672,60,15,45,0.7020494542214302
21259,60,15,45,0.6933143476611348
20724,60,15,45,0.6603529468486241
90023,60,15,45,0.7127728422662822
20725,60,15,45,0.672372101109282
22286,60,15,45,1.0
23224,60,15,45,0.39026957251981176
90162D,60,15,45,0.7931664411366712
85064,60,15,45,0.4354492394476417
22077,60,15,45,0.7173556971365828
35637C,60,15,45,0.7802970702080121
23047,60,15,45,0.6913583127245579
22120,60,15,45,0.7603094544907806
20727,60,15,45,0.6893561206209095
21578,60,15,45,0.5408718333587854
23231,60,15,45,0.6840731070496083
22993,60,15,45,0.5842700516668717
90042C,60,15,45,0.8987341772151899
77101A,60,15,45,0.5748111575376538
23109,60,15,45,0.44357701656785986
84970S,60,15,45,0.7312843646984055
20977,60,15,45,0.6106045254981425
22027,60,15,45,0.6978936988080318
21756,60,15,45,0.7101785442179884
22028,60,15,45,0.7193897554165649
20671,60,15,45,0.6490434874897186
20975,60,15,45,0.6982635084525781
22297,60,15,45,0.7168329281498963
21652,60,15,45,0.41433397896822244
90003C,60,15,45,0.610772816117877
22902,60,15,45,0.6188443693957717
22846,60,15,45,0.6394399066511085
44234,60,15,45,0.8756682775952058
22554,60,15,45,0.6750902527075813
20663,60,15,45,0.5181992337164751
21768,60,15,45,0.6144569014751204
22157,60,15,45,0.5510132546423855
22107,60,15,45,0.6337516248523198
90123A,60,15,45,0.7241379310344828
23245,60,15,45,0.6134073165378943
20762,60,15,45,1.0
23145,60,15,45,0.6761036468330133
90194,60,30,30,0.8739159189330638
23204,60,30,30,0.805140169742838
21930,60,30,30,0.779915163552268
84564,60,30,30,1.0
22894,60,30,30,0.6053742449845991
20692,60,30,30,1.0
90035A,60,30,30,1.0
51008,60,30,30,0.7482103424872365
84510F,60,30,30,0.5263157894736843
23192,60,30,30,0.785031427715989
37506,60,30,30,0.960332473020321
22597,60,30,30,0.7592439099376138
90182C,60,30,30,0.8030280529384302
84711A,60,30,30,0.88340099233198
84874B,60,30,30,0.6654818939252396
85162C,60,30,30,1.0
90014C,60,30,30,0.7605583647888327
21824,60,30,30,0.4179171296378946
84816,60,30,30,0.8340620871055109
90064B,60,30,30,0.8319208033615839
22274,60,30,30,0.8723942951713596
47568,60,30,30,0.8638747695691643
21651,60,30,30,1.0
35265,60,30,30,0.83729621753979
90124A,60,30,30,1.0
90065B,60,30,30,1.0
90011A,60,30,30,0.8219440685611187
90024D,60,30,30,0.8580637638540058
47590B,60,30,30,0.8520761459809092
22361,60,30,30,0.8748496019478287
23322,60,30,30,0.6419925349485237
23201,60,30,30,0.6976602455151015
84906,60,30,30,0.6503881661052446
84563B,60,30,30,0.7748306256986666
85135C,60,30,30,0.6512985570703573
21471,60,30,30,0.832775298922262
85015,60,30,30,0.7887025208147289
22745,60,30,30,0.7536284346809095
20894,60,30,30,0.6388203320730456
90016B,60,30,30,0.75
16156L,60,30,30,0.8709150982954409
79323S,60,30,30,1.0
85099B,60,30,30,0.8180789894021459
22487,60,30,30,0.9258710314232188
22349,60,30,30,0.6463440326270912
84199,60,30,30,1.0
23240,60,30,30,0.7614194360090695
23307,60,30,30,0.749527166456671
22371,60,30,30,0.8567930175116298
90054,60,30,30,0.8609984074555199
22070,60,30,30,0.6091041403715634
21801,60,30,30,0.6144251723165601
23000,60,30,30,0.7468957895826556
23184,60,30,30,0.7930951368257553
21115,60,30,30,0.7545493460794559
21277,60,30,30,0.8444444444444444
21529,60,30,30,1.0
90003E,60,30,30,0.7153811456923773
84251F,60,30,30,1.0
20836,60,30,30,0.6299514085373354
84595E,60,30,30,0.967481393775372
37489A,60,30,30,0.8571428571428572
23147,60,30,30,0.7395246253803587
21274,60,30,30,0.7812248728332384
82482,60,30,30,0.7909641427256352
21918,60,30,30,0.8055125920652394
23077,60,30,30,0.6308883793863479
21085,60,30,30,1.0
84313A,60,30,30,0.9263537804812686
23133,60,30,30,0.5323126787871933
47505,60,30,30,1.0
23174,60,30,30,0.7025045566842902
21282,60,30,30,1.0
21931,60,30,30,0.7942464057371557
22365,60,30,30,0.8702648064876003
82582,60,30,30,0.8210511903805311
21519,60,30,30,0.8417983818652793
84884A,60,30,30,0.8198703702639771
21672,60,30,30,0.8119199948215297
21259,60,30,30,0.7682692730980282
20724,60,30,30,0.8085283713217742
90023,60,30,30,0.8866858857445432
20725,60,30,30,0.8071578269258646
22286,60,30,30,1.0
23224,60,30,30,0.6230267790098415
90162D,60,30,30,1.0
85064,60,30,30,0.5716326861373295
22077,60,30,30,0.7766828972173683
35637C,60,30,30,0.7821790879236079
23047,60,30,30,0.7603238299659372
22120,60,30,30,0.886104359692989
20727,60,30,30,0.8157438768202627
21578,60,30,30,0.875755966764232
23231,60,30,30,0.7570376368485003
22993,60,30,30,0.6972667409398807
90042C,60,30,30,0.9240506329113924
77101A,60,30,30,0.5917708556020225
23109,60,30,30,0.6844709503486699
84970S,60,30,30,0.8109530260183662
20977,60,30,30,0.7874456482702862
22027,60,30,30,0.8274388168465632
21756,60,30,30,0.7701580145986828
22028,60,30,30,0.8255746654212064
20671,60,30,30,0.9120352467110878
20975,60,30,30,0.7823991618793018
22297,60,30,30,0.83744476418446
21652,60,30,30,0.478235222895498
90003C,60,30,30,0.6615766747502281
22902,60,30,30,0.7690697074027821
22846,60,30,30,0.7490710096666193
44234,60,30,30,1.0
22554,60,30,30,0.8011132541364856
20663,60,30,30,0.5464202945888355
21768,60,30,30,0.7533941138015752
22157,60,30,30,0.7057964013309597
22107,60,30,30,0.9006207689468486
90123A,60,30,30,0.7931034482758621
23245,60,30,30,0.721949081521377
20762,60,30,30,1.0
23145,60,30,30,0.7709916235908663
90194,60,45,15,0.8425464327425378
23204,60,45,15,0.8173808446027536
21930,60,45,15,0.8342321800958615
84564,60,45,15,1.0
22894,60,45,15,0.6764566359377493
20692,60,45,15,1.0
90035A,60,45,15,1.0
51008,60,45,15,0.8589263073042137
84510F,60,45,15,0.7894736842105263
23192,60,45,15,0.8155382279855726
37506,60,45,15,1.0
22597,60,45,15,0.8531784342227074
90182C,60,45,15,1.0
84711A,60,45,15,0.8110237526469289
84874B,60,45,15,0.6625200679690213
85162C,60,45,15,1.0
90014C,60,45,15,0.8635118700193393
21824,60,45,15,0.7352521477705933
84816,60,45,15,0.8260296519517223
90064B,60,45,15,0.8319208033615839
22274,60,45,15,0.908539576544278
47568,60,45,15,0.7726546112503292
21651,60,45,15,0.801894593300003
35265,60,45,15,0.876446306541041
90124A,60,45,15,1.0
90065B,60,45,15,1.0
90011A,60,45,15,0.7398451204663243
90024D,60,45,15,0.9069946869492789
47590B,60,45,15,0.8985336354434307
22361,60,45,15,0.9327241513015795
23322,60,45,15,0.7953075945644655
23201,60,45,15,0.856107473608122
84906,60,45,15,0.6987364334333774
84563B,60,45,15,0.7923096097030494
85135C,60,45,15,0.7939931925423754
21471,60,45,15,0.8555732385572034
85015,60,45,15,0.9133936898732254
22745,60,45,15,0.8414976072462012
20894,60,45,15,0.7721329792626761
90016B,60,45,15,0.7900694648019959
16156L,60,45,15,0.8647997837100336
79323S,60,45,15,1.0
85099B,60,45,15,0.8611923504452601
22487,60,45,15,0.932488834517507
22349,60,45,15,0.5697750254866711
84199,60,45,15,1.0
23240,60,45,15,0.8158867078676457
23307,60,45,15,0.8492306289792513
22371,60,45,15,0.8976605463614036
90054,60,45,15,0.8893742700340702
22070,60,45,15,0.7227002461670445
21801,60,45,15,0.810024924429174
23000,60,45,15,0.8280063520907386
23184,60,45,15,0.8710963402147963
21115,60,45,15,0.7792323325216624
21277,60,45,15,0.8444444444444444
21529,60,45,15,1.0
90003E,60,45,15,0.809105720996789
84251F,60,45,15,1.0
20836,60,45,15,0.78605353824317
84595E,60,45,15,1.0
37489A,60,45,15,0.8105344501881054
23147,60,45,15,0.8282836934507766
21274,60,45,15,0.6957753922166694
82482,60,45,15,0.8935954270473407
21918,60,45,15,0.8674594529932853
23077,60,45,15,0.772846585746491
21085,60,45,15,1.0
84313A,60,45,15,1.0
23133,60,45,15,0.5813026382127966
47505,60,45,15,1.0
23174,60,45,15,0.8439298010843871
21282,60,45,15,1.0
21931,60,45,15,0.8669499515815182
22365,60,45,15,0.8967754134989604
82582,60,45,15,0.8349270466704664
21519,60,45,15,0.8868912159942355
84884A,60,45,15,0.7665361598933136
21672,60,45,15,0.8781297041955911
21259,60,45,15,0.8053123151363416
20724,60,45,15,0.8436527428541463
90023,60,45,15,0.9155166762056888
20725,60,45,15,0.8462822246924597
22286,60,45,15,1.0
23224,60,45,15,0.7878085796198346
90162D,60,45,15,0.9774796076890967
85064,60,45,15,0.8158133912968254
22077,60,45,15,0.8614986821102772
35637C,60,45,15,0.5813655708999791
23047,60,45,15,0.7948065885866269
22120,60,45,15,0.9187094980083419
20727,60,45,15,0.8189754692104767
21578,60,45,15,0.7974410802276997
23231,60,45,15,0.8687244151970714
22993,60,45,15,0.845928060637842
90042C,60,45,15,0.9873417721518988
77101A,60,45,15,0.8633776705292142
23109,60,45,15,0.7454620928716749
84970S,60,45,15,0.8842539149313151
20977,60,45,15,0.8222818128864595
22027,60,45,15,0.872256709376691
21756,60,45,15,0.8875261381796911
22028,60,45,15,0.8940197758848628
20671,60,45,15,0.881917248814694
20975,60,45,15,0.8729568815367299
22297,60,45,15,0.8911930830369129
21652,60,45,15,0.7693770329347105
90003C,60,45,15,0.8516920136158456
22902,60,45,15,0.8336666027457966
22846,60,45,15,0.814736355849939
44234,60,45,15,1.0
22554,60,45,15,0.8748497420630572
20663,60,45,15,0.5599547832104291
21768,60,45,15,0.7400884147758432
22157,60,45,15,0.8688873952598288
22107,60,45,15,0.8847970787011868
90123A,60,45,15,0.8643706119412471
23245,60,45,15,0.7866022197941471
20762,60,45,15,1.0
23145,60,45,15,0.8341543338874681
90194,60,60,0,0.8574301340792054
23204,60,60,0,0.895997570462291
21930,60,60,0,0.904872090105369
84564,60,60,0,1.0
22894,60,60,0,0.8513426677777493
20692,60,60,0,1.0
90035A,60,60,0,1.0
51008,60,60,0,0.9315162153999814
84510F,60,60,0,1.0
23192,60,60,0,0.8533620662899076
37506,60,60,0,1.0
22597,60,60,0,0.8339568759634111
90182C,60,60,0,1.0
84711A,60,60,0,0.9457367337999225
84874B,60,60,0,0.8323590156441871
85162C,60,60,0,1.0
90014C,60,60,0,0.8788718796354126
21824,60,60,0,0.8041307669591417
84816,60,60,0,0.9072550638042183
90064B,60,60,0,0.8319208033615839
22274,60,60,0,0.9014400109521673
47568,60,60,0,0.8547003210406042
21651,60,60,0,0.8789317453533111
35265,60,60,0,0.8686480206812615
90124A,60,60,0,0.7981641079547557
90065B,60,60,0,1.0
90011A,60,60,0,0.8929860171402797
90024D,60,60,0,1.0
47590B,60,60,0,0.9145539279381941
22361,60,60,0,0.8724898437934495
23322,60,60,0,0.8943593523200013
23201,60,60,0,0.8988497283772617
84906,60,60,0,0.8585199443470483
84563B,60,60,0,0.8553395035505359
85135C,60,60,0,0.856539567439323
21471,60,60,0,0.9194228462106878
85015,60,60,0,1.0
22745,60,60,0,0.8986461384859955
20894,60,60,0,0.8662171153837033
90016B,60,60,0,0.8876800200509792
16156L,60,60,0,0.8624895028147461
79323S,60,60,0,1.0
85099B,60,60,0,0.8931663152918636
22487,60,60,0,0.8976767801088257
22349,60,60,0,0.6131320025725226
84199,60,60,0,1.0
23240,60,60,0,0.8971098325690312
23307,60,60,0,0.8716551776989041
22371,60,60,0,0.9000836524116671
90054,60,60,0,0.8790269922668932
22070,60,60,0,0.7687432649267063
21801,60,60,0,0.8133043371015295
23000,60,60,0,0.8754391404891496
23184,60,60,0,0.8693910853659454
21115,60,60,0,0.8829855736593792
21277,60,60,0,0.8410298101551172
21529,60,60,0,1.0
90003E,60,60,0,0.872847500973586
84251F,60,60,0,1.0
20836,60,60,0,0.8976826844923593
84595E,60,60,0,1.0
37489A,60,60,0,0.8925854204128709
23147,60,60,0,0.8742123462811069
21274,60,60,0,0.8831762145105713
82482,60,60,0,0.926074401290204
21918,60,60,0,0.8996694827333075
23077,60,60,0,0.8651507727487111
21085,60,60,0,1.0
84313A,60,60,0,1.0
23133,60,60,0,0.7959069584366341
47505,60,60,0,1.0
23174,60,60,0,0.8883125910163368
21282,60,60,0,1.0
21931,60,60,0,0.9095445226180753
22365,60,60,0,0.872205732185287
82582,60,60,0,0.9148773583477023
21519,60,60,0,0.8985959914103393
84884A,60,60,0,0.7145861238107829
21672,60,60,0,0.9252871443172395
21259,60,60,0,0.9020295161115714
20724,60,60,0,0.9078330611471392
90023,60,60,0,0.9181259454381512
20725,60,60,0,0.916533087330635
22286,60,60,0,1.0
23224,60,60,0,0.9016508521640939
90162D,60,60,0,0.9764727966310858
85064,60,60,0,0.8201990109233303
22077,60,60,0,0.8946972264109161
35637C,60,60,0,0.6706297922399236
23047,60,60,0,0.8637721058280061
22120,60,60,0,0.9510071179119045
20727,60,60,0,0.880078340133747
21578,60,60,0,0.8611473175842356
23231,60,60,0,0.8954962991973724
22993,60,60,0,0.8760593031605391
90042C,60,60,0,1.0
77101A,60,60,0,0.7021361092526553
23109,60,60,0,0.8901275847577659
84970S,60,60,0,0.9093633058282886
20977,60,60,0,0.8736292748888043
22027,60,60,0,0.9182691617138568
21756,60,60,0,0.9152801399051209
22028,60,60,0,0.918992705492489
20671,60,60,0,0.8613877845631339
20975,60,60,0,0.8898630425377494
22297,60,60,0,0.931771551098654
21652,60,60,0,0.9610286388870666
90003C,60,60,0,0.9066258755155018
22902,60,60,0,0.8978495059218241
22846,60,60,0,0.8893353967056196
44234,60,60,0,0.9955133856418551
22554,60,60,0,0.8992424665279116
20663,60,60,0,0.5750051431500689
21768,60,60,0,0.8085064226667885
22157,60,60,0,0.8875232156980577
22107,60,60,0,0.8757537885861624
90123A,60,60,0,0.8520789475087305
23245,60,60,0,0.8786341260018956
20762,60,60,0,1.0
23145,60,60,0,0.880604526289769
90194,60,80,0,0.9659242503750146
23204,60,80,0,0.9936916664045884
21930,60,80,0,0.9931777883548478
84564,60,80,0,1.0
22894,60,80,0,0.9725872648875103
20692,60,80,0,1.0
90035A,60,80,0,1.0
51008,60,80,0,0.979013016544223
84510F,60,80,0,1.0
23192,60,80,0,0.9755374348255442
37506,60,80,0,0.935699528138879
22597,60,80,0,0.9771246312565489
90182C,60,80,0,1.0
84711A,60,80,0,0.9701285819742527
84874B,60,80,0,0.9821668718561866
85162C,60,80,0,1.0
90014C,60,80,0,0.9285192192711487
21824,60,80,0,0.9958409322364916
84816,60,80,0,0.9832883836523311
90064B,60,80,0,0.9491179396070645
22274,60,80,0,0.982829028993515
47568,60,80,0,0.9863149299027986
21651,60,80,0,0.9935434682992469
35265,60,80,0,0.9690671603753077
90124A,60,80,0,0.989064894265493
90065B,60,80,0,1.0
90011A,60,80,0,0.9751353836562449
90024D,60,80,0,1.0
47590B,60,80,0,0.9755366640339713
22361,60,80,0,0.9887154181697659
23322,60,80,0,0.9864568682492726
23201,60,80,0,0.9926255037072442
84906,60,80,0,0.9762185426849244
84563B,60,80,0,0.9782875111769245
85135C,60,80,0,0.9574810212811103
21471,60,80,0,0.9918566492726624
85015,60,80,0,1.0
22745,60,80,0,0.993341547788029
20894,60,80,0,0.9822531305003678
90016B,60,80,0,0.9534231151628335
16156L,60,80,0,0.9611323880171837
79323S,60,80,0,1.0
85099B,60,80,0,0.9902752204679589
22487,60,80,0,0.9884857006431312
22349,60,80,0,0.9992113839931882
84199,60,80,0,1.0
23240,60,80,0,0.960053088990077
23307,60,80,0,0.9925763344245365
22371,60,80,0,0.9834538400323457
90054,60,80,0,0.9823462859294694
22070,60,80,0,0.9881872266557202
21801,60,80,0,0.9950096634020142
23000,60,80,0,0.9929834716693221
23184,60,80,0,0.9832705813831526
21115,60,80,0,0.9896231155616072
21277,60,80,0,0.9426988381363981
21529,60,80,0,1.0
90003E,60,80,0,0.9505643527615646
84251F,60,80,0,0.9773160440337926
20836,60,80,0,0.975496499051765
84595E,60,80,0,1.0
37489A,60,80,0,0.9324708257655524
23147,60,80,0,0.9805398506442632
21274,60,80,0,0.9802415966577854
82482,60,80,0,0.9890959900610915
21918,60,80,0,0.9839750855903872
23077,60,80,0,0.9862326937021811
21085,60,80,0,1.0
84313A,60,80,0,1.0
23133,60,80,0,0.975621352278079
47505,60,80,0,1.0
23174,60,80,0,0.9622568711078137
21282,60,80,0,1.0
21931,60,80,0,0.9769482396546616
22365,60,80,0,0.9951659446534509
82582,60,80,0,0.9736470694855058
21519,60,80,0,0.991489706904549
84884A,60,80,0,0.9912971849095848
21672,60,80,0,0.984716490092894
21259,60,80,0,0.9889879503249817
20724,60,80,0,0.9829604682739436
90023,60,80,0,0.9565908081159269
20725,60,80,0,0.9868664872882175
22286,60,80,0,1.0
23224,60,80,0,0.9683449644632133
90162D,60,80,0,0.9243831639902236
85064,60,80,0,0.8556072249008463
22077,60,80,0,0.987426461970848
35637C,60,80,0,0.9941419516978592
23047,60,80,0,0.958935475655588
22120,60,80,0,0.9951732159051941
20727,60,80,0,0.9469190742647513
21578,60,80,0,1.0
23231,60,80,0,0.9870560584839005
22993,60,80,0,0.9840013296122819
90042C,60,80,0,0.9580651665347735
77101A,60,80,0,0.9895463122480516
23109,60,80,0,0.9924122329131004
84970S,60,80,0,0.9774795833032799
20977,60,80,0,0.9911241482165613
22027,60,80,0,0.9749836155433076
21756,60,80,0,0.9951283806376879
22028,60,80,0,0.9915354458578107
20671,60,80,0,0.9899755989021057
20975,60,80,0,0.9854213208541277
22297,60,80,0,0.9931167011762253
21652,60,80,0,0.9962535160464
90003C,60,80,0,0.9809404356412945
22902,60,80,0,0.9865102852691138
22846,60,80,0,0.9860531837422333
44234,60,80,0,0.9731935309042392
22554,60,80,0,0.9819269054073215
20663,60,80,0,1.0
21768,60,80,0,0.9740935247666741
22157,60,80,0,0.9941992466474957
22107,60,80,0,0.9913166226207132
90123A,60,80,0,0.9828878984101566
23245,60,80,0,0.9845320555547865
20762,60,80,0,1.0
23145,60,80,0,0.9979812640403102
90194,60,100,0,0.9362138462971771
23204,60,100,0,0.9769895448402367
21930,60,100,0,0.9862556598330965
84564,60,100,0,1.0
22894,60,100,0,0.9970282313832316
20692,60,100,0,1.0
90035A,60,100,0,1.0
51008,60,100,0,1.0
84510F,60,100,0,1.0
23192,60,100,0,0.9810347329523609
37506,60,100,0,0.886920328973206
22597,60,100,0,0.993184578646615
90182C,60,100,0,1.0
84711A,60,100,0,0.9424344267992963
84874B,60,100,0,0.9862926758163262
85162C,60,100,0,1.0
90014C,60,100,0,0.9538956544390388
21824,60,100,0,0.996490742656838
84816,60,100,0,0.9550635879507565
90064B,60,100,0,0.9302013449971326
22274,60,100,0,0.9828773242884954
47568,60,100,0,0.9913252256924932
21651,60,100,0,0.9728756732322142
35265,60,100,0,0.948096150052006
90124A,60,100,0,0.9943221034251748
90065B,60,100,0,1.0
90011A,60,100,0,0.9450754485293917
90024D,60,100,0,1.0
47590B,60,100,0,0.9894958309990345
22361,60,100,0,0.9603473558256815
23322,60,100,0,0.9789625599546745
23201,60,100,0,0.9893410447625873
84906,60,100,0,0.9701921129307027
84563B,60,100,0,0.9332359713710693
85135C,60,100,0,0.9753010269021083
21471,60,100,0,0.9557168789419108
85015,60,100,0,1.0
22745,60,100,0,0.994164917638638
20894,60,100,0,0.9867006712566051
90016B,60,100,0,0.9443006426091719
16156L,60,100,0,0.9749427799362154
79323S,60,100,0,1.0
85099B,60,100,0,0.9929713284001385
22487,60,100,0,0.9905919411063391
22349,60,100,0,1.0
84199,60,100,0,1.0
23240,60,100,0,0.993007411140091
23307,60,100,0,0.9798760046917884
22371,60,100,0,0.9824522868430878
90054,60,100,0,1.0
22070,60,100,0,0.978600854962269
21801,60,100,0,0.9843280600678946
23000,60,100,0,0.9772932986095757
23184,60,100,0,0.9888174577040796
21115,60,100,0,0.9912784089495814
21277,60,100,0,0.9608408172481869
21529,60,100,0,1.0
90003E,60,100,0,0.9983881622768133
84251F,60,100,0,1.0
20836,60,100,0,0.9754043288198712
84595E,60,100,0,1.0
37489A,60,100,0,0.9471864962253804
23147,60,100,0,0.9861819510362728
21274,60,100,0,1.0
82482,60,100,0,0.9876619214645793
21918,60,100,0,0.983947628492848
23077,60,100,0,0.9889348571705846
21085,60,100,0,1.0
84313A,60,100,0,1.0
23133,60,100,0,0.9989797329118006
47505,60,100,0,1.0
23174,60,100,0,0.9846646837465053
21282,60,100,0,1.0
21931,60,100,0,0.9851332455148537
22365,60,100,0,0.9877301970480203
82582,60,100,0,0.9921573422714989
21519,60,100,0,0.9852480768531254
84884A,60,100,0,0.9904039249758203
21672,60,100,0,0.9928943318703622
21259,60,100,0,0.9739776310361855
20724,60,100,0,0.986539347483232
90023,60,100,0,0.9821732586347459
20725,60,100,0,0.9834226161228844
22286,60,100,0,1.0
23224,60,100,0,0.9942417076705754
90162D,60,100,0,1.0
85064,60,100,0,0.998294959947825
22077,60,100,0,0.9831102597361141
35637C,60,100,0,1.0
23047,60,100,0,0.9743189198319447
22120,60,100,0,0.9934943440228817
20727,60,100,0,0.988995742979791
21578,60,100,0,0.9993542325166872
23231,60,100,0,0.9946795910534212
22993,60,100,0,0.9836645619546269
90042C,60,100,0,0.993385331415336
77101A,60,100,0,0.9943185905035755
23109,60,100,0,0.9625463849986259
84970S,60,100,0,0.9925833049983783
20977,60,100,0,0.9869408325913474
22027,60,100,0,0.9913826335621533
21756,60,100,0,0.9877661869085743
22028,60,100,0,0.9861696235035725
20671,60,100,0,0.9980820756399079
20975,60,100,0,0.9710473183468903
22297,60,100,0,0.98096189341938
21652,60,100,0,1.0
90003C,60,100,0,0.9617432863144689
22902,60,100,0,0.9695379446468507
22846,60,100,0,0.9847677573211753
44234,60,100,0,0.9960026026577402
22554,60,100,0,0.9778070542198929
20663,60,100,0,0.7724250964604945
21768,60,100,0,0.9691058935265079
22157,60,100,0,1.0
22107,60,100,0,0.9924532631509638
90123A,60,100,0,0.9719642520365287
23245,60,100,0,0.9788655842633547
20762,60,100,0,1.0
23145,60,100,0,0.9816462514961721
90194,60,120,0,0.9243901573818109
23204,60,120,0,0.9813724647693155
21930,60,120,0,0.9765791836185654
84564,60,120,0,1.0
22894,60,120,0,0.9815375909166348
20692,60,120,0,1.0
90035A,60,120,0,1.0
51008,60,120,0,0.977399107000882
84510F,60,120,0,1.0
23192,60,120,0,0.9827939421979164
37506,60,120,0,0.9795945469224853
22597,60,120,0,0.9820282516330492
90182C,60,120,0,1.0
84711A,60,120,0,0.9541800887133502
84874B,60,120,0,0.9864129763980493
85162C,60,120,0,1.0
90014C,60,120,0,0.9566196971336658
21824,60,120,0,0.9819132933367721
84816,60,120,0,0.9288911482085938
90064B,60,120,0,0.8180375708038278
22274,60,120,0,0.9781356827586661
47568,60,120,0,0.9692537182818464
21651,60,120,0,0.9575011483324943
35265,60,120,0,0.9285803923577074
90124A,60,120,0,0.9443005269652633
90065B,60,120,0,1.0
90011A,60,120,0,0.958800688196802
90024D,60,120,0,1.0
47590B,60,120,0,0.9809783898608896
22361,60,120,0,0.9781426499585314
23322,60,120,0,1.0
23201,60,120,0,0.980427428946259
84906,60,120,0,0.9922872469835389
84563B,60,120,0,0.9367656298609948
85135C,60,120,0,0.9883757842793397
21471,60,120,0,0.9846940705492718
85015,60,120,0,1.0
22745,60,120,0,0.9876256878177375
20894,60,120,0,0.9760834253951978
90016B,60,120,0,0.9248893350881628
16156L,60,120,0,0.9617186665869457
79323S,60,120,0,1.0
85099B,60,120,0,0.9853401876132789
22487,60,120,0,0.9827418952872276
22349,60,120,0,0.9928144345102099
84199,60,120,0,1.0
23240,60,120,0,0.9777419844535008
23307,60,120,0,0.9927704987418936
22371,60,120,0,0.9803324545197751
90054,60,120,0,0.9657450554808152
22070,60,120,0,0.9884890512994645
21801,60,120,0,0.9845931717152088
23000,60,120,0,0.9845704203942582
23184,60,120,0,0.9826170811307857
21115,60,120,0,0.9840856551360359
21277,60,120,0,0.9555329591671863
21529,60,120,0,1.0
90003E,60,120,0,0.9761781146789188
84251F,60,120,0,0.9679151295174262
20836,60,120,0,0.9684846435770729
84595E,60,120,0,1.0
37489A,60,120,0,0.971199132981282
23147,60,120,0,0.9939981180399937
21274,60,120,0,0.9578933284928836
82482,60,120,0,0.9902318130025961
21918,60,120,0,0.9616509114016194
23077,60,120,0,0.9839224008087103
21085,60,120,0,1.0
84313A,60,120,0,1.0
23133,60,120,0,0.9963779287545769
47505,60,120,0,1.0
23174,60,120,0,0.9955564103155647
21282,60,120,0,1.0
21931,60,120,0,0.9825542473996266
22365,60,120,0,0.9418361263351803
82582,60,120,0,0.9860968754847707
21519,60,120,0,0.9811070082469606
84884A,60,120,0,0.9879739216601072
21672,60,120,0,0.986314834468082
21259,60,120,0,0.9815535153237446
20724,60,120,0,0.9912128707539218
90023,60,120,0,0.9866360515547659
20725,60,120,0,0.9901703426354416
22286,60,120,0,1.0
23224,60,120,0,1.0
90162D,60,120,0,0.9094216150955022
85064,60,120,0,0.995792765610219
22077,60,120,0,0.9857315179750827
35637C,60,120,0,0.9741907509912129
23047,60,120,0,0.9975093622729637
22120,60,120,0,0.9869961650158239
20727,60,120,0,0.9840360429159973
21578,60,120,0,0.9913195717800433
23231,60,120,0,0.9965969377214475
22993,60,120,0,0.9917183783926866
90042C,60,120,0,1.0
77101A,60,120,0,0.9910439665112558
23109,60,120,0,0.9615241565126297
84970S,60,120,0,0.9922172811988632
20977,60,120,0,0.9748024910516417
22027,60,120,0,0.9945791742838731
21756,60,120,0,0.9928113910119974
22028,60,120,0,0.9917731732155848
20671,60,120,0,0.9719042030053875
20975,60,120,0,0.990787849950112
22297,60,120,0,0.9865073995506616
21652,60,120,0,1.0
90003C,60,120,0,0.9658975706234023
22902,60,120,0,0.9611969059600785
22846,60,120,0,0.9846639442691041
44234,60,120,0,0.9244041866637944
22554,60,120,0,0.9906713603623292
20663,60,120,0,0.9991890617942605
21768,60,120,0,0.9631264193726558
22157,60,120,0,0.9982906555869723
22107,60,120,0,0.9948719588341864
90123A,60,120,0,0.9777161341977493
23245,60,120,0,0.9796390319986293
20762,60,120,0,1.0
23145,60,120,0,0.9900664242914576
90194,75,15,60,0.5769230769230769
23204,75,15,60,0.6682674885278298
21930,75,15,60,0.6800284763897274
84564,75,15,60,1.0
22894,75,15,60,0.5278298184902535
20692,75,15,60,1.0
90035A,75,15,60,1.0
51008,75,15,60,0.587699095130894
84510F,75,15,60,0.5
23192,75,15,60,0.699708183464087
37506,75,15,60,0.3220568335588636
22597,75,15,60,0.5393812564960339
90182C,75,15,60,0.7342934467427025
84711A,75,15,60,0.7999548940009021
84874B,75,15,60,0.4107142857142857
85162C,75,15,60,1.0
90014C,75,15,60,0.8537524721557199
21824,75,15,60,0.2722593211587919
84816,75,15,60,0.7391304347826086
90064B,75,15,60,0.6100705077985898
22274,75,15,60,0.7299605238169796
47568,75,15,60,0.9661016949152542
21651,75,15,60,0.5941573933448834
35265,75,15,60,0.644754647104907
90124A,75,15,60,1.0
90065B,75,15,60,1.0
90011A,75,15,60,0.7014392914257597
90024D,75,15,60,0.6
47590B,75,15,60,0.7103629081975862
22361,75,15,60,0.7651747753423526
23322,75,15,60,0.6897164901538064
23201,75,15,60,0.5752298378055161
84906,75,15,60,0.5463947419292481
84563B,75,15,60,0.5162264943306425
85135C,75,15,60,0.5736040609137056
21471,75,15,60,0.7575682051086575
85015,75,15,60,0.7645537233565198
22745,75,15,60,0.5588517688278463
20894,75,15,60,0.47514158271939055
90016B,75,15,60,0.6538461538461539
16156L,75,15,60,0.7738628083688976
79323S,75,15,60,1.0
85099B,75,15,60,0.700129837976349
22487,75,15,60,0.8490732568402471
22349,75,15,60,0.5516866158868335
84199,75,15,60,1.0
23240,75,15,60,0.5853563686416543
23307,75,15,60,0.5340734261949305
22371,75,15,60,0.7096317891161877
90054,75,15,60,0.6707609035078589
22070,75,15,60,0.540228323170329
21801,75,15,60,0.47275778078484443
23000,75,15,60,0.6351078297954782
23184,75,15,60,0.6423827115001719
21115,75,15,60,0.615452542045235
21277,75,15,60,0.736842105263158
21529,75,15,60,1.0
90003E,75,15,60,0.7777777777777778
84251F,75,15,60,0.8
20836,75,15,60,0.5262437315927724
84595E,75,15,60,1.0
37489A,75,15,60,0.8095238095238095
23147,75,15,60,0.6032085561497327
21274,75,15,60,0.5853658536585367
82482,75,15,60,0.6598510649711893
21918,75,15,60,0.8170431830370956
23077,75,15,60,0.4197496714494616
21085,75,15,60,1.0
84313A,75,15,60,0.15384615384615385
23133,75,15,60,0.35957210441981113
47505,75,15,60,1.0
23174,75,15,60,0.4776207404377716
21282,75,15,60,1.0
21931,75,15,60,0.7081998990533933
22365,75,15,60,0.6414395781305581
82582,75,15,60,0.6534222121936626
21519,75,15,60,0.7230855865320771
84884A,75,15,60,0.6744812371329434
21672,75,15,60,0.7128112305570329
21259,75,15,60,0.7194672759513792
20724,75,15,60,0.6371041443159693
90023,75,15,60,0.6956521739130435
20725,75,15,60,0.7034268744369181
22286,75,15,60,1.0
23224,75,15,60,0.3414890847149338
90162D,75,15,60,0.7242219215155616
85064,75,15,60,0.2524265149266095
22077,75,15,60,0.709380459615643
35637C,75,15,60,0.777712329857518
23047,75,15,60,0.587910036862489
22120,75,15,60,0.7816626648381272
20727,75,15,60,0.8040029346290698
21578,75,15,60,0.6728211358960057
23231,75,15,60,0.618798955613577
22993,75,15,60,0.6305188642172743
90042C,75,15,60,0.904109589041096
77101A,75,15,60,0.6926458314764247
23109,75,15,60,0.47855060391503546
84970S,75,15,60,0.7224473806204227
20977,75,15,60,0.632208922742111
22027,75,15,60,0.6917661411894103
21756,75,15,60,0.6894168677111758
22028,75,15,60,0.6352475191700496
20671,75,15,60,0.4378727649173777
20975,75,15,60,0.7118300607923975
22297,75,15,60,0.7030606705536704
21652,75,15,60,0.0
90003C,75,15,60,0.6111111111111112
22902,75,15,60,0.6680860261976185
22846,75,15,60,0.6140437028183092
44234,75,15,60,0.8776880951927171
22554,75,15,60,0.6524045591043061
20663,75,15,60,0.0416889043156915
21768,75,15,60,0.6360031625651079
22157,75,15,60,0.36627429881909235
22107,75,15,60,0.5394748206998652
90123A,75,15,60,0.7391304347826086
23245,75,15,60,0.526573904551108
20762,75,15,60,1.0
23145,75,15,60,0.6909788867562381
90194,75,30,45,0.8369422329356252
23204,75,30,45,0.7483651873530274
21930,75,30,45,0.7287712213472904
84564,75,30,45,1.0
22894,75,30,45,0.5666020317374263
20692,75,30,45,1.0
90035A,75,30,45,1.0
51008,75,30,45,0.6428223325242359
84510F,75,30,45,0.6
23192,75,30,45,0.7689433605557237
37506,75,30,45,1.0
22597,75,30,45,0.6383194385019817
90182C,75,30,45,0.7908440147123984
84711A,75,30,45,0.9
84874B,75,30,45,0.7154673129742029
85162C,75,30,45,1.0
90014C,75,30,45,0.9230769230769231
21824,75,30,45,0.31617118559810786
84816,75,30,45,0.9845737384531429
90064B,75,30,45,0.8319208033615839
22274,75,30,45,0.9001081399382198
47568,75,30,45,0.5923925198745463
21651,75,30,45,1.0
35265,75,30,45,0.8947368421052632
90124A,75,30,45,1.0
90065B,75,30,45,1.0
90011A,75,30,45,0.7014392914257597
90024D,75,30,45,0.8551058190564487
47590B,75,30,45,0.7960510722549101
22361,75,30,45,0.9307526324585904
23322,75,30,45,0.789209005888057
23201,75,30,45,0.8193252527966107
84906,75,30,45,0.8197484393605428
84563B,75,30,45,0.74414646387243
85135C,75,30,45,0.594067030937691
21471,75,30,45,0.8764897074756229
85015,75,30,45,0.7551014823767122
22745,75,30,45,0.6572164258939922
20894,75,30,45,0.5482493871558969
90016B,75,30,45,0.8256913405343724
16156L,75,30,45,0.9426962456264605
79323S,75,30,45,1.0
85099B,75,30,45,0.7661807271363708
22487,75,30,45,0.9177932778762694
22349,75,30,45,0.647579675415876
84199,75,30,45,1.0
23240,75,30,45,0.6847352506292319
23307,75,30,45,0.6291558897115035
22371,75,30,45,0.8728117791734598
90054,75,30,45,0.9418017890766603
22070,75,30,45,0.7111957394598118
21801,75,30,45,0.7505056571404609
23000,75,30,45,0.7824260711821314
23184,75,30,45,0.7454891420467389
21115,75,30,45,0.8343023236647854
21277,75,30,45,0.7080586069007391
21529,75,30,45,1.0
90003E,75,30,45,1.0
84251F,75,30,45,1.0
20836,75,30,45,0.6869537530844543
84595E,75,30,45,1.0
37489A,75,30,45,0.79743011302519
23147,75,30,45,0.6621992339593403
21274,75,30,45,0.6701277607288498
82482,75,30,45,0.7634353913561083
21918,75,30,45,0.9016577491539891
23077,75,30,45,0.7088512690552833
21085,75,30,45,1.0
84313A,75,30,45,1.0
23133,75,30,45,0.61958446365031
47505,75,30,45,1.0
23174,75,30,45,0.5056962369910801
21282,75,30,45,1.0
21931,75,30,45,0.769386464565591
22365,75,30,45,0.8769787546458957
82582,75,30,45,0.7668097613165522
21519,75,30,45,0.8130700266829968
84884A,75,30,45,0.5945141682550978
21672,75,30,45,0.7950130032268321
21259,75,30,45,0.7652741175372361
20724,75,30,45,0.8084026322636035
90023,75,30,45,0.8432076248749779
20725,75,30,45,0.7849560719598221
22286,75,30,45,1.0
23224,75,30,45,0.5425623998410833
90162D,75,30,45,1.0
85064,75,30,45,0.42949478575159983
22077,75,30,45,0.8758306060650614
35637C,75,30,45,0.8719961842942541
23047,75,30,45,0.6913583127245579
22120,75,30,45,0.8285443731136125
20727,75,30,45,0.8487544957552645
21578,75,30,45,0.7273778057315661
23231,75,30,45,0.7389177216923255
22993,75,30,45,0.7938992145901498
90042C,75,30,45,0.9726027397260274
77101A,75,30,45,1.0
23109,75,30,45,0.8239085677288112
84970S,75,30,45,0.8196299649910022
20977,75,30,45,0.7306778282543649
22027,75,30,45,0.8648032181207483
21756,75,30,45,0.7949852124779773
22028,75,30,45,0.7768533101638543
20671,75,30,45,0.5089732790607531
20975,75,30,45,0.7284108836991676
22297,75,30,45,0.7692615162308616
21652,75,30,45,1.0
90003C,75,30,45,0.7675946118076279
22902,75,30,45,0.7610576893757416
22846,75,30,45,0.792573457777469
44234,75,30,45,1.0
22554,75,30,45,0.7786873987199739
20663,75,30,45,0.5149469623915139
21768,75,30,45,0.8554591847255432
22157,75,30,45,0.5358623681091554
22107,75,30,45,0.6530829004886458
90123A,75,30,45,0.9130434782608696
23245,75,30,45,0.6134073165378943
20762,75,30,45,1.0
23145,75,30,45,0.7221805429212995
90194,75,45,30,0.8307042858520024
23204,75,45,30,0.8098457465715738
21930,75,45,30,0.8595527932900748
84564,75,45,30,1.0
22894,75,45,30,0.6053742449845991
20692,75,45,30,1.0
90035A,75,45,30,1.0
51008,75,45,30,0.8146585373557876
84510F,75,45,30,1.0
23192,75,45,30,0.7923447648104904
37506,75,45,30,1.0
22597,75,45,30,0.6963088981829926
90182C,75,45,30,1.0
84711A,75,45,30,0.9799336184808912
84874B,75,45,30,0.6693710807166666
85162C,75,45,30,1.0
90014C,75,45,30,0.9230769230769231
21824,75,45,30,0.4812441731101399
84816,75,45,30,0.8652639657680525
90064B,75,45,30,0.8319208033615839
22274,75,45,30,0.9151293816618667
47568,75,45,30,0.26600801275601627
21651,75,45,30,1.0
35265,75,45,30,0.8976275992226243
90124A,75,45,30,1.0
90065B,75,45,30,1.0
90011A,75,45,30,0.7877581372524228
90024D,75,45,30,0.9193118017272962
47590B,75,45,30,0.9222827164841915
22361,75,45,30,0.9395961192496106
23322,75,45,30,0.8482810209119732
23201,75,45,30,0.8712220848577544
84906,75,45,30,0.7661718568003344
84563B,75,45,30,0.763281334087654
85135C,75,45,30,0.6401940819281113
21471,75,45,30,0.8901601319057277
85015,75,45,30,0.9268731232140435
22745,75,45,30,0.7807214295552077
20894,75,45,30,0.6527570428070504
90016B,75,45,30,0.820724515478811
16156L,75,45,30,0.9128169852306243
79323S,75,45,30,1.0
85099B,75,45,30,0.8989955246085507
22487,75,45,30,0.9347193038455432
22349,75,45,30,0.8540283064614034
84199,75,45,30,1.0
23240,75,45,30,0.7614194360090695
23307,75,45,30,0.7522083354258724
22371,75,45,30,0.8291300426745117
90054,75,45,30,1.0
22070,75,45,30,0.7138592021439616
21801,75,45,30,0.7250490634599616
23000,75,45,30,0.851489458126313
23184,75,45,30,0.7984723185446092
21115,75,45,30,0.853430416735676
21277,75,45,30,0.8317931219191621
21529,75,45,30,1.0
90003E,75,45,30,1.0
84251F,75,45,30,0.7857142857142857
20836,75,45,30,0.6573822639402024
84595E,75,45,30,1.0
37489A,75,45,30,0.8753525078679332
23147,75,45,30,0.7323643251901275
21274,75,45,30,1.0
82482,75,45,30,0.8833774873061079
21918,75,45,30,0.9446641923418292
23077,75,45,30,0.7502076934575237
21085,75,45,30,1.0
84313A,75,45,30,1.0
23133,75,45,30,0.8089583380995238
47505,75,45,30,1.0
23174,75,45,30,0.7423130001364364
21282,75,45,30,1.0
21931,75,45,30,0.8520203319136557
22365,75,45,30,0.8741212325054355
82582,75,45,30,0.8122574900851784
21519,75,45,30,0.87497102072925
84884A,75,45,30,0.7261636187771072
21672,75,45,30,0.9091414747686863
21259,75,45,30,0.8466670434556502
20724,75,45,30,0.8480168513680488
90023,75,45,30,0.9294914325581556
20725,75,45,30,0.8451499545802551
22286,75,45,30,1.0
23224,75,45,30,0.6997212954947365
90162D,75,45,30,1.0
85064,75,45,30,0.49259066753081626
22077,75,45,30,0.9029738359922395
35637C,75,45,30,0.8650649162029045
23047,75,45,30,0.7603238299659372
22120,75,45,30,0.9050276065900947
20727,75,45,30,0.8640846899648607
21578,75,45,30,0.9649559599983883
23231,75,45,30,0.8677833268218792
22993,75,45,30,0.8555590928264986
90042C,75,45,30,1.0
77101A,75,45,30,0.9104068137646005
23109,75,45,30,0.8594276516494311
84970S,75,45,30,0.8783111802503726
20977,75,45,30,0.8851788878605743
22027,75,45,30,0.9353841612044271
21756,75,45,30,0.8884561717518565
22028,75,45,30,0.869161413906959
20671,75,45,30,0.6316351767322191
20975,75,45,30,0.864886872349788
22297,75,45,30,0.9303283865718693
21652,75,45,30,1.0
90003C,75,45,30,0.850531086278708
22902,75,45,30,0.7690697074027821
22846,75,45,30,0.8719200155370956
44234,75,45,30,1.0
22554,75,45,30,0.8888384394162021
20663,75,45,30,0.5722609119688804
21768,75,45,30,0.8479086108575201
22157,75,45,30,0.7000558973626985
22107,75,45,30,0.8711317419096839
90123A,75,45,30,0.9563158975122319
23245,75,45,30,0.721949081521377
20762,75,45,30,1.0
23145,75,45,30,0.7691761163413272
90194,75,60,15,0.9528741373035514
23204,75,60,15,0.8328747092513437
21930,75,60,15,0.892147307861803
84564,75,60,15,1.0
22894,75,60,15,0.6764566359377493
20692,75,60,15,1.0
90035A,75,60,15,1.0
51008,75,60,15,0.8348447687072013
84510F,75,60,15,1.0
23192,75,60,15,0.8919146517486571
37506,75,60,15,1.0
22597,75,60,15,0.8946121709906338
90182C,75,60,15,1.0
84711A,75,60,15,0.9760066727889296
84874B,75,60,15,0.5661504781698645
85162C,75,60,15,1.0
90014C,75,60,15,0.8584360883458882
21824,75,60,15,0.7319770011948343
84816,75,60,15,0.8864084366544353
90064B,75,60,15,0.8319208033615839
22274,75,60,15,0.8869131853040874
47568,75,60,15,0.5791314005400425
21651,75,60,15,0.954525451746407
35265,75,60,15,0.8947368421052632
90124A,75,60,15,1.0
90065B,75,60,15,1.0
90011A,75,60,15,0.8832574732439414
90024D,75,60,15,1.0
47590B,75,60,15,0.9467832198181378
22361,75,60,15,0.9340324294572041
23322,75,60,15,0.7505213704188047
23201,75,60,15,0.8217220127404086
84906,75,60,15,0.8590798415574468
84563B,75,60,15,0.8671077429695744
85135C,75,60,15,0.764575723205435
21471,75,60,15,0.8767131265826422
85015,75,60,15,1.0
22745,75,60,15,0.8414976072462012
20894,75,60,15,0.8242276204230773
90016B,75,60,15,0.868638401232972
16156L,75,60,15,0.894598875217384
79323S,75,60,15,1.0
85099B,75,60,15,0.9050683772989596
22487,75,60,15,0.971987198785366
22349,75,60,15,0.9784662839357484
84199,75,60,15,1.0
23240,75,60,15,0.8158867078676457
23307,75,60,15,0.8473757001419117
22371,75,60,15,0.932697506260484
90054,75,60,15,1.0
22070,75,60,15,0.7432511971913183
21801,75,60,15,0.7822843899566214
23000,75,60,15,0.8366499026323644
23184,75,60,15,0.8816510261860804
21115,75,60,15,0.7798196544386834
21277,75,60,15,0.8608958596340239
21529,75,60,15,1.0
90003E,75,60,15,0.9761848371498449
84251F,75,60,15,0.9166385707912408
20836,75,60,15,0.8791014554138457
84595E,75,60,15,1.0
37489A,75,60,15,0.8811915307839672
23147,75,60,15,0.820511913492864
21274,75,60,15,1.0
82482,75,60,15,0.918610075725187
21918,75,60,15,0.941973492641348
23077,75,60,15,0.8010155559412269
21085,75,60,15,1.0
84313A,75,60,15,1.0
23133,75,60,15,0.6835595134458625
47505,75,60,15,1.0
23174,75,60,15,0.8452062331901206
21282,75,60,15,1.0
21931,75,60,15,0.9197932274362685
22365,75,60,15,0.9028228489716513
82582,75,60,15,0.8992060153507644
21519,75,60,15,0.9357750306242589
84884A,75,60,15,0.905141469877335
21672,75,60,15,0.9223820381998963
21259,75,60,15,0.8637458266076664
20724,75,60,15,0.8982577950083235
90023,75,60,15,0.9188901416572341
20725,75,60,15,0.9010092564761197
22286,75,60,15,1.0
23224,75,60,15,0.7950071904626608
90162D,75,60,15,1.0
85064,75,60,15,0.8614457354899803
22077,75,60,15,0.8656361631392927
35637C,75,60,15,0.6868458372110635
23047,75,60,15,0.7948065885866269
22120,75,60,15,0.9500407604858611
20727,75,60,15,0.8943150021691322
21578,75,60,15,1.0
23231,75,60,15,0.8585159572179771
22993,75,60,15,0.8227382679702725
90042C,75,60,15,1.0
77101A,75,60,15,0.5639080267991149
23109,75,60,15,0.8952460606456827
84970S,75,60,15,0.9194370718545914
20977,75,60,15,0.8892368314793997
22027,75,60,15,0.9637441256340394
21756,75,60,15,0.9216736844582926
22028,75,60,15,0.9171832938014545
20671,75,60,15,0.7765805906143417
20975,75,60,15,0.8329180655481855
22297,75,60,15,0.9341495972868512
21652,75,60,15,1.0
90003C,75,60,15,0.9008053392409368
22902,75,60,15,0.8336666027457966
22846,75,60,15,0.859447694520597
44234,75,60,15,1.0
22554,75,60,15,0.9185527439019426
20663,75,60,15,0.580257810882483
21768,75,60,15,0.9579531401221204
22157,75,60,15,0.8451289166358726
22107,75,60,15,1.0
90123A,75,60,15,1.0
23245,75,60,15,0.7866022197941471
20762,75,60,15,1.0
23145,75,60,15,0.8328446277073678
90194,75,80,0,0.9758517839283759
23204,75,80,0,0.9500820774507123
21930,75,80,0,0.9753158285230399
84564,75,80,0,1.0
22894,75,80,0,0.9625936191860551
20692,75,80,0,1.0
90035A,75,80,0,1.0
51008,75,80,0,0.9403463042420122
84510F,75,80,0,1.0
23192,75,80,0,0.969192703909944
37506,75,80,0,1.0
22597,75,80,0,0.976515740001418
90182C,75,80,0,1.0
84711A,75,80,0,1.0
84874B,75,80,0,0.8932022433530228
85162C,75,80,0,1.0
90014C,75,80,0,1.0
21824,75,80,0,0.9534093054233514
84816,75,80,0,0.9775600630831203
90064B,75,80,0,0.9313576025890875
22274,75,80,0,0.9757740622345177
47568,75,80,0,0.9579480236380431
21651,75,80,0,0.9630206690803085
35265,75,80,0,0.944077827048035
90124A,75,80,0,0.9312895344448824
90065B,75,80,0,1.0
90011A,75,80,0,0.9003869445709357
90024D,75,80,0,1.0
47590B,75,80,0,0.9537600971331789
22361,75,80,0,0.9656237451015361
23322,75,80,0,0.960424942617332
23201,75,80,0,0.9556892483946772
84906,75,80,0,0.9331933055324649
84563B,75,80,0,0.94614617263275
85135C,75,80,0,0.9887700884726569
21471,75,80,0,0.9435303348121814
85015,75,80,0,1.0
22745,75,80,0,0.9600981552401168
20894,75,80,0,0.9804903715917785
90016B,75,80,0,0.932920171449794
16156L,75,80,0,0.9884791341658646
79323S,75,80,0,1.0
85099B,75,80,0,0.974821839894027
22487,75,80,0,0.9765666901012025
22349,75,80,0,0.9965214305971383
84199,75,80,0,1.0
23240,75,80,0,0.9750293600707985
23307,75,80,0,0.9735482079907757
22371,75,80,0,0.9643020619304101
90054,75,80,0,1.0
22070,75,80,0,1.0
21801,75,80,0,0.9612270174423698
23000,75,80,0,0.9630971401176961
23184,75,80,0,0.9614247590666221
21115,75,80,0,0.9761682627076663
21277,75,80,0,0.9617514312233888
21529,75,80,0,1.0
90003E,75,80,0,0.9439938886528377
84251F,75,80,0,0.9311265261930205
20836,75,80,0,0.9445082136621346
84595E,75,80,0,1.0
37489A,75,80,0,0.9988862232989218
23147,75,80,0,0.9802575916305664
21274,75,80,0,1.0
82482,75,80,0,0.977642977034452
21918,75,80,0,0.9781676285774322
23077,75,80,0,0.963608501718652
21085,75,80,0,1.0
84313A,75,80,0,1.0
23133,75,80,0,0.9395491878252112
47505,75,80,0,1.0
23174,75,80,0,0.9818573427289798
21282,75,80,0,1.0
21931,75,80,0,0.9754289444931185
22365,75,80,0,0.9478195509000045
82582,75,80,0,0.9623129378367065
21519,75,80,0,0.9848927241109028
84884A,75,80,0,0.9895314149049199
21672,75,80,0,0.9695471954790208
21259,75,80,0,0.9610872152033993
20724,75,80,0,0.973290316972239
90023,75,80,0,0.9803262134919994
20725,75,80,0,0.9804132629163322
22286,75,80,0,1.0
23224,75,80,0,0.9126982785348334
90162D,75,80,0,0.9594289926999823
85064,75,80,0,0.9765464968036314
22077,75,80,0,0.9778455499791268
35637C,75,80,0,0.9431521549840737
23047,75,80,0,0.9766046213387287
22120,75,80,0,0.9763579082887814
20727,75,80,0,0.9609048226903483
21578,75,80,0,1.0
23231,75,80,0,0.9606843654727992
22993,75,80,0,0.974086831638095
90042C,75,80,0,1.0
77101A,75,80,0,0.9772785148824022
23109,75,80,0,0.9557594769107418
84970S,75,80,0,0.9781749234821739
20977,75,80,0,0.9681648503614628
22027,75,80,0,0.9857476651807945
21756,75,80,0,0.9872608575417822
22028,75,80,0,0.9855771354154861
20671,75,80,0,0.9356087458709367
20975,75,80,0,0.9729123258208057
22297,75,80,0,0.996839437928487
21652,75,80,0,1.0
90003C,75,80,0,0.9606219336255639
22902,75,80,0,0.9305219716754506
22846,75,80,0,0.9648076429270614
44234,75,80,0,0.839848702121473
22554,75,80,0,0.9699701708282126
20663,75,80,0,0.9326274915872782
21768,75,80,0,1.0
22157,75,80,0,0.9759910455252112
22107,75,80,0,1.0
90123A,75,80,0,0.9706000235314913
23245,75,80,0,0.9580611115010845
20762,75,80,0,1.0
23145,75,80,0,0.9456312873603356
90194,75,100,0,0.9820398997710091
23204,75,100,0,0.9792966173284825
21930,75,100,0,0.9849702971438046
84564,75,100,0,1.0
22894,75,100,0,0.9645849548169302
20692,75,100,0,1.0
90035A,75,100,0,1.0
51008,75,100,0,0.9713105131306746
84510F,75,100,0,1.0
23192,75,100,0,0.9843979720130391
37506,75,100,0,1.0
22597,75,100,0,0.9792337754074086
90182C,75,100,0,1.0
84711A,75,100,0,1.0
84874B,75,100,0,1.0
85162C,75,100,0,1.0
90014C,75,100,0,0.9939413759421333
21824,75,100,0,0.9657547526607299
84816,75,100,0,1.0
90064B,75,100,0,0.9616181385090822
22274,75,100,0,0.9815962574321822
47568,75,100,0,0.913966598022731
21651,75,100,0,0.9534836272066148
35265,75,100,0,0.9835327114985521
90124A,75,100,0,0.95733399221854
90065B,75,100,0,1.0
90011A,75,100,0,0.918085312632835
90024D,75,100,0,1.0
47590B,75,100,0,0.9940397793268726
22361,75,100,0,0.9484400798016243
23322,75,100,0,0.9696425454567588
23201,75,100,0,0.9712777258167229
84906,75,100,0,0.9952473381168905
84563B,75,100,0,0.9557488402520452
85135C,75,100,0,0.9626917545058885
21471,75,100,0,0.9875936489199107
85015,75,100,0,1.0
22745,75,100,0,0.993717003137879
20894,75,100,0,0.9950922327320824
90016B,75,100,0,0.953591508278623
16156L,75,100,0,0.9612123086755542
79323S,75,100,0,1.0
85099B,75,100,0,0.9962643644987408
22487,75,100,0,0.987673935697361
22349,75,100,0,0.998265503395726
84199,75,100,0,1.0
23240,75,100,0,0.9579149919320137
23307,75,100,0,0.9891137507569674
22371,75,100,0,0.9941315484746265
90054,75,100,0,1.0
22070,75,100,0,0.9995640784727385
21801,75,100,0,0.9889820380294888
23000,75,100,0,0.9888430888123164
23184,75,100,0,0.9621181708809952
21115,75,100,0,0.9903889368393564
21277,75,100,0,0.9846930294892682
21529,75,100,0,1.0
90003E,75,100,0,0.9224493160637421
84251F,75,100,0,0.9687842748517791
20836,75,100,0,1.0
84595E,75,100,0,1.0
37489A,75,100,0,0.9836897570685343
23147,75,100,0,0.9725664696321079
21274,75,100,0,1.0
82482,75,100,0,0.9945700875919659
21918,75,100,0,0.9804030546139538
23077,75,100,0,0.9856979068046263
21085,75,100,0,1.0
84313A,75,100,0,1.0
23133,75,100,0,0.9966627327209955
47505,75,100,0,1.0
23174,75,100,0,0.9861037571880166
21282,75,100,0,1.0
21931,75,100,0,0.9801346245733671
22365,75,100,0,0.9931602908513711
82582,75,100,0,0.9838671557183095
21519,75,100,0,0.9933526995888127
84884A,75,100,0,0.9830637746864267
21672,75,100,0,0.989416805221231
21259,75,100,0,0.9658698612809845
20724,75,100,0,0.9838965690160728
90023,75,100,0,0.9917355146261176
20725,75,100,0,0.9947725517246705
22286,75,100,0,1.0
23224,75,100,0,0.9627041203665433
90162D,75,100,0,0.9470213483777936
85064,75,100,0,0.9917802974839344
22077,75,100,0,0.9780236993351321
35637C,75,100,0,0.9609073479486022
23047,75,100,0,0.9504827273641178
22120,75,100,0,0.9946028186583882
20727,75,100,0,0.9859532392432071
21578,75,100,0,1.0
23231,75,100,0,0.9806123455319876
22993,75,100,0,0.9886566063216433
90042C,75,100,0,1.0
77101A,75,100,0,0.9970490338990438
23109,75,100,0,0.986948676334706
84970S,75,100,0,0.9900705887471454
20977,75,100,0,0.9841603524403267
22027,75,100,0,0.9955684931241368
21756,75,100,0,0.9919169878258953
22028,75,100,0,0.9956949059243941
20671,75,100,0,0.9840178364744977
20975,75,100,0,0.9863183025563823
22297,75,100,0,0.9960723435640493
21652,75,100,0,1.0
90003C,75,100,0,0.9655586716350241
22902,75,100,0,0.9570606915388019
22846,75,100,0,0.9954350443891685
44234,75,100,0,1.0
22554,75,100,0,0.9859698701983248
20663,75,100,0,1.0
21768,75,100,0,0.9926161011440181
22157,75,100,0,0.995189067095342
22107,75,100,0,1.0
90123A,75,100,0,0.9297547338574339
23245,75,100,0,0.9698895587278747
20762,75,100,0,1.0
23145,75,100,0,0.9807129719130837
90194,75,120,0,1.0
23204,75,120,0,0.987642236353479
21930,75,120,0,0.9952898924703287
84564,75,120,0,1.0
22894,75,120,0,0.9909521660118883
20692,75,120,0,1.0
90035A,75,120,0,1.0
51008,75,120,0,1.0
84510F,75,120,0,1.0
23192,75,120,0,0.9832819404174011
37506,75,120,0,1.0
22597,75,120,0,0.9701864412623404
90182C,75,120,0,1.0
84711A,75,120,0,1.0
84874B,75,120,0,0.9976115923260769
85162C,75,120,0,1.0
90014C,75,120,0,0.9915325167983231
21824,75,120,0,0.9893057242156049
84816,75,120,0,0.97744510109563
90064B,75,120,0,0.9656945876866413
22274,75,120,0,0.9868830647110296
47568,75,120,0,0.9921587000543852
21651,75,120,0,0.9581163381193879
35265,75,120,0,0.965120453710513
90124A,75,120,0,0.9777059264448148
90065B,75,120,0,1.0
90011A,75,120,0,0.8816763587089517
90024D,75,120,0,1.0
47590B,75,120,0,0.9847763536515937
22361,75,120,0,0.9931143571295415
23322,75,120,0,0.9864024989920981
23201,75,120,0,0.9807176644633571
84906,75,120,0,0.9864851802712353
84563B,75,120,0,0.9670525092894655
85135C,75,120,0,0.980311413200058
21471,75,120,0,0.9693806153542893
85015,75,120,0,1.0
22745,75,120,0,0.9815084671743758
20894,75,120,0,1.0
90016B,75,120,0,0.9084087979133317
16156L,75,120,0,0.9675648381745869
79323S,75,120,0,1.0
85099B,75,120,0,0.99966838698997
22487,75,120,0,0.9804772436892284
22349,75,120,0,1.0
84199,75,120,0,1.0
23240,75,120,0,0.9728327327402974
23307,75,120,0,0.9617965518469712
22371,75,120,0,0.9906765233663898
90054,75,120,0,1.0
22070,75,120,0,0.9939151309469487
21801,75,120,0,0.9876353152448224
23000,75,120,0,0.9866422252119187
23184,75,120,0,0.9674676780326797
21115,75,120,0,0.9918802945290576
21277,75,120,0,0.9606013208709654
21529,75,120,0,1.0
90003E,75,120,0,1.0
84251F,75,120,0,1.0
20836,75,120,0,0.9594125541264584
84595E,75,120,0,1.0
37489A,75,120,0,0.9717426774490482
23147,75,120,0,0.9898807778160257
21274,75,120,0,1.0
82482,75,120,0,0.9923588641083869
21918,75,120,0,0.9848793656916357
23077,75,120,0,0.9846270592036422
21085,75,120,0,1.0
84313A,75,120,0,1.0
23133,75,120,0,0.9340106388757438
47505,75,120,0,1.0
23174,75,120,0,0.9867339647349153
21282,75,120,0,1.0
21931,75,120,0,0.994372157965305
22365,75,120,0,0.9934275523802574
82582,75,120,0,0.9866313432619815
21519,75,120,0,0.996662905787174
84884A,75,120,0,0.9969729779749829
21672,75,120,0,0.9810467742561354
21259,75,120,0,0.9859964874566712
20724,75,120,0,0.9943458425390281
90023,75,120,0,0.9835453414156458
20725,75,120,0,0.9851447339189809
22286,75,120,0,1.0
23224,75,120,0,0.9854570733528693
90162D,75,120,0,0.8998692965645507
85064,75,120,0,0.9996008485472307
22077,75,120,0,0.987290557712234
35637C,75,120,0,0.9370893994065246
23047,75,120,0,0.9854529813873184
22120,75,120,0,0.9942697879964054
20727,75,120,0,0.9834411299988269
21578,75,120,0,1.0
23231,75,120,0,0.9852492747623981
22993,75,120,0,0.9791657124670536
90042C,75,120,0,1.0
77101A,75,120,0,1.0
23109,75,120,0,1.0
84970S,75,120,0,0.9932714494958712
20977,75,120,0,0.9750555861382993
22027,75,120,0,0.9934765295262847
21756,75,120,0,0.9898055164103929
22028,75,120,0,0.9891872041528791
20671,75,120,0,0.9769007659626924
20975,75,120,0,0.9775546088710196
22297,75,120,0,1.0
21652,75,120,0,1.0
90003C,75,120,0,0.9922108863574002
22902,75,120,0,0.9788005849829959
22846,75,120,0,0.9928385967358566
44234,75,120,0,0.9419677838287858
22554,75,120,0,0.9843141510582996
20663,75,120,0,0.8756046377553377
21768,75,120,0,1.0
22157,75,120,0,0.9811235401245847
22107,75,120,0,1.0
90123A,75,120,0,0.9782820725912171
23245,75,120,0,0.9692567347755204
20762,75,120,0,1.0
23145,75,120,0,0.9839694323799841
90194,90,15,75,0.7692307692307692
23204,90,15,75,0.5783728044756733
21930,90,15,75,0.6750854447069383
84564,90,15,75,1.0
22894,90,15,75,0.5003661674401726
20692,90,15,75,1.0
90035A,90,15,75,1.0
51008,90,15,75,0.43604213694507143
84510F,90,15,75,1.0
23192,90,15,75,0.6872151111863516
37506,90,15,75,1.0
22597,90,15,75,0.5906862444453952
90182C,90,15,75,0.5200077324569882
84711A,90,15,75,0.833378439332431
84874B,90,15,75,0.4324603995860862
85162C,90,15,75,1.0
90014C,90,15,75,0.8415651781686965
21824,90,15,75,0.3214378972089952
84816,90,15,75,0.7391304347826086
90064B,90,15,75,0.7153336656933267
22274,90,15,75,0.7609312052195321
47568,90,15,75,0.7183922759024247
21651,90,15,75,0.6238621348404043
35265,90,15,75,0.8382551938231314
90124A,90,15,75,1.0
90065B,90,15,75,1.0
90011A,90,15,75,0.6105302005166686
90024D,90,15,75,1.0
47590B,90,15,75,0.7227885563959224
22361,90,15,75,0.8492003046458492
23322,90,15,75,0.6280571011244334
23201,90,15,75,0.6963898647133567
84906,90,15,75,0.5454545454545454
84563B,90,15,75,0.6463649753912846
85135C,90,15,75,0.5641025641025641
21471,90,15,75,0.7992159757247713
85015,90,15,75,0.6876312709099512
22745,90,15,75,0.4822103238681196
20894,90,15,75,0.28684709066305825
90016B,90,15,75,0.6538461538461539
16156L,90,15,75,0.8
79323S,90,15,75,1.0
85099B,90,15,75,0.6037392039083855
22487,90,15,75,0.8676056338028169
22349,90,15,75,0.48820778490853056
84199,90,15,75,1.0
23240,90,15,75,0.5124944479536466
23307,90,15,75,0.47861458511062305
22371,90,15,75,0.7407956902880559
90054,90,15,75,0.6707609035078589
22070,90,15,75,0.6015529113342555
21801,90,15,75,0.38276593907636136
23000,90,15,75,0.7168316214817214
23184,90,15,75,0.5784410871268304
21115,90,15,75,0.6544385933449632
21277,90,15,75,0.75
21529,90,15,75,1.0
90003E,90,15,75,0.5555555555555556
84251F,90,15,75,1.0
20836,90,15,75,0.6192310753800844
84595E,90,15,75,1.0
37489A,90,15,75,0.775
23147,90,15,75,0.5508021390374331
21274,90,15,75,0.26825439783491223
82482,90,15,75,0.6975533633069972
21918,90,15,75,0.6836656441717792
23077,90,15,75,0.49521774634144444
21085,90,15,75,1.0
84313A,90,15,75,0.4
23133,90,15,75,0.4542947025253592
47505,90,15,75,1.0
23174,90,15,75,0.29666777771728225
21282,90,15,75,1.0
21931,90,15,75,0.6418271358434808
22365,90,15,75,0.5654315931913682
82582,90,15,75,0.7188112070422656
21519,90,15,75,0.6493452504676782
84884A,90,15,75,0.4651639344262295
21672,90,15,75,0.7405723936996398
21259,90,15,75,0.6144941446195114
20724,90,15,75,0.675746503524044
90023,90,15,75,0.669294581396717
20725,90,15,75,0.6484866245728569
22286,90,15,75,1.0
23224,90,15,75,0.1314619844439312
90162D,90,15,75,0.9908885881822281
85064,90,15,75,0.33365861408733477
22077,90,15,75,0.6923747998464354
35637C,90,15,75,0.7750660480701076
23047,90,15,75,0.587910036862489
22120,90,15,75,0.6902960833837739
20727,90,15,75,0.7472223855152549
21578,90,15,75,0.6793662591794999
23231,90,15,75,0.7034298844692612
22993,90,15,75,0.7107796717171717
90042C,90,15,75,0.9850746268656716
77101A,90,15,75,1.0
23109,90,15,75,0.6776343190337359
84970S,90,15,75,0.6465716120218331
20977,90,15,75,0.5836418075867029
22027,90,15,75,0.6670601726356478
21756,90,15,75,0.7487828627069133
22028,90,15,75,0.6162806785472044
20671,90,15,75,0.5112781954887218
20975,90,15,75,0.6517478057962616
22297,90,15,75,0.6455594002306805
21652,90,15,75,0.0
90003C,90,15,75,0.6947827394376787
22902,90,15,75,0.6313631475630224
22846,90,15,75,0.5942070633784026
44234,90,15,75,0.8708920187793427
22554,90,15,75,0.6409126220353412
20663,90,15,75,0.03786814070981859
21768,90,15,75,0.3835009695464754
22157,90,15,75,0.23627844712182067
22107,90,15,75,0.5275830256852734
90123A,90,15,75,0.8
23245,90,15,75,0.4732468634940056
20762,90,15,75,1.0
23145,90,15,75,0.6588291746641075
90194,90,30,60,0.8432797577478273
23204,90,30,60,0.685500105976699
21930,90,30,60,0.7875418016180845
84564,90,30,60,1.0
22894,90,30,60,0.5423693984579432
20692,90,30,60,1.0
90035A,90,30,60,1.0
51008,90,30,60,0.4499843188092326
84510F,90,30,60,1.0
23192,90,30,60,0.7291058555962016
37506,90,30,60,1.0
22597,90,30,60,0.5587149974775527
90182C,90,30,60,0.8128189953956948
84711A,90,30,60,0.9111411817771762
84874B,90,30,60,0.968826618365154
85162C,90,30,60,1.0
90014C,90,30,60,0.8333333333333334
21824,90,30,60,0.4358356735249588
84816,90,30,60,1.0
90064B,90,30,60,0.7792892244142156
22274,90,30,60,1.0
47568,90,30,60,0.0855855855855856
21651,90,30,60,0.5548370652672058
35265,90,30,60,1.0
90124A,90,30,60,1.0
90065B,90,30,60,1.0
90011A,90,30,60,0.7490687633528672
90024D,90,30,60,1.0
47590B,90,30,60,0.8641297973118569
22361,90,30,60,1.0
23322,90,30,60,0.7265648901608912
23201,90,30,60,0.7856270957296453
84906,90,30,60,0.8217379477577296
84563B,90,30,60,0.8149401781082595
85135C,90,30,60,0.6022566929262336
21471,90,30,60,0.8887654378135894
85015,90,30,60,0.7044488174998679
22745,90,30,60,0.555434634339196
20894,90,30,60,0.4238265807038093
90016B,90,30,60,0.7539883264921659
16156L,90,30,60,1.0
79323S,90,30,60,1.0
85099B,90,30,60,0.8526148352755933
22487,90,30,60,1.0
22349,90,30,60,0.8037636474403669
84199,90,30,60,1.0
23240,90,30,60,0.5853563686416543
23307,90,30,60,0.5397692497283494
22371,90,30,60,0.7976969414971586
90054,90,30,60,0.9328567536434045
22070,90,30,60,0.8096964385194786
21801,90,30,60,0.7143301526763572
23000,90,30,60,0.7486827725381705
23184,90,30,60,0.6604135391955919
21115,90,30,60,0.6596628279886325
21277,90,30,60,0.7726829631548012
21529,90,30,60,1.0
90003E,90,30,60,1.0
84251F,90,30,60,1.0
20836,90,30,60,0.6869537530844543
84595E,90,30,60,1.0
37489A,90,30,60,0.6977460256385559
23147,90,30,60,0.6050790467446273
21274,90,30,60,1.0
82482,90,30,60,0.823806502696167
21918,90,30,60,0.83873130892547
23077,90,30,60,0.7991330967211022
21085,90,30,60,1.0
84313A,90,30,60,1.0
23133,90,30,60,0.6774804333955162
47505,90,30,60,1.0
23174,90,30,60,0.4765394265166837
21282,90,30,60,1.0
21931,90,30,60,0.765515665434703
22365,90,30,60,0.8823262715436219
82582,90,30,60,0.8178129015154004
21519,90,30,60,0.8023613164628359
84884A,90,30,60,0.726986154020896
21672,90,30,60,0.8473136107069446
21259,90,30,60,0.6948168428291872
20724,90,30,60,0.6893360930384219
90023,90,30,60,0.8432076248749779
20725,90,30,60,0.7665136300767669
22286,90,30,60,1.0
23224,90,30,60,0.43100067773628536
90162D,90,30,60,1.0
85064,90,30,60,0.4718871383664458
22077,90,30,60,0.90048500448346
35637C,90,30,60,0.7589204696756676
23047,90,30,60,0.587910036862489
22120,90,30,60,0.9024466016739234
20727,90,30,60,0.7415102019464638
21578,90,30,60,0.7130263639990888
23231,90,30,60,0.8128156203494317
22993,90,30,60,0.7516623226514126
90042C,90,30,60,0.9850746268656716
77101A,90,30,60,1.0
23109,90,30,60,0.7984471171430108
84970S,90,30,60,0.8219260089518581
20977,90,30,60,0.8650298441249451
22027,90,30,60,0.8966137917756936
21756,90,30,60,0.8355645400727263
22028,90,30,60,0.7985089222621478
20671,90,30,60,0.3384829001262869
20975,90,30,60,0.6827729402120832
22297,90,30,60,0.9000994472582247
21652,90,30,60,1.0
90003C,90,30,60,0.7716906142363794
22902,90,30,60,0.7420291465615202
22846,90,30,60,0.7552339011847036
44234,90,30,60,1.0
22554,90,30,60,0.9018309022867323
20663,90,30,60,0.059327015010370854
21768,90,30,60,0.6054640749267267
22157,90,30,60,0.327039013767335
22107,90,30,60,0.7044316143792984
90123A,90,30,60,0.8
23245,90,30,60,0.526573904551108
20762,90,30,60,1.0
23145,90,30,60,0.6914128112400718
90194,90,45,45,0.6788549419942977
23204,90,45,45,0.7364188572915663
21930,90,45,45,0.9095838220590151
84564,90,45,45,1.0
22894,90,45,45,0.5633710139668284
20692,90,45,45,1.0
90035A,90,45,45,1.0
51008,90,45,45,0.6217966058875195
84510F,90,45,45,1.0
23192,90,45,45,0.770430508865378
37506,90,45,45,1.0
22597,90,45,45,0.6797026753493967
90182C,90,45,45,1.0
84711A,90,45,45,1.0
84874B,90,45,45,1.0
85162C,90,45,45,1.0
90014C,90,45,45,1.0
21824,90,45,45,0.4986277771396884
84816,90,45,45,1.0
90064B,90,45,45,0.8319208033615839
22274,90,45,45,1.0
47568,90,45,45,0.0
21651,90,45,45,0.7708891571230035
35265,90,45,45,1.0
90124A,90,45,45,1.0
90065B,90,45,45,1.0
90011A,90,45,45,0.7493472541377273
90024D,90,45,45,1.0
47590B,90,45,45,0.899597523101333
22361,90,45,45,1.0
23322,90,45,45,0.7891289165383768
23201,90,45,45,0.813713917139929
84906,90,45,45,0.7511796584550936
84563B,90,45,45,0.6003841710355804
85135C,90,45,45,0.6292584045481183
21471,90,45,45,1.0
85015,90,45,45,0.9255585771288626
22745,90,45,45,0.708489256822771
20894,90,45,45,0.6121694409107943
90016B,90,45,45,0.8551485421654607
16156L,90,45,45,1.0
79323S,90,45,45,1.0
85099B,90,45,45,0.9046433875971753
22487,90,45,45,1.0
22349,90,45,45,0.9477303285466836
84199,90,45,45,1.0
23240,90,45,45,0.6830630098265563
23307,90,45,45,0.6308329507014553
22371,90,45,45,0.8839053796028647
90054,90,45,45,1.0
22070,90,45,45,0.649598741579628
21801,90,45,45,0.8581003672992855
23000,90,45,45,0.7814799973883755
23184,90,45,45,0.7454891420467389
21115,90,45,45,0.8740848578622483
21277,90,45,45,0.8770535832598901
21529,90,45,45,1.0
90003E,90,45,45,1.0
84251F,90,45,45,0.9761904761904762
20836,90,45,45,1.0
84595E,90,45,45,1.0
37489A,90,45,45,0.9177687869417144
23147,90,45,45,0.6407464870071862
21274,90,45,45,1.0
82482,90,45,45,0.9001738227935427
21918,90,45,45,0.8388813434492886
23077,90,45,45,0.8435244524103559
21085,90,45,45,1.0
84313A,90,45,45,1.0
23133,90,45,45,0.8642130618205981
47505,90,45,45,1.0
23174,90,45,45,0.5238341382589387
21282,90,45,45,1.0
21931,90,45,45,0.8260021443410139
22365,90,45,45,0.7816427322707892
82582,90,45,45,0.8638378068952146
21519,90,45,45,0.894335664505624
84884A,90,45,45,0.9494934938859307
21672,90,45,45,0.928826229369095
21259,90,45,45,0.746282857645972
20724,90,45,45,0.7776129140287641
90023,90,45,45,0.9383825192598969
20725,90,45,45,0.8358244884918876
22286,90,45,45,1.0
23224,90,45,45,0.6151063360727058
90162D,90,45,45,1.0
85064,90,45,45,0.5536987130076811
22077,90,45,45,0.923283276392016
35637C,90,45,45,0.9862317025696011
23047,90,45,45,0.6913583127245579
22120,90,45,45,0.9018072843907013
20727,90,45,45,0.8552494452207974
21578,90,45,45,1.0
23231,90,45,45,0.8471704368947114
22993,90,45,45,0.7932882361003396
90042C,90,45,45,1.0
77101A,90,45,45,1.0
23109,90,45,45,0.8298566395711304
84970S,90,45,45,0.8733185483425976
20977,90,45,45,0.8989720350703712
22027,90,45,45,0.8932578939690637
21756,90,45,45,1.0
22028,90,45,45,0.8891883853205047
20671,90,45,45,0.6241047344117967
20975,90,45,45,0.7292201694848583
22297,90,45,45,0.9274736547197231
21652,90,45,45,1.0
90003C,90,45,45,0.813468119147144
22902,90,45,45,0.7540471736020811
22846,90,45,45,0.7902397354904211
44234,90,45,45,1.0
22554,90,45,45,0.9292830908584787
20663,90,45,45,0.5699755607668544
21768,90,45,45,0.7872204961644439
22157,90,45,45,0.4505690952321091
22107,90,45,45,0.9828023399515727
90123A,90,45,45,0.841088075906341
23245,90,45,45,0.5962608638086194
20762,90,45,45,1.0
23145,90,45,45,0.7140000228903997
90194,90,60,30,0.865823181538512
23204,90,60,30,0.8242662735616844
21930,90,60,30,0.8760108726782073
84564,90,60,30,1.0
22894,90,60,30,0.6053742449845991
20692,90,60,30,1.0
90035A,90,60,30,1.0
51008,90,60,30,0.7676937220146124
84510F,90,60,30,1.0
23192,90,60,30,0.795952150603304
37506,90,60,30,1.0
22597,90,60,30,0.632790310394608
90182C,90,60,30,1.0
84711A,90,60,30,1.0
84874B,90,60,30,1.0
85162C,90,60,30,1.0
90014C,90,60,30,0.9002475286089372
21824,90,60,30,0.4605711197030419
84816,90,60,30,0.9576029193331786
90064B,90,60,30,0.8319208033615839
22274,90,60,30,1.0
47568,90,60,30,0.0
21651,90,60,30,0.6687845566164038
35265,90,60,30,1.0
90124A,90,60,30,1.0
90065B,90,60,30,1.0
90011A,90,60,30,0.8832574732439414
90024D,90,60,30,1.0
47590B,90,60,30,0.8440956532364771
22361,90,60,30,0.9422506016241551
23322,90,60,30,0.8719892983816547
23201,90,60,30,0.8582975298571808
84906,90,60,30,0.7058929434138019
84563B,90,60,30,0.6566718945545704
85135C,90,60,30,0.6547535492458971
21471,90,60,30,0.9061440960221867
85015,90,60,30,1.0
22745,90,60,30,0.7765720519618468
20894,90,60,30,0.6841553147248474
90016B,90,60,30,0.8655386650182846
16156L,90,60,30,1.0
79323S,90,60,30,1.0
85099B,90,60,30,0.916669079584541
22487,90,60,30,1.0
22349,90,60,30,1.0
84199,90,60,30,1.0
23240,90,60,30,0.7583138459469577
23307,90,60,30,0.7500242709389898
22371,90,60,30,0.9471691505555137
90054,90,60,30,1.0
22070,90,60,30,0.8586828883910074
21801,90,60,30,0.8377846560881674
23000,90,60,30,0.8468090655411704
23184,90,60,30,0.7933205851114883
21115,90,60,30,0.910047854000207
21277,90,60,30,0.9062791638132646
21529,90,60,30,1.0
90003E,90,60,30,1.0
84251F,90,60,30,0.9761904761904762
20836,90,60,30,1.0
84595E,90,60,30,1.0
37489A,90,60,30,0.8451797755844512
23147,90,60,30,0.7194827208651671
21274,90,60,30,1.0
82482,90,60,30,0.8755519356889927
21918,90,60,30,0.7976475705634019
23077,90,60,30,0.8858672272543309
21085,90,60,30,1.0
84313A,90,60,30,1.0
23133,90,60,30,0.8791322308576213
47505,90,60,30,1.0
23174,90,60,30,0.7416880490924309
21282,90,60,30,1.0
21931,90,60,30,0.9248869541375926
22365,90,60,30,0.8606252298511232
82582,90,60,30,0.8058766742496306
21519,90,60,30,0.9356580028447364
84884A,90,60,30,0.9707866193835315
21672,90,60,30,0.9603753447050939
21259,90,60,30,0.8249638213635722
20724,90,60,30,0.9311802962581801
90023,90,60,30,0.885014139812462
20725,90,60,30,0.8991700203119202
22286,90,60,30,1.0
23224,90,60,30,0.74967696572135
90162D,90,60,30,1.0
85064,90,60,30,0.5684895524318412
22077,90,60,30,0.8435413114203276
35637C,90,60,30,0.8978268234133471
23047,90,60,30,0.7603238299659372
22120,90,60,30,0.9270365683886712
20727,90,60,30,0.8658610931348892
21578,90,60,30,1.0
23231,90,60,30,0.8677833268218792
22993,90,60,30,0.8599614873187617
90042C,90,60,30,1.0
77101A,90,60,30,1.0
23109,90,60,30,0.8569286928822508
84970S,90,60,30,0.951787435093009
20977,90,60,30,0.9147235752948828
22027,90,60,30,1.0
21756,90,60,30,1.0
22028,90,60,30,0.9333584499151383
20671,90,60,30,0.7273555702372441
20975,90,60,30,0.8218516137133337
22297,90,60,30,1.0
21652,90,60,30,1.0
90003C,90,60,30,1.0
22902,90,60,30,0.766565951769332
22846,90,60,30,0.8718247926840543
44234,90,60,30,1.0
22554,90,60,30,0.8866989128682051
20663,90,60,30,0.5734035934270899
21768,90,60,30,0.9421213454820018
22157,90,60,30,0.5563631927052781
22107,90,60,30,1.0
90123A,90,60,30,1.0
23245,90,60,30,0.7147129638558115
20762,90,60,30,1.0
23145,90,60,30,0.7616119500209939
90194,90,80,10,0.9022585849944427
23204,90,80,10,0.9220227464736689
21930,90,80,10,0.9370891983378498
84564,90,80,10,1.0
22894,90,80,10,0.7152288491849221
20692,90,80,10,1.0
90035A,90,80,10,1.0
51008,90,80,10,0.9059672985610783
84510F,90,80,10,1.0
23192,90,80,10,0.905726232410128
37506,90,80,10,1.0
22597,90,80,10,0.7843132271812455
90182C,90,80,10,1.0
84711A,90,80,10,1.0
84874B,90,80,10,1.0
85162C,90,80,10,1.0
90014C,90,80,10,1.0
21824,90,80,10,0.7150987214903639
84816,90,80,10,0.9046167102271043
90064B,90,80,10,0.8319208033615839
22274,90,80,10,1.0
47568,90,80,10,0.38397268858820677
21651,90,80,10,0.8304832187811029
35265,90,80,10,1.0
90124A,90,80,10,1.0
90065B,90,80,10,1.0
90011A,90,80,10,0.8419487989347477
90024D,90,80,10,1.0
47590B,90,80,10,0.9045693988222996
22361,90,80,10,0.9579463750171414
23322,90,80,10,0.840562594571097
23201,90,80,10,0.8949125438560996
84906,90,80,10,0.8288013206438141
84563B,90,80,10,0.7716097779154825
85135C,90,80,10,0.7432230911108371
21471,90,80,10,0.938723244469768
85015,90,80,10,1.0
22745,90,80,10,0.8837236262845218
20894,90,80,10,0.8854252851530319
90016B,90,80,10,0.8490378361786011
16156L,90,80,10,1.0
79323S,90,80,10,1.0
85099B,90,80,10,0.9322591626458905
22487,90,80,10,0.951131473009855
22349,90,80,10,1.0
84199,90,80,10,1.0
23240,90,80,10,0.8693984135532644
23307,90,80,10,0.8778676335764051
22371,90,80,10,0.9445698575887672
90054,90,80,10,1.0
22070,90,80,10,0.9892216572418181
21801,90,80,10,0.7987738389515798
23000,90,80,10,0.8577873058110745
23184,90,80,10,0.8661072873744744
21115,90,80,10,0.875439269064883
21277,90,80,10,0.9097429424120346
21529,90,80,10,1.0
90003E,90,80,10,1.0
84251F,90,80,10,0.3196694976820377
20836,90,80,10,1.0
84595E,90,80,10,1.0
37489A,90,80,10,0.8573115633602045
23147,90,80,10,0.8624859369118377
21274,90,80,10,1.0
82482,90,80,10,0.9239221048395523
21918,90,80,10,0.9080025615866496
23077,90,80,10,0.7958228246881016
21085,90,80,10,1.0
84313A,90,80,10,1.0
23133,90,80,10,0.9087540879152647
47505,90,80,10,1.0
23174,90,80,10,0.8911397287420753
21282,90,80,10,1.0
21931,90,80,10,0.9451266261806005
22365,90,80,10,0.9695705343648433
82582,90,80,10,0.8841393540714455
21519,90,80,10,0.9721879221018148
84884A,90,80,10,1.0
21672,90,80,10,0.9759557292819951
21259,90,80,10,0.9304778941611587
20724,90,80,10,0.9477169122749242
90023,90,80,10,0.8828007829218423
20725,90,80,10,0.9697411264559863
22286,90,80,10,1.0
23224,90,80,10,0.8462320766725107
90162D,90,80,10,1.0
85064,90,80,10,0.848746938725629
22077,90,80,10,0.8989920173768802
35637C,90,80,10,0.9979865097285573
23047,90,80,10,0.8292893472073165
22120,90,80,10,0.9615568992159624
20727,90,80,10,0.9245258212079596
21578,90,80,10,1.0
23231,90,80,10,0.8948552136693135
22993,90,80,10,0.8720024312176821
90042C,90,80,10,1.0
77101A,90,80,10,1.0
23109,90,80,10,0.9139882513995352
84970S,90,80,10,1.0
20977,90,80,10,0.9272949877084332
22027,90,80,10,1.0
21756,90,80,10,1.0
22028,90,80,10,0.972638439731145
20671,90,80,10,0.9131792886158556
20975,90,80,10,0.9344377210576381
22297,90,80,10,1.0
21652,90,80,10,1.0
90003C,90,80,10,1.0
22902,90,80,10,0.8702214349941693
22846,90,80,10,0.9020593489814551
44234,90,80,10,1.0
22554,90,80,10,0.9392417279839381
20663,90,80,10,0.5977888126301227
21768,90,80,10,1.0
22157,90,80,10,0.8061209013328929
22107,90,80,10,1.0
90123A,90,80,10,1.0
23245,90,80,10,0.8418096016378056
20762,90,80,10,1.0
23145,90,80,10,0.867433433632795
90194,90,100,0,1.0
23204,90,100,0,0.9664313161429289
21930,90,100,0,0.9766348069820651
84564,90,100,0,1.0
22894,90,100,0,0.97426372724318
20692,90,100,0,1.0
90035A,90,100,0,1.0
51008,90,100,0,0.9839893202696662
84510F,90,100,0,1.0
23192,90,100,0,0.9728544315983964
37506,90,100,0,1.0
22597,90,100,0,0.9700745550264754
90182C,90,100,0,1.0
84711A,90,100,0,1.0
84874B,90,100,0,1.0
85162C,90,100,0,1.0
90014C,90,100,0,0.9375931502008872
21824,90,100,0,0.9763259335801795
84816,90,100,0,1.0
90064B,90,100,0,0.9846427452753678
22274,90,100,0,1.0
47568,90,100,0,1.0
21651,90,100,0,0.9963089370180586
35265,90,100,0,1.0
90124A,90,100,0,1.0
90065B,90,100,0,1.0
90011A,90,100,0,0.9440118296778056
90024D,90,100,0,1.0
47590B,90,100,0,0.9796650110434335
22361,90,100,0,0.9744030843630249
23322,90,100,0,0.9828090701697589
23201,90,100,0,0.9814476633162977
84906,90,100,0,0.9390928715170481
84563B,90,100,0,0.9855161038838397
85135C,90,100,0,0.9832803899112608
21471,90,100,0,0.9746931550033013
85015,90,100,0,1.0
22745,90,100,0,0.9751766648974097
20894,90,100,0,0.9828888324125723
90016B,90,100,0,0.9224265975630501
16156L,90,100,0,1.0
79323S,90,100,0,1.0
85099B,90,100,0,0.9902487034754384
22487,90,100,0,0.9774558422513886
22349,90,100,0,1.0
84199,90,100,0,1.0
23240,90,100,0,0.9797463070198789
23307,90,100,0,0.9645449786567929
22371,90,100,0,0.9895457098178018
90054,90,100,0,1.0
22070,90,100,0,1.0
21801,90,100,0,0.9828915193808907
23000,90,100,0,0.9738592649250772
23184,90,100,0,0.963708989904665
21115,90,100,0,0.9837590627037424
21277,90,100,0,0.9528425090539123
21529,90,100,0,1.0
90003E,90,100,0,1.0
84251F,90,100,0,0.9174281310972393
20836,90,100,0,0.9463241595653763
84595E,90,100,0,1.0
37489A,90,100,0,0.9788466148944525
23147,90,100,0,0.9756559552677033
21274,90,100,0,1.0
82482,90,100,0,0.9857455944310893
21918,90,100,0,0.9792541085163639
23077,90,100,0,0.9681208225790754
21085,90,100,0,1.0
84313A,90,100,0,1.0
23133,90,100,0,0.9067510917251173
47505,90,100,0,1.0
23174,90,100,0,0.9582535938845315
21282,90,100,0,1.0
21931,90,100,0,0.9858433531608596
22365,90,100,0,1.0
82582,90,100,0,0.993729510753394
21519,90,100,0,0.9986871634950525
84884A,90,100,0,1.0
21672,90,100,0,0.9979751657080069
21259,90,100,0,0.9862193141295236
20724,90,100,0,0.9873443936658174
90023,90,100,0,0.9786007095484859
20725,90,100,0,0.9929453189855052
22286,90,100,0,1.0
23224,90,100,0,0.9752390816611756
90162D,90,100,0,1.0
85064,90,100,0,0.997179728215797
22077,90,100,0,0.9678029087388198
35637C,90,100,0,0.9751246049067896
23047,90,100,0,0.9112319914147154
22120,90,100,0,0.9908875023455432
20727,90,100,0,0.9898691330048024
21578,90,100,0,1.0
23231,90,100,0,0.9854615585366111
22993,90,100,0,0.9890290560026996
90042C,90,100,0,1.0
77101A,90,100,0,0.91952861155044
23109,90,100,0,0.9689467030743737
84970S,90,100,0,1.0
20977,90,100,0,0.9891870566544673
22027,90,100,0,1.0
21756,90,100,0,1.0
22028,90,100,0,1.0
20671,90,100,0,1.0
20975,90,100,0,0.9693636432222087
22297,90,100,0,1.0
21652,90,100,0,1.0
90003C,90,100,0,1.0
22902,90,100,0,0.9719899319703456
22846,90,100,0,0.9745454864483515
44234,90,100,0,1.0
22554,90,100,0,0.9770514310570272
20663,90,100,0,1.0
21768,90,100,0,1.0
22157,90,100,0,0.9979162351292158
22107,90,100,0,1.0
90123A,90,100,0,0.9399518775890076
23245,90,100,0,0.9710389340051557
20762,90,100,0,1.0
23145,90,100,0,0.9761705138125673
90194,90,120,0,1.0
23204,90,120,0,0.9910075897531123
21930,90,120,0,0.9968571912126523
84564,90,120,0,1.0
22894,90,120,0,0.9668400545960006
20692,90,120,0,1.0
90035A,90,120,0,1.0
51008,90,120,0,0.9119092081245852
84510F,90,120,0,1.0
23192,90,120,0,0.9775573704558765
37506,90,120,0,1.0
22597,90,120,0,0.9786587768282098
90182C,90,120,0,1.0
84711A,90,120,0,1.0
84874B,90,120,0,1.0
85162C,90,120,0,1.0
90014C,90,120,0,0.9171976826529062
21824,90,120,0,0.9708251225109682
84816,90,120,0,0.9879595113301015
90064B,90,120,0,0.8776877907678838
22274,90,120,0,1.0
47568,90,120,0,1.0
21651,90,120,0,1.0
35265,90,120,0,0.9452766320209557
90124A,90,120,0,1.0
90065B,90,120,0,1.0
90011A,90,120,0,0.9222891080106759
90024D,90,120,0,1.0
47590B,90,120,0,0.9824506428307873
22361,90,120,0,0.9734119477993946
23322,90,120,0,0.9945611686086178
23201,90,120,0,0.9694035656519377
84906,90,120,0,0.9889282187927647
84563B,90,120,0,0.9614847564186779
85135C,90,120,0,0.968165343925216
21471,90,120,0,0.9909430863575193
85015,90,120,0,1.0
22745,90,120,0,0.992318106478434
20894,90,120,0,1.0
90016B,90,120,0,0.9526679967012921
16156L,90,120,0,1.0
79323S,90,120,0,1.0
85099B,90,120,0,0.9903498012146718
22487,90,120,0,0.9843449607530922
22349,90,120,0,1.0
84199,90,120,0,1.0
23240,90,120,0,0.9890382465777297
23307,90,120,0,0.9899972496363018
22371,90,120,0,0.9887673593188192
90054,90,120,0,1.0
22070,90,120,0,1.0
21801,90,120,0,0.9862736375152976
23000,90,120,0,0.9883472121726137
23184,90,120,0,0.9863106085520856
21115,90,120,0,0.991156379522693
21277,90,120,0,0.9850598026054649
21529,90,120,0,1.0
90003E,90,120,0,1.0
84251F,90,120,0,1.0
20836,90,120,0,0.9435514646934433
84595E,90,120,0,1.0
37489A,90,120,0,0.9582773723915756
23147,90,120,0,0.9696290754681671
21274,90,120,0,1.0
82482,90,120,0,0.9849421410055768
21918,90,120,0,0.9842181066867162
23077,90,120,0,0.991080690055622
21085,90,120,0,1.0
84313A,90,120,0,1.0
23133,90,120,0,0.9357177273703781
47505,90,120,0,1.0
23174,90,120,0,0.9172048183456496
21282,90,120,0,1.0
21931,90,120,0,0.9929549406763123
22365,90,120,0,0.9986610939735553
82582,90,120,0,0.971445176146729
21519,90,120,0,0.9941969606488398
84884A,90,120,0,1.0
21672,90,120,0,1.0
21259,90,120,0,0.9935473202093857
20724,90,120,0,0.9855728337050763
90023,90,120,0,0.9605898231646905
20725,90,120,0,0.9963255056155609
22286,90,120,0,1.0
23224,90,120,0,1.0
90162D,90,120,0,1.0
85064,90,120,0,0.9524896105192373
22077,90,120,0,0.9791903503585611
35637C,90,120,0,1.0
23047,90,120,0,0.9411319700682487
22120,90,120,0,0.9990662863416809
20727,90,120,0,0.9872789420071165
21578,90,120,0,1.0
23231,90,120,0,0.97715916834033
22993,90,120,0,0.9923123220824346
90042C,90,120,0,0.9945219418743967
77101A,90,120,0,0.8936211879938263
23109,90,120,0,0.9761653407484446
84970S,90,120,0,1.0
20977,90,120,0,1.0
22027,90,120,0,1.0
21756,90,120,0,1.0
22028,90,120,0,1.0
20671,90,120,0,1.0
20975,90,120,0,0.9636721424547143
22297,90,120,0,1.0
21652,90,120,0,1.0
90003C,90,120,0,1.0
22902,90,120,0,0.9714546689098273
22846,90,120,0,0.9762244694869642
44234,90,120,0,1.0
22554,90,120,0,0.9723509725420948
20663,90,120,0,0.8520689008278725
21768,90,120,0,1.0
22157,90,120,0,1.0
22107,90,120,0,1.0
90123A,90,120,0,1.0
23245,90,120,0,0.9827708096065606
20762,90,120,0,1.0
23145,90,120,0,0.9895671246457655
