family,L,PCR,order_churn,fill,cover_days,orders_per_year
Floating window (both),7,0.10760140893080332,0.8585675430643699,1.0,4.2578336152612675,45.28400597907324
Floating window (both),14,0.06124304056357232,0.9556737588652482,1.0,8.033474113879898,22.91479820627803
Floating window (both),28,0.03806385637995682,0.9852941176470589,1.0,15.91250034962152,12.548579970104633
Floating window (both),56,0.021815702761049882,0.9896907216494846,1.0,26.47937511639754,6.001494768310912
Fixed order quantity (LN),7,0.11600954436995796,0.5970760233918129,1.0,4.26814896239087,51.83109118086696
Fixed order quantity (LN),28,0.03215543688217248,0.5871369294605809,1.0,12.596997990791465,14.185351270553065
Economic order quantity (LN),10,0.32280422679240994,0.5536932371857338,1.0,1.2052366686402778,216.05381165919283
Economic order quantity (LN),100,0.324281331666856,0.7862258953168044,1.0,1.985203924812154,141.30792227204782
Economic order quantity (LN),1000,0.18736507215089193,0.92071468453378,1.0,4.342794591074607,63.83408071748879
Floating window (both),7,0.07419611407794569,0.7223451327433629,1.0,4.842532115855375,38.191330343796714
Floating window (both),14,0.04499488694466538,0.8048780487804879,1.0,8.242482831827733,20.732436472346787
Floating window (both),28,0.03033746165208499,0.9270833333333334,1.0,16.662744741014706,10.911808669656203
Floating window (both),56,0.01772525849335303,0.9570552147239264,1.0,30.208955240496422,5.4559043348281016
Fixed order quantity (LN),7,0.11714577888876264,0.5983749274521184,1.0,5.081430572705681,52.37668161434978
Fixed order quantity (LN),28,0.03840472673559823,0.6706349206349206,1.0,13.514913382870109,14.185351270553065
Economic order quantity (LN),10,0.15884558572889446,0.40734265734265734,1.0,2.4092034192527167,138.03437967115096
Economic order quantity (LN),100,0.12646290194296103,0.5961435457953936,1.0,4.257497615462602,68.19880418535126
Economic order quantity (LN),1000,0.07249176229973867,0.8948106591865358,1.0,10.81687221675441,24.55156950672646
Floating window (both),7,0.11896375411885013,0.8322734499205088,1.0,2.395441032546962,51.285500747384155
Floating window (both),14,0.06612884899443246,0.9107981220657277,1.0,5.685853996043236,26.18834080717489
Floating window (both),28,0.03942733780252244,0.9971264367816092,1.0,13.593080071971286,13.094170403587444
Floating window (both),56,0.02499715941370299,1.0,1.0,28.27259410668366,6.547085201793722
Fixed order quantity (LN),7,0.13555277809339847,0.6339001062699257,1.0,3.6587102233606315,54.01345291479821
Fixed order quantity (LN),28,0.029314850585160777,0.57847533632287,1.0,14.143015156096059,13.094170403587444
Economic order quantity (LN),10,0.4607430973752983,0.6253855644663788,1.0,0.06547204585614204,268.4304932735426
Economic order quantity (LN),100,0.4410862401999773,0.777332799359231,1.0,0.5850678783545494,194.2301943198804
Economic order quantity (LN),1000,0.28542211112373594,0.952959028831563,1.0,2.2544052564339943,91.65919282511211
Floating window (both),7,0.06601522554255199,0.832378223495702,1.0,7.317175586408302,29.46188340807175
Floating window (both),14,0.03954096125440291,0.925531914893617,1.0,10.99458294625652,15.822122571001495
Floating window (both),28,0.024201795250539712,0.9953271028037384,1.0,19.44493102613436,8.729446935724962
Floating window (both),56,0.014089308033178047,0.9841269841269841,1.0,33.91911370766992,4.364723467862481
Fixed order quantity (LN),7,0.07215089194409727,0.42276964047936083,1.0,7.155770306213516,51.285500747384155
Fixed order quantity (LN),28,0.03533689353482559,0.6412371134020619,1.0,13.098969110398867,13.639760837070254
Economic order quantity (LN),10,0.19122826951482785,0.7092288242730721,1.0,4.974869592429009,100.93423019431988
Economic order quantity (LN),100,0.19850017043517781,0.7862286228622862,1.0,5.321253394474002,92.75037369207773
Economic order quantity (LN),1000,0.14952846267469605,0.9293785310734464,1.0,7.404769071524639,54.01345291479821
Floating window (both),7,0.11271446426542438,0.8280467445742905,1.0,2.8521511214806123,49.10313901345292
Floating window (both),14,0.06260652198613793,0.8973941368078175,1.0,5.733896672754531,25.097159940209266
Floating window (both),28,0.03908646744688104,0.9745042492917847,1.0,13.628609659230296,13.094170403587444
Floating window (both),56,0.02374730144301784,0.9812206572769953,1.0,24.422033799655704,7.638266068759342
Fixed order quantity (LN),7,0.11101011248721736,0.5960951799877975,1.0,3.4059091025898454,48.5575485799701
Fixed order quantity (LN),28,0.03442790591978184,0.6502145922746781,1.0,13.335654991976993,12.548579970104633
Economic order quantity (LN),10,0.3290535166458357,0.5696302124311565,1.0,0.11449638700564232,210.0523168908819
Economic order quantity (LN),100,0.32280422679240994,0.773061224489796,1.0,0.931886135916244,138.5799701046338
Economic order quantity (LN),1000,0.1856607203726849,0.9494479953515398,1.0,3.23404612301783,57.28699551569507
Floating window (both),7,0.04794909669355755,0.83399209486166,1.0,10.754955574128205,20.732436472346787
Floating window (both),14,0.02908760368139984,0.927536231884058,1.0,14.47991584798522,10.911808669656203
Floating window (both),28,0.01931598681967958,0.9883720930232558,1.0,20.976288734991144,6.001494768310912
Floating window (both),56,0.011816838995568686,0.9719626168224299,1.0,35.16370843915916,3.273542600896861
Fixed order quantity (LN),7,0.048289967049198954,0.36418166238217653,1.0,9.144991111997333,43.101644245142005
Fixed order quantity (LN),28,0.0310192023633678,0.5858369098712446,1.0,13.278025491668489,13.639760837070254
Economic order quantity (LN),10,0.1112373593909783,0.5326441784548422,1.0,7.966065372630958,78.01943198804186
Economic order quantity (LN),100,0.12134984660833996,0.7295081967213115,1.0,8.534797655646877,62.742899850523166
Economic order quantity (LN),1000,0.08044540393137144,0.9159120310478654,1.0,10.95605895637986,30.553064275037368
Floating window (both),7,0.03147369617088967,0.7824858757062146,1.0,12.801753629062132,15.276532137518684
Floating window (both),14,0.018975116464038176,0.8608247422680413,1.0,17.07260552248721,8.183856502242152
Floating window (both),28,0.011475968639927281,0.9619047619047619,1.0,24.151035402365682,4.364723467862481
Floating window (both),56,0.0069310305647085554,0.9682539682539683,1.0,32.604405151106405,2.7279521674140508
Fixed order quantity (LN),7,0.052039540961254405,0.44509232264334303,1.0,10.669941336102482,37.6457399103139
Fixed order quantity (LN),28,0.03215543688217248,0.6461187214611872,1.0,13.390419661961976,12.548579970104633
Economic order quantity (LN),10,0.09692080445403932,0.5911295911295912,1.0,9.669189181946638,61.65171898355755
Economic order quantity (LN),100,0.08146801499829565,0.6256544502617801,1.0,10.348969816158263,46.92077727952167
Economic order quantity (LN),1000,0.0645381206681059,0.9627118644067797,1.0,12.441364482714214,22.369207772795217
Floating window (both),7,0.08169526190205659,0.72920892494929,1.0,2.275973704472382,40.91928251121076
Floating window (both),14,0.051471423701852065,0.8311926605504587,1.0,5.378307065424237,22.369207772795217
Floating window (both),28,0.03692762186115214,0.9672619047619048,1.0,11.473086775711774,13.094170403587444
Floating window (both),56,0.020565844790364732,0.9731182795698925,0.9998548429660945,24.84630743594804,6.547085201793722
Fixed order quantity (LN),7,0.07328712646290195,0.4597291518175339,1.0,3.409308519775245,45.82959641255606
Fixed order quantity (LN),28,0.023633677991137372,0.5060827250608273,1.0,13.558785350866428,12.548579970104633
Economic order quantity (LN),10,0.13918872855357345,0.47097270280661285,1.0,0.34783755794047333,107.4813153961136
Economic order quantity (LN),100,0.11112373593909783,0.5528547201808932,1.0,2.282802233710676,69.2899850523169
Economic order quantity (LN),1000,0.07419611407794569,0.8361075544174136,1.0,8.086253866593117,27.279521674140508
Floating window (both),7,0.1169185319850017,0.8372660699755899,1.0,2.738064234882954,50.73991031390135
Floating window (both),14,0.06590160209067152,0.9220985691573926,1.0,6.4657302549287925,25.642750373692078
Floating window (both),28,0.04010907851380525,0.9943661971830986,1.0,14.192301664112888,13.094170403587444
Floating window (both),56,0.022270196568571755,0.9949238578680203,1.0,29.418980872553004,6.547085201793722
Fixed order quantity (LN),7,0.128394500624929,0.6111411573823688,1.0,3.6076449047524086,55.65022421524664
Fixed order quantity (LN),28,0.03704124531303261,0.657258064516129,1.0,13.547854172315937,13.639760837070254
Economic order quantity (LN),10,0.45222133848426316,0.6184926184926185,1.0,0.09073628838356423,272.24962630792226
Economic order quantity (LN),100,0.4381320304510851,0.7976830781961108,1.0,0.5868124884268456,191.50224215246638
Economic order quantity (LN),1000,0.2815589137598,0.9694835680751174,1.0,2.474483080471224,89.47683109118087
Floating window (both),7,0.03295080104533576,0.90625,1.0,13.020249386466656,13.639760837070254
Floating window (both),14,0.020224974434723327,0.9888888888888889,1.0,17.371468095054666,7.0926756352765326
Floating window (both),28,0.011475968639927281,0.9901960784313726,1.0,25.503847234197895,3.819133034379671
Floating window (both),56,0.005681172594023407,1.0,1.0,44.27690670590685,1.6367713004484306
Fixed order quantity (LN),7,0.058629701170321555,0.42088091353996737,1.0,11.224034517761575,44.738415545590435
Fixed order quantity (LN),28,0.03476877627542325,0.6309278350515464,1.0,13.975902978150216,14.185351270553065
Economic order quantity (LN),10,0.11987274173389388,0.5970571590265987,1.0,10.321058584670991,75.2914798206278
Economic order quantity (LN),100,0.11816838995568685,0.7407407407407407,1.0,10.747540975269414,59.469357249626306
Economic order quantity (LN),1000,0.07794568799000114,0.9358799454297408,1.0,12.192662274576263,29.46188340807175
Floating window (both),7,0.023406431087376434,0.7862595419847328,1.0,1.7260667398325131,10.366218236173394
Floating window (both),14,0.014884672196341325,0.8851351351351351,1.0,6.175184197501436,6.001494768310912
Floating window (both),28,0.0103397341211226,0.9381443298969072,1.0,11.764318390541833,3.273542600896861
Floating window (both),56,0.006362913305306216,0.9824561403508771,1.0,20.773684231726246,1.6367713004484306
Fixed order quantity (LN),7,0.03317804794909669,0.43452380952380953,1.0,3.0648775796340226,24.55156950672646
Fixed order quantity (LN),28,0.020452221338484265,0.4838709677419355,1.0,5.910916443610106,10.911808669656203
Economic order quantity (LN),10,0.05294852857629815,0.6155878467635403,1.0,0.028382168783178584,30.00747384155456
Economic order quantity (LN),100,0.045335757300306784,0.586764705882353,1.0,0.5316052743836184,26.733931240657697
Economic order quantity (LN),1000,0.0388592205431201,0.9168900804289544,1.0,3.6314333617941768,14.730941704035875
Floating window (both),7,0.052039540961254405,0.8388278388278388,1.0,10.424587924272624,22.91479820627803
Floating window (both),14,0.028405862970117032,0.9157509157509157,1.0,14.635568361114887,11.457399103139014
Floating window (both),28,0.01749801158959209,0.9935483870967742,1.0,22.57832101307006,6.001494768310912
Floating window (both),56,0.011021474832405408,0.9897959183673469,1.0,38.32675042630106,3.273542600896861
Fixed order quantity (LN),7,0.09510282922395183,0.5341416719846841,1.0,9.412715179636402,52.37668161434978
Fixed order quantity (LN),28,0.03908646744688104,0.6705653021442495,1.0,13.660846719247777,14.185351270553065
Economic order quantity (LN),10,0.24213157595727758,0.7026046818331685,1.0,7.87665841171316,128.21375186846038
Economic order quantity (LN),100,0.23417793432564482,0.808235294117647,1.0,8.185896313080622,104.75336322869956
Economic order quantity (LN),1000,0.1614589251221452,0.9505016722408027,1.0,9.431593325815268,55.65022421524664
Floating window (both),7,0.019656857175320987,0.4701086956521739,1.0,1.6725528447045512,14.730941704035875
Floating window (both),14,0.013521190773775707,0.53125,1.0,5.44827848293684,8.729446935724962
Floating window (both),28,0.012839450062492899,0.8188405797101449,1.0,11.729353460434872,5.4559043348281016
Floating window (both),56,0.008294511987274173,0.8902439024390244,1.0,24.9826946849268,2.7279521674140508
Fixed order quantity (LN),7,0.03942733780252244,0.4190821256038647,1.0,3.2700801432274575,30.553064275037368
Fixed order quantity (LN),28,0.022156573116691284,0.5158730158730159,1.0,7.957673566246886,10.911808669656203
Economic order quantity (LN),10,0.024201795250539712,0.23905723905723905,1.0,0.2528440339717494,36.00896860986547
Economic order quantity (LN),100,0.03204181343029201,0.5290806754221389,1.0,4.384030936688666,19.095665171898357
Economic order quantity (LN),1000,0.014771048744460856,0.6878306878306878,1.0,18.563403890817032,6.547085201793722
Floating window (both),7,0.119418247926372,0.8530844155844156,1.0,3.1527875467293187,50.19431988041853
Floating window (both),14,0.06726508351323714,0.9121725731895224,1.0,6.418905476562517,26.18834080717489
Floating window (both),28,0.0388592205431201,0.9855907780979827,1.0,13.912224397529945,13.094170403587444
Floating window (both),56,0.024542665606181117,0.9953917050691244,1.0,27.449541875158573,6.547085201793722
Fixed order quantity (LN),7,0.13816611748664925,0.6485333333333333,1.0,3.4274902935770184,54.01345291479821
Fixed order quantity (LN),28,0.04397227587774116,0.747104247104247,1.0,13.995502251723504,13.639760837070254
Economic order quantity (LN),10,0.43756391319168275,0.592643890427824,1.0,0.08820624055060142,272.24962630792226
Economic order quantity (LN),100,0.42620156800363596,0.7916842549598987,1.0,0.7526898038892088,181.13602391629297
Economic order quantity (LN),1000,0.25292580388592206,0.9657266811279827,1.0,2.8086156029324614,79.11061285500747
Floating window (both),7,0.04022270196568572,0.8408551068883611,1.0,12.21579781738423,16.913303437967116
Floating window (both),14,0.022611066924213157,0.9170506912442397,1.0,15.792925943432303,8.729446935724962
Floating window (both),28,0.014089308033178047,1.0,1.0,24.019694603689256,4.364723467862481
Floating window (both),56,0.008180888535393706,1.0,1.0,39.76436848310256,2.1823617339312404
Fixed order quantity (LN),7,0.07794568799000114,0.5244648318042814,1.0,10.624386424768781,44.19282511210762
Fixed order quantity (LN),28,0.03681399840927167,0.6441351888667992,1.0,14.276105408326325,14.185351270553065
Economic order quantity (LN),10,0.18725144869901147,0.7124945957630783,1.0,9.472133610454648,98.20627802690584
Economic order quantity (LN),100,0.19554596068628566,0.8407425500732779,1.0,9.665471231336369,88.38565022421524
Economic order quantity (LN),1000,0.13521190773775707,0.9429477020602218,1.0,10.614378982432411,49.648729446935725
Floating window (both),7,0.04647199181911146,0.8989010989010989,1.0,12.613895498153653,19.095665171898357
Floating window (both),14,0.026247017384388137,0.9871794871794872,1.0,16.09038962927647,9.820627802690582
Floating window (both),28,0.014998295648221792,1.0,1.0,24.037597514867592,4.910313901345291
Floating window (both),56,0.009544369957959323,0.9882352941176471,1.0,36.15085276379899,2.7279521674140508
Fixed order quantity (LN),7,0.0745369844335871,0.5097125097125097,1.0,10.307944011406434,44.19282511210762
Fixed order quantity (LN),28,0.03272355414157482,0.6037735849056604,1.0,14.074760154904192,14.185351270553065
Economic order quantity (LN),10,0.18202476991250993,0.6890322580645162,1.0,8.980584054760174,98.75186846038864
Economic order quantity (LN),100,0.1861152141802068,0.8206412825651302,1.0,9.267023508280674,83.47533632286995
Economic order quantity (LN),1000,0.12316782183842745,0.9635555555555556,1.0,10.50888280369194,43.101644245142005
Floating window (both),7,0.03363254175661857,0.7935656836461126,1.0,2.808516362676217,14.185351270553065
Floating window (both),14,0.019997727530962392,0.9263157894736842,1.0,5.525943208815192,7.0926756352765326
Floating window (both),28,0.012725826610612431,0.9824561403508771,1.0,12.640540669229864,3.819133034379671
Floating window (both),56,0.006476536757186684,0.9827586206896551,1.0,26.70497016230375,1.6367713004484306
Fixed order quantity (LN),7,0.0627201454380184,0.4946236559139785,1.0,3.0472212889045154,37.10014947683109
Fixed order quantity (LN),28,0.029882967844563117,0.6261904761904762,1.0,6.301331901759518,11.457399103139014
Economic order quantity (LN),10,0.10351096466310647,0.5262853841709995,1.0,0.08041397763286122,69.2899850523169
Economic order quantity (LN),100,0.1072605385751619,0.7334887334887334,1.0,0.6232863471306657,50.73991031390135
Economic order quantity (LN),1000,0.06999204635836836,0.9625,1.0,2.0637273831601988,24.55156950672646
Floating window (both),7,0.09203499602317919,0.8376421923474664,1.0,2.262725605937442,39.828101644245145
Floating window (both),14,0.05408476309510283,0.9118773946360154,1.0,5.563448922169765,21.278026905829595
Floating window (both),28,0.03510964663106465,0.9903846153846154,1.0,14.48373539335099,12.002989536621824
Floating window (both),56,0.019656857175320987,0.9664804469273743,1.0,30.303690991149733,6.547085201793722
Fixed order quantity (LN),7,0.10351096466310647,0.5672478206724783,1.0,3.852042162156353,49.10313901345292
Fixed order quantity (LN),28,0.03238268378593342,0.6305309734513275,1.0,14.995539920003887,13.094170403587444
Economic order quantity (LN),10,0.3037154868764913,0.7765833817547937,1.0,0.0,142.94469357249628
Economic order quantity (LN),100,0.24758550164754006,0.6935073201782305,1.0,0.6282605811981803,127.12257100149476
Economic order quantity (LN),1000,0.16645835700488582,0.8873410054512417,1.0,2.9920836380607123,58.9237668161435
Floating window (both),7,0.04317691171457789,0.8296943231441049,1.0,11.776733298318728,19.095665171898357
Floating window (both),14,0.025110782865583457,0.91701244813278,1.0,15.940886432578282,9.820627802690582
Floating window (both),28,0.01624815361890694,1.0,1.0,25.028920825312888,4.910313901345291
Floating window (both),56,0.009317123054198387,1.0,1.0,37.30099585925905,2.7279521674140508
Fixed order quantity (LN),7,0.07965003976820816,0.5413127413127413,1.0,10.219107516397589,43.64723467862481
Fixed order quantity (LN),28,0.0338597886603795,0.6260504201680672,1.0,13.703412449133019,13.639760837070254
Economic order quantity (LN),10,0.19997727530962392,0.7102502017756255,1.0,8.96270160313766,105.29895366218236
Economic order quantity (LN),100,0.20009089876150438,0.824438202247191,1.0,9.193937222055684,89.47683109118087
Economic order quantity (LN),1000,0.1358936484490399,0.9606425702811245,1.0,10.146806732852008,48.5575485799701
Floating window (both),7,0.03613225769798886,0.905982905982906,1.0,13.584985874482834,14.730941704035875
Floating window (both),14,0.020224974434723327,0.978021978021978,1.0,16.93743905780155,7.638266068759342
Floating window (both),28,0.012044085899329622,0.9906542056074766,1.0,23.700425212891854,3.819133034379671
Floating window (both),56,0.006476536757186684,0.9827586206896551,1.0,35.962411458407104,2.1823617339312404
Fixed order quantity (LN),7,0.06692421315759572,0.50471293916024,1.0,11.095354768630603,40.37369207772795
Fixed order quantity (LN),28,0.030110214748324055,0.581140350877193,1.0,13.637955665491589,13.639760837070254
Economic order quantity (LN),10,0.1650948755823202,0.7512926577042399,1.0,10.130185801217209,82.38415545590433
Economic order quantity (LN),100,0.16804908533121235,0.85,1.0,10.233844134163682,74.745889387145
Economic order quantity (LN),1000,0.128394500624929,0.9800520381613183,1.0,10.9934577221197,48.5575485799701
Floating window (both),7,0.04624474491535053,0.812375249500998,1.0,10.779834973416019,20.186846038863976
Floating window (both),14,0.027724122258834222,0.9003690036900369,1.0,14.461215184943203,10.911808669656203
Floating window (both),28,0.018634246108396774,0.9879518072289156,0.9998689496218036,22.368876994942827,6.001494768310912
Floating window (both),56,0.011703215543688217,0.9716981132075472,1.0,36.19518585315405,3.273542600896861
Fixed order quantity (LN),7,0.054312009998863764,0.4760956175298805,1.0,9.33652578977062,39.828101644245145
Fixed order quantity (LN),28,0.028064992614475627,0.5393013100436681,1.0,14.128752994553881,14.185351270553065
Economic order quantity (LN),10,0.08078627428701284,0.4647058823529412,1.0,8.092935529579329,64.9252615844544
Economic order quantity (LN),100,0.08499034200659016,0.6151315789473685,1.0,8.949373826374591,50.73991031390135
Economic order quantity (LN),1000,0.06192478127485513,0.9008264462809917,1.0,12.044130672697609,22.91479820627803
Floating window (both),7,0.07908192250880582,0.8285714285714286,1.0,4.5492591330648695,35.46337817638266
Floating window (both),14,0.05101692989433019,0.9126016260162602,1.0,7.890762240368805,20.732436472346787
Floating window (both),28,0.03260993068969435,0.9761904761904762,1.0,15.123961788288593,11.457399103139014
Floating window (both),56,0.018179752300874902,0.9815950920245399,1.0,27.387884870156142,6.001494768310912
Fixed order quantity (LN),7,0.08044540393137144,0.4597402597402597,1.0,4.690281109436675,52.922272047832585
Fixed order quantity (LN),28,0.031132825815248268,0.5720250521920668,1.0,13.69924971930215,14.185351270553065
Economic order quantity (LN),10,0.1882740597659357,0.599493487698987,1.0,1.931072115611561,117.30194319880418
Economic order quantity (LN),100,0.1829337575275537,0.6827820186598813,1.0,2.901898443142973,98.75186846038864
Economic order quantity (LN),1000,0.12498579706851494,0.8906882591093117,1.0,6.299613652005619,44.738415545590435
Floating window (both),7,0.06022042949664811,0.6279620853080569,1.0,2.1395576646784797,34.37219730941704
Floating window (both),14,0.03976820815816384,0.7692307692307693,1.0,5.151025294962776,18.550074738415546
Floating window (both),28,0.025451653221224863,0.875,1.0,12.645373497852205,10.366218236173394
Floating window (both),56,0.017157141233950686,0.94375,0.9999228200562176,27.686942804765522,5.4559043348281016
Fixed order quantity (LN),7,0.08680831723667765,0.528719723183391,1.0,3.1366958364171875,45.28400597907324
Fixed order quantity (LN),28,0.027156004999431882,0.5636792452830188,1.0,11.224887166760984,12.548579970104633
Economic order quantity (LN),10,0.10328371775934553,0.35355892648774795,1.0,0.9053839263473379,103.66218236173393
Economic order quantity (LN),100,0.09214861947505965,0.580945558739255,1.0,4.955523198566202,49.648729446935725
Economic order quantity (LN),1000,0.05044881263492785,0.8457142857142858,1.0,14.718510876249226,18.004484304932735
Floating window (both),7,0.04579025110782865,0.8666666666666667,1.0,11.54011858801616,19.095665171898357
Floating window (both),14,0.024769912509942052,0.9316239316239316,1.0,14.382314949936964,9.820627802690582
Floating window (both),28,0.015452789455743665,0.9784172661870504,1.0,22.804534425235296,5.4559043348281016
Floating window (both),56,0.00965799340983979,0.9770114942528736,1.0,34.10074414475492,3.273542600896861
Fixed order quantity (LN),7,0.06999204635836836,0.4687975646879756,1.0,9.905548192218761,46.375186846038865
Fixed order quantity (LN),28,0.03238268378593342,0.5962343096234309,1.0,13.546803797599928,14.185351270553065
Economic order quantity (LN),10,0.1571412339506874,0.7532679738562091,1.0,8.56561447253012,78.01943198804186
Economic order quantity (LN),100,0.15611862288376321,0.8002329644729179,1.0,8.739446850230468,73.65470852017937
Economic order quantity (LN),1000,0.10612430405635723,0.9094449853943525,1.0,10.459636325192472,38.73692077727952
Floating window (both),7,0.09010339734121123,0.7080357142857143,1.0,3.699876992080175,45.82959641255606
Floating window (both),14,0.05294852857629815,0.7965811965811965,1.0,7.761365542009878,24.005979073243648
Floating window (both),28,0.03647312805363027,0.9358600583090378,1.0,15.087511770948243,13.094170403587444
Floating window (both),56,0.02136120895352801,0.9543147208121827,1.0,28.975825949630856,7.0926756352765326
Fixed order quantity (LN),7,0.1240768094534712,0.5947712418300654,1.0,3.9805335661146866,55.65022421524664
Fixed order quantity (LN),28,0.035791387342347464,0.6415478615071283,1.0,13.38711054668271,14.185351270553065
Economic order quantity (LN),10,0.1779343256448131,0.38204440107343257,1.0,1.258962114863629,167.49626307922273
Economic order quantity (LN),100,0.14384729008067265,0.6034318398474738,1.0,3.3357494598697848,73.10911808669657
Economic order quantity (LN),1000,0.07294625610726053,0.8503311258278146,1.0,10.064577070703724,25.097159940209266
Floating window (both),7,0.09657993409839791,0.8390918065153011,1.0,2.394182287682285,42.01046337817638
Floating window (both),14,0.060447676400409045,0.9349736379613357,1.0,5.9494878193999785,23.460388639760836
Floating window (both),28,0.03704124531303261,0.978978978978979,1.0,13.589423857162592,13.639760837070254
Floating window (both),56,0.02249744347233269,0.99,1.0,27.24540391732516,7.0926756352765326
Fixed order quantity (LN),7,0.09623906374275651,0.5478654592496766,1.0,3.3665413163396303,48.011958146487295
Fixed order quantity (LN),28,0.030678332007726395,0.5921052631578947,1.0,14.248454619777611,13.094170403587444
Economic order quantity (LN),10,0.28894443813203047,0.7706060606060606,1.0,0.0,136.94319880418536
Economic order quantity (LN),100,0.23292807635495966,0.6958587915818059,1.0,0.7705548700106267,115.66517189835575
Economic order quantity (LN),1000,0.16770821497557095,0.9389312977099237,1.0,3.055680338458765,54.559043348281016
Floating window (both),7,0.10169298943301898,0.8121597096188747,1.0,2.493177047934475,45.28400597907324
Floating window (both),14,0.062265651630496535,0.9087893864013267,1.0,5.90643933082647,24.55156950672646
Floating window (both),28,0.03829110328371776,0.9882697947214076,1.0,13.991088669783979,13.094170403587444
Floating window (both),56,0.02431541870242018,1.0,1.0,27.012776914799886,6.547085201793722
Fixed order quantity (LN),7,0.10930576070901034,0.5763930497303775,1.0,3.4116206748712687,50.73991031390135
Fixed order quantity (LN),28,0.03204181343029201,0.6211453744493393,1.0,13.215806026141818,13.094170403587444
Economic order quantity (LN),10,0.2559936370866947,0.5610059760956175,1.0,0.14352615552914363,165.31390134529147
Economic order quantity (LN),100,0.212134984660834,0.6389459274469541,1.0,1.210484236931628,111.30044843049328
Economic order quantity (LN),1000,0.14452903079195545,0.9244186046511628,1.0,4.42528139511469,47.46636771300449
Floating window (both),7,0.11680490853312124,0.8350934199837531,1.0,2.4967944352966667,50.73991031390135
Floating window (both),14,0.0645381206681059,0.9176090468497576,1.0,5.917463659608469,25.642750373692078
Floating window (both),28,0.04010907851380525,0.9915730337078652,1.0,13.851248843472627,13.094170403587444
Floating window (both),56,0.022951937279854562,0.9901960784313726,1.0,25.423806939012,6.547085201793722
Fixed order quantity (LN),7,0.11532780365867515,0.5904595695171612,1.0,3.41798280217755,49.648729446935725
Fixed order quantity (LN),28,0.03476877627542325,0.6538461538461539,1.0,13.80811733132553,12.548579970104633
Economic order quantity (LN),10,0.4506306101579366,0.64330900243309,1.0,0.04912894064283083,255.33632286995515
Economic order quantity (LN),100,0.4250653334848313,0.7882427307206068,1.0,0.5117100532681046,189.86547085201795
Economic order quantity (LN),1000,0.2829223951823656,0.970381917381138,1.0,2.0431234129323066,87.29446935724962
Floating window (both),7,0.036359504601749804,0.8268733850129198,1.0,12.025267609432248,15.822122571001495
Floating window (both),14,0.021020338597886604,0.8894230769230769,1.0,15.669923023735544,8.729446935724962
Floating window (both),28,0.013862061129417111,0.976,1.0,25.896120451827734,4.364723467862481
Floating window (both),56,0.008067265083513237,1.0,1.0,37.31133876088001,2.1823617339312404
Fixed order quantity (LN),7,0.049085331212362235,0.39308462238398545,1.0,10.27807281042264,40.37369207772795
Fixed order quantity (LN),28,0.03192818997841154,0.6017130620985011,1.0,13.469403154219354,14.185351270553065
Economic order quantity (LN),10,0.10294284740370413,0.6494623655913978,1.0,9.214999906942088,58.9237668161435
Economic order quantity (LN),100,0.0877173048517214,0.6266233766233766,1.0,9.924144093276796,50.73991031390135
Economic order quantity (LN),1000,0.06851494148392229,0.937791601866252,1.0,11.971801821292175,25.097159940209266
Floating window (both),7,0.03260993068969435,0.8367346938775511,1.0,12.884991040674409,14.185351270553065
Floating window (both),14,0.018520622656516304,0.9819277108433735,1.0,16.898194708391625,7.0926756352765326
Floating window (both),28,0.011816838995568686,0.9904761904761905,1.0,22.46162918122498,3.819133034379671
Floating window (both),56,0.0062492898534257475,0.9649122807017544,1.0,35.916921316529674,2.1823617339312404
Fixed order quantity (LN),7,0.07226451539597772,0.5398981324278438,1.0,11.100389796724347,39.28251121076233
Fixed order quantity (LN),28,0.03147369617088967,0.6087912087912087,1.0,13.93596528252405,13.639760837070254
Economic order quantity (LN),10,0.13532553118963755,0.6352,1.0,10.227990370136256,80.20179372197309
Economic order quantity (LN),100,0.1336211794114305,0.7803583278035833,1.0,10.569517023832686,64.9252615844544
Economic order quantity (LN),1000,0.08749005794796046,0.9378806333739342,1.0,11.749732824073467,32.73542600896861
Floating window (both),7,0.11794114305192592,0.8425324675324676,1.0,3.2487087826421686,50.19431988041853
Floating window (both),14,0.0652198613793887,0.8982785602503912,1.0,6.06703341409701,26.18834080717489
Floating window (both),28,0.0416998068401318,0.9865591397849462,1.0,14.705235150315968,13.094170403587444
Floating window (both),56,0.0231791841836155,0.9951219512195122,1.0,28.62562640856525,6.547085201793722
Fixed order quantity (LN),7,0.1083967730939666,0.5709156193895871,1.0,3.692893464074429,51.83109118086696
Fixed order quantity (LN),28,0.03590501079422793,0.6597077244258872,1.0,13.026226797407759,13.094170403587444
Economic order quantity (LN),10,0.3354164299511419,0.5359477124183006,1.0,0.20060832942015985,225.3288490284006
Economic order quantity (LN),100,0.30576070901033975,0.7531486146095718,1.0,0.9211051138166937,136.94319880418536
Economic order quantity (LN),1000,0.18725144869901147,0.9054945054945055,1.0,3.345853315727052,62.19730941704036
Floating window (both),7,0.03976820815816384,0.8495145631067961,1.0,12.152391229626785,16.367713004484305
Floating window (both),14,0.02431541870242018,0.9304347826086956,1.0,15.96603598634725,8.729446935724962
Floating window (both),28,0.013862061129417111,0.953125,1.0,24.38317160236856,4.910313901345291
Floating window (both),56,0.008749005794796046,1.0,1.0,39.076432773349175,2.1823617339312404
Fixed order quantity (LN),7,0.06567435518691057,0.442572741194487,1.0,10.378150803737727,47.46636771300449
Fixed order quantity (LN),28,0.03715486876491308,0.655310621242485,1.0,13.925236005531447,14.185351270553065
Economic order quantity (LN),10,0.11487330985115328,0.584731058415269,1.0,9.2459630443768,73.65470852017937
Economic order quantity (LN),100,0.10794227928644472,0.6709039548022598,1.0,9.840080699083568,61.65171898355755
Economic order quantity (LN),1000,0.07874105215316442,0.9801980198019802,1.0,11.800474139632284,25.097159940209266
Floating window (both),7,0.07135552778093399,0.6985539488320356,1.0,2.7824078919473045,36.554559043348284
Floating window (both),14,0.041131689580729464,0.7801724137931034,1.0,6.160432203624835,19.095665171898357
Floating window (both),28,0.028973980229519372,0.9205776173285198,1.0,12.028402880002774,10.366218236173394
Floating window (both),56,0.017157141233950686,0.9556962025316456,1.0,23.39246746873826,5.4559043348281016
Fixed order quantity (LN),7,0.10146574252925804,0.5717029449423816,1.0,3.2667307153866445,46.375186846038865
Fixed order quantity (LN),28,0.02908760368139984,0.5953488372093023,1.0,12.872111881305926,12.548579970104633
Economic order quantity (LN),10,0.1340756732189524,0.36129822412737295,1.0,0.2773885901715192,134.2152466367713
Economic order quantity (LN),100,0.11964549483013294,0.5698051948051948,1.0,3.1405034552716833,66.01644245142003
Economic order quantity (LN),1000,0.06192478127485513,0.8014705882352942,1.0,10.49834843674248,22.369207772795217
Floating window (both),7,0.054993750710146574,0.8446771378708552,1.0,10.354121643370098,23.460388639760836
Floating window (both),14,0.03204181343029201,0.9306930693069307,1.0,13.83272377926399,12.002989536621824
Floating window (both),28,0.01954323372344052,0.9885057471264368,1.0,20.849003370531218,7.0926756352765326
Floating window (both),56,0.011475968639927281,0.9805825242718447,1.0,34.63480855497139,3.819133034379671
Fixed order quantity (LN),7,0.08214975570957846,0.4868686868686869,1.0,8.742431515804379,50.19431988041853
Fixed order quantity (LN),28,0.03510964663106465,0.6306122448979592,1.0,13.817169931349968,14.185351270553065
Economic order quantity (LN),10,0.18122940574934668,0.7690453230472517,1.0,7.186066135048776,87.84005979073244
Economic order quantity (LN),100,0.17407112828087717,0.7637088733798604,1.0,7.505659917067491,83.47533632286995
Economic order quantity (LN),1000,0.13055334621065787,0.9527363184079602,1.0,9.403294386419423,46.375186846038865
Floating window (both),7,0.07533234859675036,0.8532818532818532,1.0,8.295139711345257,31.09865470852018
Floating window (both),14,0.04147255993637087,0.9311224489795918,1.0,11.661981505852935,15.822122571001495
Floating window (both),28,0.026247017384388137,0.9829787234042553,1.0,19.18400471043114,8.729446935724962
Floating window (both),56,0.013862061129417111,0.9682539682539683,1.0,36.28859731672379,4.910313901345291
Fixed order quantity (LN),7,0.10226110669242132,0.5646173149309912,1.0,7.331741314571877,50.19431988041853
Fixed order quantity (LN),28,0.03783660947619589,0.666,1.0,14.049230103809547,14.185351270553065
Economic order quantity (LN),10,0.23417793432564482,0.6174355901737567,1.0,5.331316077188036,142.39910313901345
Economic order quantity (LN),100,0.21952050903306441,0.7362804878048781,1.0,5.8852231829714645,106.39013452914799
Economic order quantity (LN),1000,0.1472559936370867,0.9664429530201343,1.0,8.050019041764426,49.10313901345292
Floating window (both),7,0.11021474832405409,0.873087308730873,1.0,2.763639826023501,46.92077727952167
Floating window (both),14,0.062379275082377006,0.9581151832460733,1.0,6.253660826483978,24.005979073243648
Floating window (both),28,0.038177479831837294,0.968299711815562,1.0,13.18793369150507,12.548579970104633
Floating window (both),56,0.022270196568571755,0.9949238578680203,1.0,26.52422518765364,6.547085201793722
Fixed order quantity (LN),7,0.11839563685944779,0.6065192083818394,1.0,3.229554710623492,50.19431988041853
Fixed order quantity (LN),28,0.03329167140097716,0.6314655172413793,1.0,13.09652033095234,13.094170403587444
Economic order quantity (LN),10,0.3724576752641745,0.5569147128780156,1.0,0.17779752271170932,244.97010463378177
Economic order quantity (LN),100,0.3663220088626292,0.7834750911300121,1.0,0.9520170563228745,160.40358744394618
Economic order quantity (LN),1000,0.21168049085331211,0.9371227364185111,1.0,3.450592693802917,69.8355754857997
Floating window (both),7,0.10930576070901034,0.8446005267778753,1.0,3.5184529925400927,48.011958146487295
Floating window (both),14,0.062152028178616064,0.935042735042735,1.0,7.47995240667214,24.55156950672646
Floating window (both),28,0.0392000908987615,0.9942363112391931,1.0,15.298150616113693,12.548579970104633
Floating window (both),56,0.0231791841836155,1.0,1.0,31.17783008186437,6.547085201793722
Fixed order quantity (LN),7,0.12475855016475401,0.5964149918522542,1.0,3.7904210441083572,55.65022421524664
Fixed order quantity (LN),28,0.03181456652653108,0.5821205821205822,1.0,13.992214766081451,14.185351270553065
Economic order quantity (LN),10,0.40484035905010796,0.6115688293855133,1.0,0.7701924145664413,245.51569506726457
Economic order quantity (LN),100,0.39018293375752755,0.790879778903731,1.0,1.4679769020921856,168.04185351270553
Economic order quantity (LN),1000,0.22304283604135894,0.9356530028598665,1.0,3.541532585548633,73.10911808669657
Floating window (both),7,0.06476536757186684,0.8213256484149856,1.0,4.469871545393339,28.916292974588938
Floating window (both),14,0.04226792409953414,0.8942307692307693,1.0,8.314896061056455,16.913303437967116
Floating window (both),28,0.026587887740029542,0.970954356846473,1.0,16.327630272758753,9.820627802690582
Floating window (both),56,0.017270764685831157,0.9681528662420382,1.0,32.90788482538723,6.001494768310912
Fixed order quantity (LN),7,0.06612884899443246,0.42358078602620086,1.0,5.33326596674712,48.5575485799701
Fixed order quantity (LN),28,0.030223838200204522,0.564755838641189,1.0,13.662114995147723,14.185351270553065
Economic order quantity (LN),10,0.1375980002272469,0.7602008788449467,1.0,2.3221647677858495,67.65321375186846
Economic order quantity (LN),100,0.11680490853312124,0.6547770700636942,1.0,2.9424878823357052,65.47085201793722
Economic order quantity (LN),1000,0.09464833541642995,0.8824152542372882,1.0,7.36176037600481,33.82660687593423
Floating window (both),7,0.11953187137825247,0.8375796178343949,1.0,2.6582895931059816,51.285500747384155
Floating window (both),14,0.06965117600272697,0.9608150470219435,1.0,6.219107762164239,26.18834080717489
Floating window (both),28,0.039995455061924784,0.9915492957746479,1.0,13.864575203645074,13.094170403587444
Floating window (both),56,0.025110782865583457,1.0,1.0,27.36030830465305,6.547085201793722
Fixed order quantity (LN),7,0.12862174752868993,0.6295884315906563,1.0,3.4754512584844814,51.285500747384155
Fixed order quantity (LN),28,0.03624588114986933,0.671578947368421,1.0,13.876049165808848,13.094170403587444
Economic order quantity (LN),10,0.5772071355527781,0.7378358750907771,1.0,0.02793969960057007,284.2526158445441
Economic order quantity (LN),100,0.5752755368708101,0.8445371142618849,1.0,0.2487455966524824,243.87892376681614
Economic order quantity (LN),1000,0.40665833428019543,0.9445764053840063,1.0,1.2308187679053941,140.21674140508222
Floating window (both),7,0.119418247926372,0.8354531001589826,1.0,2.420527630303053,51.285500747384155
Floating window (both),14,0.07146915123281446,0.9828125,1.0,6.731207669387468,26.18834080717489
Floating window (both),28,0.0413589364844904,1.0,1.0,13.188768467411869,13.094170403587444
Floating window (both),56,0.023974548346778774,1.0,1.0,26.39612047217637,6.547085201793722
Fixed order quantity (LN),7,0.12100897625269856,0.6145412579342181,1.0,3.5100479514738763,50.19431988041853
Fixed order quantity (LN),28,0.03090557891148733,0.6167800453514739,1.0,13.439793840861013,12.548579970104633
Economic order quantity (LN),10,0.604135893648449,0.7537567337680748,1.0,0.01671131075322401,291.8908819133034
Economic order quantity (LN),100,0.625724349505738,0.8731568098937689,1.0,0.19091468629644526,259.1554559043348
Economic order quantity (LN),1000,0.43699579593228044,0.9675471698113207,1.0,1.0658683143359944,148.94618834080717
Floating window (both),7,0.11816838995568685,0.8353413654618473,1.0,2.610516641663992,50.73991031390135
Floating window (both),14,0.07090103397341212,0.9765258215962441,1.0,7.028612765351534,26.18834080717489
Floating window (both),28,0.042381547551414614,1.0,1.0,14.707094203344136,13.094170403587444
Floating window (both),56,0.0231791841836155,0.9902912621359223,1.0,27.7420483780686,6.547085201793722
Fixed order quantity (LN),7,0.12021361208953528,0.5920537213206492,1.0,3.523426178410088,52.922272047832585
Fixed order quantity (LN),28,0.03704124531303261,0.6735537190082644,1.0,14.091438136556569,13.094170403587444
Economic order quantity (LN),10,0.42870128394500623,0.6143950496661782,1.0,0.09838250414367167,250.42600896860986
Economic order quantity (LN),100,0.4282467901374844,0.8077582511787398,1.0,0.599900191489102,184.40956651718983
Economic order quantity (LN),1000,0.2716736734461993,0.936545240893067,1.0,2.180470203303767,88.93124065769805
Floating window (both),7,0.1215770935121009,0.8519108280254777,1.0,2.909636455425837,51.285500747384155
Floating window (both),14,0.06601522554255199,0.9106583072100314,1.0,5.879025343174842,26.18834080717489
Floating window (both),28,0.04283604135893648,0.9973544973544973,1.0,14.166741669393454,13.094170403587444
Floating window (both),56,0.022611066924213157,1.0,1.0,28.762459350429314,6.547085201793722
Fixed order quantity (LN),7,0.13203045108510397,0.6311787072243346,1.0,3.3924760541966754,52.922272047832585
Fixed order quantity (LN),28,0.03295080104533576,0.6290672451193059,1.0,14.619680837455268,13.094170403587444
Economic order quantity (LN),10,0.4623338257016248,0.6189534529966535,1.0,0.09012047133832006,272.79521674140506
Economic order quantity (LN),100,0.45392569026247015,0.8009222133119487,1.0,0.581276240340569,199.1405082212257
Economic order quantity (LN),1000,0.27905919781842975,0.9377625047728141,1.0,2.2339856582493423,94.38714499252616
Floating window (both),7,0.04647199181911146,0.8665254237288136,1.0,11.6974775515652,19.095665171898357
Floating window (both),14,0.025792523576866264,0.9153225806451613,1.0,14.899483684205617,9.820627802690582
Floating window (both),28,0.014657425292580389,0.9847328244274809,1.0,23.213514036863753,5.4559043348281016
Floating window (both),56,0.009317123054198387,1.0,1.0,36.05411433450329,2.7279521674140508
Fixed order quantity (LN),7,0.07101465742529257,0.5165289256198347,1.0,9.882347310098769,40.91928251121076
Fixed order quantity (LN),28,0.029542097488921712,0.5676855895196506,1.0,13.994454933417156,14.185351270553065
Economic order quantity (LN),10,0.1671400977161686,0.7366049073610416,1.0,8.583391953588063,84.56651718983558
Economic order quantity (LN),100,0.16100443131462333,0.7987598647125141,1.0,8.910015972197844,74.20029895366218
Economic order quantity (LN),1000,0.11680490853312124,0.9500924214417745,1.0,10.301334219176042,40.91928251121076
Floating window (both),7,0.09317123054198387,0.777988614800759,1.0,2.862102772855073,43.101644245142005
Floating window (both),14,0.054425633450744235,0.8677536231884058,1.0,5.748305537082514,22.369207772795217
Floating window (both),28,0.03420065901602091,0.9616613418530351,1.0,14.099647470636766,12.002989536621824
Floating window (both),56,0.019997727530962392,0.9832402234636871,1.0,25.443193109166373,6.001494768310912
Fixed order quantity (LN),7,0.11044199522781502,0.5754884547069272,1.0,3.421563054578258,50.19431988041853
Fixed order quantity (LN),28,0.031246449267128735,0.6111111111111112,1.0,14.690621350542381,13.094170403587444
Economic order quantity (LN),10,0.25940234064310874,0.5759334006054491,1.0,0.1675192906176741,162.58594917787744
Economic order quantity (LN),100,0.21565731166912852,0.6535812672176309,1.0,1.3707080570858943,110.75485799701046
Economic order quantity (LN),1000,0.14021133962049767,0.9195230998509687,1.0,4.8867007830459075,44.19282511210762
Floating window (both),7,0.03454152937166231,0.8421052631578947,1.0,12.738276814537508,14.185351270553065
Floating window (both),14,0.019202363367799114,0.9234972677595629,1.0,15.461719517319393,7.0926756352765326
Floating window (both),28,0.012498579706851495,1.0,1.0,23.16413271139482,3.819133034379671
Floating window (both),56,0.007612771275991364,0.9852941176470589,1.0,36.16342550642645,2.1823617339312404
Fixed order quantity (LN),7,0.06578797863879104,0.49318568994889267,1.0,11.104866802905269,40.37369207772795
Fixed order quantity (LN),28,0.03454152937166231,0.6565874730021598,1.0,14.055539448645181,13.639760837070254
Economic order quantity (LN),10,0.1469151232814453,0.6696012428793371,1.0,10.193017766839802,81.83856502242152
Economic order quantity (LN),100,0.1572548574025679,0.8277511961722488,1.0,10.446059135271447,73.65470852017937
Economic order quantity (LN),1000,0.10521531644131349,0.9585921325051759,1.0,11.410016431965156,39.28251121076233
Floating window (both),7,0.03965458470628338,0.830952380952381,1.0,12.819252345068515,16.367713004484305
Floating window (both),14,0.022951937279854562,0.9181818181818182,1.0,15.538471139294385,8.183856502242152
Floating window (both),28,0.014316554936938983,0.9692307692307692,1.0,21.896540094257357,4.364723467862481
Floating window (both),56,0.00795364163163277,1.0,1.0,38.99721796450432,2.1823617339312404
Fixed order quantity (LN),7,0.06465174411998637,0.5144665461121157,1.0,10.747403617483187,39.28251121076233
Fixed order quantity (LN),28,0.0335189183047381,0.6276595744680851,1.0,14.304952197453288,14.185351270553065
Economic order quantity (LN),10,0.11407794568799,0.5672316384180791,1.0,9.658393515822102,75.2914798206278
Economic order quantity (LN),100,0.11998636518577434,0.7719298245614035,1.0,10.109975952270759,56.74140508221226
Economic order quantity (LN),1000,0.0777184410862402,0.9473684210526315,1.0,11.787737837840908,27.279521674140508
Floating window (both),7,0.11862288376320873,0.8312101910828026,1.0,2.5117994035676556,51.285500747384155
Floating window (both),14,0.06578797863879104,0.9061032863849765,1.0,5.855082464172037,26.18834080717489
Floating window (both),28,0.0413589364844904,0.994535519125683,1.0,13.66606729905423,13.094170403587444
Floating window (both),56,0.0235200545392569,1.0,1.0,27.923063279955414,6.001494768310912
Fixed order quantity (LN),7,0.1344165435745938,0.6322822020309995,1.0,3.5438575873018845,53.46786248131539
Fixed order quantity (LN),28,0.038177479831837294,0.6871165644171779,1.0,13.410823207630735,13.094170403587444
Economic order quantity (LN),10,0.5284626746960572,0.6699798329011812,1.0,0.041466138921909354,286.98056801195816
Economic order quantity (LN),100,0.5185774343824565,0.8047963322165403,1.0,0.44651303335883935,225.8744394618834
Economic order quantity (LN),1000,0.3459834109760255,0.9682034976152624,1.0,1.861264962818388,111.30044843049328
Floating window (both),7,0.03954096125440291,0.8467153284671532,1.0,12.079671738634723,16.913303437967116
Floating window (both),14,0.022156573116691284,0.9069767441860465,1.0,15.528736980631857,8.729446935724962
Floating window (both),28,0.013407567321895238,1.0,1.0,23.255996421808355,4.364723467862481
Floating window (both),56,0.008180888535393706,0.972972972972973,1.0,35.65178949583518,2.7279521674140508
Fixed order quantity (LN),7,0.07090103397341212,0.4960254372019078,1.0,10.620062006440058,43.64723467862481
Fixed order quantity (LN),28,0.028860356777638905,0.5607064017660044,1.0,13.947416266529748,14.185351270553065
Economic order quantity (LN),10,0.20270423815475513,0.7797202797202797,1.0,9.490014583446051,97.1150971599402
Economic order quantity (LN),100,0.20986251562322464,0.8610722610722611,1.0,9.611571564459732,90.02242152466367
Economic order quantity (LN),1000,0.1597545733439382,0.9743589743589743,1.0,10.277857245433404,57.832585949177876
Floating window (both),7,0.04510851039654585,0.8611713665943601,1.0,11.15599678901622,19.095665171898357
Floating window (both),14,0.027042381547551415,0.9407114624505929,1.0,15.228686080200777,10.366218236173394
Floating window (both),28,0.014771048744460856,0.9774436090225563,1.0,22.50572960758709,5.4559043348281016
Floating window (both),56,0.008408135439154642,1.0,1.0,35.13779189879109,2.7279521674140508
Fixed order quantity (LN),7,0.0680604476764004,0.45037593984962404,1.0,10.016131687242787,45.28400597907324
Fixed order quantity (LN),28,0.03317804794909669,0.6058091286307054,1.0,13.9922153942682,14.185351270553065
Economic order quantity (LN),10,0.1686172025906147,0.7785939139559287,1.0,8.590720752774441,80.7473841554559
Economic order quantity (LN),100,0.1649812521304397,0.7938764352104976,1.0,8.799883964732548,78.56502242152466
Economic order quantity (LN),1000,0.11975911828201341,0.9410714285714286,1.0,10.390724136422287,42.55605381165919
Floating window (both),7,0.12214521077150324,0.8732737611697806,1.0,3.0754443033719334,50.73991031390135
Floating window (both),14,0.06681058970571525,0.92018779342723,1.0,6.50585345867776,26.18834080717489
Floating window (both),28,0.04067719577320759,0.9972144846796658,1.0,14.089370590426707,13.094170403587444
Floating window (both),56,0.022724690376093627,0.9900990099009901,1.0,29.493643260846945,7.0926756352765326
Fixed order quantity (LN),7,0.11998636518577434,0.5902738960313024,1.0,3.41295612194665,55.10463378176382
Fixed order quantity (LN),28,0.03749573912055448,0.6707317073170732,1.0,13.886797676505692,14.185351270553065
Economic order quantity (LN),10,0.504374502897398,0.6952231793265466,1.0,0.08338201153738106,270.61285500747385
Economic order quantity (LN),100,0.4756277695716396,0.8641618497109826,1.0,0.5172873230300091,194.77578475336324
Economic order quantity (LN),1000,0.2948528576298148,0.9719101123595506,1.0,2.0191847654263135,98.75186846038864
Floating window (both),7,0.007726394727871832,0.288135593220339,1.0,0.5318607097381387,9.820627802690582
Floating window (both),14,0.007726394727871832,0.39080459770114945,1.0,3.9480429607484915,7.0926756352765326
Floating window (both),28,0.00795364163163277,0.5185185185185185,0.9914562306053977,7.5840739429190425,5.4559043348281016
Floating window (both),56,0.00795364163163277,0.6481481481481481,1.0,19.675217095286296,4.364723467862481
Fixed order quantity (LN),7,0.013407567321895238,0.3933333333333333,1.0,0.3148148148148177,12.548579970104633
Fixed order quantity (LN),28,0.008635382342915578,0.2733812949640288,1.0,10.116038310358176,10.911808669656203
Economic order quantity (LN),10,0.010112487217361663,0.2966666666666667,1.0,0.22046183833521804,12.548579970104633
Economic order quantity (LN),100,0.007499147824110896,0.2558139534883721,1.0,11.179799545859623,10.366218236173394
Economic order quantity (LN),1000,0.006476536757186684,0.5327102803738317,1.0,36.915394080826175,3.273542600896861
Floating window (both),7,0.014884672196341325,0.7318435754189944,1.0,2.0406889141018483,6.547085201793722
Floating window (both),14,0.010226110669242132,0.8490566037735849,1.0,4.394874965732386,3.819133034379671
Floating window (both),28,0.007044654016589024,0.8985507246376812,1.0,9.677681476358533,2.1823617339312404
Floating window (both),56,0.004658561527099194,0.9111111111111111,1.0,17.941021225014033,1.6367713004484306
Fixed order quantity (LN),7,0.03465515282354278,0.4670750382848392,1.0,4.514086240327609,23.460388639760836
Fixed order quantity (LN),28,0.018406999204635836,0.5110410094637224,1.0,6.920663220895608,9.820627802690582
Economic order quantity (LN),10,0.0413589364844904,0.46547314578005117,1.0,0.08742385911895773,31.09865470852018
Economic order quantity (LN),100,0.04215430064765367,0.6407599309153713,1.0,0.8079696393288548,22.91479820627803
Economic order quantity (LN),1000,0.029882967844563117,0.9195804195804196,1.0,3.1353619364606327,10.911808669656203
Floating window (both),7,0.019997727530962392,0.5569620253164557,1.0,2.3553831431260432,12.548579970104633
Floating window (both),14,0.013748437677536644,0.6875,1.0,5.312762474197451,7.0926756352765326
Floating window (both),28,0.010680604476764005,0.8392857142857143,1.0,13.34800880561163,3.819133034379671
Floating window (both),56,0.006476536757186684,0.7808219178082192,1.0,24.0916671322234,2.1823617339312404
Fixed order quantity (LN),7,0.050903306442449725,0.43410852713178294,1.0,5.4465837821592045,36.554559043348284
Fixed order quantity (LN),28,0.024201795250539712,0.5649867374005305,1.0,9.255253438362512,10.911808669656203
Economic order quantity (LN),10,0.0392000908987615,0.2863070539419087,1.0,0.1840267545896443,48.5575485799701
Economic order quantity (LN),100,0.047835473241677084,0.5871687587168759,1.0,1.7354748587672526,27.279521674140508
Economic order quantity (LN),1000,0.031246449267128735,0.9075907590759076,1.0,6.205909159364668,10.366218236173394
Floating window (both),7,0.006135666401545279,0.5,1.0,12.186449835215306,4.364723467862481
Floating window (both),14,0.005226678786501534,0.5897435897435898,1.0,2.8081653970140654,3.273542600896861
Floating window (both),28,0.0045449380752187254,0.9302325581395349,1.0,23.295298626435684,1.6367713004484306
Floating window (both),56,0.0028405862970117034,0.8620689655172413,1.0,33.715456476213525,1.0911808669656202
Fixed order quantity (LN),7,0.011135098284285877,0.5355191256830601,1.0,0.0,7.638266068759342
Fixed order quantity (LN),28,0.006817407112828087,0.37735849056603776,1.0,17.357753885497132,6.001494768310912
Economic order quantity (LN),10,0.008294511987274173,0.3989071038251366,1.0,0.5657462573825128,7.638266068759342
Economic order quantity (LN),100,0.006476536757186684,0.33727810650887574,1.0,4.566034994376394,7.0926756352765326
Economic order quantity (LN),1000,0.004204067719577321,0.47435897435897434,1.0,25.526040353760795,3.273542600896861
Floating window (both),7,0.006135666401545279,0.15126050420168066,1.0,0.6443697060288989,14.185351270553065
Floating window (both),14,0.005908419497784343,0.20233463035019456,1.0,2.4854260089686098,10.366218236173394
Floating window (both),28,0.006703783660947619,0.29207920792079206,1.0,6.713905076387199,8.183856502242152
Floating window (both),56,0.009203499602317918,0.5955882352941176,0.9970050997000783,22.473388406851583,5.4559043348281016
Fixed order quantity (LN),7,0.0156800363595046,0.31221719457013575,1.0,0.0,17.458893871449924
Fixed order quantity (LN),28,0.01215770935121009,0.37543859649122807,1.0,15.630617837568533,10.366218236173394
Economic order quantity (LN),10,0.005226678786501534,0.1036036036036036,1.0,0.5462464568287192,17.458893871449924
Economic order quantity (LN),100,0.010907851380524941,0.3380281690140845,1.0,13.039306303727562,10.366218236173394
Economic order quantity (LN),1000,0.005794796045903875,0.4857142857142857,1.0,52.4946090693345,3.819133034379671
Floating window (both),7,0.009885240313600727,0.44387755102040816,1.0,1.0747788146891286,8.183856502242152
Floating window (both),14,0.008408135439154642,0.43529411764705883,1.0,3.597523532501111,7.0926756352765326
Floating window (both),28,0.00852175889103511,0.6410256410256411,1.0,11.812534367972143,4.910313901345291
Floating window (both),56,0.006476536757186684,0.6333333333333333,1.0,22.899622041043493,3.819133034379671
Fixed order quantity (LN),7,0.014657425292580389,0.4690909090909091,1.0,0.0,11.457399103139014
Fixed order quantity (LN),28,0.008408135439154642,0.31223628691983124,1.0,11.150688805397289,8.729446935724962
Economic order quantity (LN),10,0.011816838995568686,0.37681159420289856,1.0,1.6232563082122746,11.457399103139014
Economic order quantity (LN),100,0.008067265083513237,0.3333333333333333,1.0,9.841737371455782,8.729446935724962
Economic order quantity (LN),1000,0.005113055334621066,0.4368932038834951,1.0,51.41337396036444,4.364723467862481
Floating window (both),7,0.004317691171457789,0.21839080459770116,1.0,0.49518066079068085,7.0926756352765326
Floating window (both),14,0.004090444267696853,0.24161073825503357,1.0,1.3712695221895779,6.001494768310912
Floating window (both),28,0.0045449380752187254,0.31746031746031744,1.0,7.772305504671416,5.4559043348281016
Floating window (both),56,0.004431314623338257,0.4020618556701031,0.9974588497113983,14.29146556104761,4.364723467862481
Fixed order quantity (LN),7,0.008067265083513237,0.31555555555555553,1.0,0.0,9.275037369207773
Fixed order quantity (LN),28,0.004658561527099194,0.18981481481481483,1.0,10.119066027524338,8.729446935724962
Economic order quantity (LN),10,0.003976820815816385,0.15555555555555556,1.0,0.8147336280409503,9.275037369207773
Economic order quantity (LN),100,0.00488580843086013,0.22631578947368422,1.0,16.49847581324162,7.638266068759342
Economic order quantity (LN),1000,0.004204067719577321,0.4868421052631579,1.0,59.472418352009264,2.1823617339312404
Floating window (both),7,0.0011362345188046814,0.3125,1.0,0.18410563029397112,1.0911808669656202
Floating window (both),14,0.000908987615043745,0.25,1.0,0.18410563029397112,1.0911808669656202
Floating window (both),28,0.000908987615043745,0.2962962962962963,1.0,1.1378923766816138,1.0911808669656202
Floating window (both),56,0.0,0.0,1.0,25.538412395040194,0.0
Fixed order quantity (LN),7,0.001931598681967958,0.3617021276595745,1.0,0.0,1.6367713004484306
Fixed order quantity (LN),28,0.00181797523008749,0.3404255319148936,1.0,0.0,1.6367713004484306
Economic order quantity (LN),10,0.0004544938075218725,0.0851063829787234,1.0,0.0,1.6367713004484306
Economic order quantity (LN),100,0.000795364163163277,0.14893617021276595,1.0,0.0014521898860430937,1.6367713004484306
Economic order quantity (LN),1000,0.000795364163163277,0.25925925925925924,1.0,19.16763078225493,1.0911808669656202
Floating window (both),7,0.001590728326326554,0.10852713178294573,1.0,0.3945120649156523,5.4559043348281016
Floating window (both),14,0.0014771048744460858,0.1262135922330097,1.0,2.2881699765107837,4.364723467862481
Floating window (both),28,0.001590728326326554,0.15555555555555556,1.0,3.7084134102071324,3.819133034379671
Floating window (both),56,0.0014771048744460858,0.16883116883116883,0.9939255716261035,6.2519222540485995,3.273542600896861
Fixed order quantity (LN),7,0.0029542097488921715,0.18309859154929578,1.0,14.0,6.001494768310912
Fixed order quantity (LN),28,0.0030678332007726397,0.19014084507042253,1.0,14.0,6.001494768310912
Economic order quantity (LN),10,0.00181797523008749,0.11267605633802817,1.0,0.0,6.001494768310912
Economic order quantity (LN),100,0.002613339393250767,0.17293233082706766,1.0,38.1901397678745,5.4559043348281016
Economic order quantity (LN),1000,0.0014771048744460858,0.2765957446808511,1.0,51.133450791855154,1.6367713004484306
Floating window (both),7,0.01954323372344052,0.8431372549019608,1.0,10.177577298353402,8.729446935724962
Floating window (both),14,0.012725826610612431,0.8235294117647058,1.0,14.448869339763021,5.4559043348281016
Floating window (both),28,0.008067265083513237,0.8658536585365854,1.0,19.695349970204955,3.273542600896861
Floating window (both),56,0.0054539256902624705,0.7619047619047619,1.0,30.752941398244495,2.7279521674140508
Fixed order quantity (LN),7,0.038745597091239634,0.44228274967574577,1.0,8.542013246102096,28.37070254110613
Fixed order quantity (LN),28,0.025338029769344392,0.554726368159204,1.0,11.335735219196266,12.548579970104633
Economic order quantity (LN),10,0.07135552778093399,0.6120857699805068,1.0,7.10984203284537,43.64723467862481
Economic order quantity (LN),100,0.07680945347119646,0.8164251207729468,1.0,7.344348000505869,37.6457399103139
Economic order quantity (LN),1000,0.052607658220656744,0.9025341130604289,1.0,8.390934925314587,21.278026905829595
Floating window (both),7,0.00181797523008749,0.1553398058252427,1.0,0.0,3.819133034379671
Floating window (both),14,0.0017043517782070218,0.15789473684210525,1.0,0.0,3.819133034379671
Floating window (both),28,0.0011362345188046814,0.11764705882352941,1.0,1.428129980625527,3.819133034379671
Floating window (both),56,0.0022724690376093627,0.2857142857142857,0.9862188287110969,7.666803702117184,2.7279521674140508
Fixed order quantity (LN),7,0.002499715941370299,0.2,1.0,14.00000000000001,3.819133034379671
Fixed order quantity (LN),28,0.002613339393250767,0.20909090909090908,1.0,14.00000000000001,3.819133034379671
Economic order quantity (LN),10,0.0027269628451312353,0.21818181818181817,1.0,0.0,3.819133034379671
Economic order quantity (LN),100,0.0014771048744460858,0.1262135922330097,1.0,8.570104024804344,3.819133034379671
Economic order quantity (LN),1000,0.0017043517782070218,0.32608695652173914,1.0,54.909886528137996,1.6367713004484306
Floating window (both),7,0.009317123054198387,0.43157894736842106,1.0,10.58445440956652,8.183856502242152
Floating window (both),14,0.008749005794796046,0.6062992125984252,1.0,14.088809855162108,5.4559043348281016
Floating window (both),28,0.005908419497784343,0.6842105263157895,1.0,22.2524873915301,3.273542600896861
Floating window (both),56,0.005113055334621066,0.7758620689655172,0.9956126782922076,30.69104127217115,2.1823617339312404
Fixed order quantity (LN),7,0.013521190773775707,0.4061433447098976,1.0,9.88619143343127,12.548579970104633
Fixed order quantity (LN),28,0.00795364163163277,0.26022304832713755,1.0,13.568243904953347,10.911808669656203
Economic order quantity (LN),10,0.010226110669242132,0.30716723549488056,1.0,9.53572886399224,12.548579970104633
Economic order quantity (LN),100,0.010794227928644472,0.39748953974895396,1.0,13.503102525432533,9.820627802690582
Economic order quantity (LN),1000,0.007726394727871832,0.5964912280701754,1.0,26.75166002827612,4.364723467862481
Floating window (both),7,0.007499147824110896,0.2222222222222222,1.0,0.6044222579462448,12.548579970104633
Floating window (both),14,0.006590160209067151,0.2510822510822511,1.0,2.3968468849592464,9.820627802690582
Floating window (both),28,0.007612771275991364,0.3806818181818182,0.9988514975554101,7.034715236726201,7.0926756352765326
Floating window (both),56,0.007726394727871832,0.5573770491803278,0.9914103986602334,26.355812757497628,5.4559043348281016
Fixed order quantity (LN),7,0.01454380184069992,0.32989690721649484,1.0,0.0,16.367713004484305
Fixed order quantity (LN),28,0.015111919100102261,0.4360655737704918,1.0,9.115266378994223,10.366218236173394
Economic order quantity (LN),10,0.006135666401545279,0.140625,1.0,0.21518722730723636,16.367713004484305
Economic order quantity (LN),100,0.008067265083513237,0.2689393939393939,1.0,16.728304842646768,10.366218236173394
Economic order quantity (LN),1000,0.0034087035564140437,0.35714285714285715,1.0,78.17816931947961,3.273542600896861
Floating window (both),7,0.016702647426428813,0.7424242424242424,1.0,0.3248922887540666,8.183856502242152
Floating window (both),14,0.01647540052266788,0.7712765957446809,1.0,0.8497182936644819,7.638266068759342
Floating window (both),28,0.013066696966253835,0.8273381294964028,1.0,6.223404196923995,6.001494768310912
Floating window (both),56,0.011248721736166345,0.9,1.0,15.77568171034615,4.910313901345291
Fixed order quantity (LN),7,0.015566412907624134,0.6199095022624435,1.0,3.4656101833627746,9.275037369207773
Fixed order quantity (LN),28,0.009089876150437451,0.37735849056603776,1.0,9.576223038370221,8.729446935724962
Economic order quantity (LN),10,0.01829337575275537,0.7285067873303167,1.0,0.0,9.275037369207773
Economic order quantity (LN),100,0.01874786956027724,0.746606334841629,1.0,0.3636840544744213,9.275037369207773
Economic order quantity (LN),1000,0.01647540052266788,0.7360406091370558,1.0,15.181388589799926,8.183856502242152
Floating window (both),7,0.006022042949664811,0.2994350282485876,1.0,0.3881145719710742,7.638266068759342
Floating window (both),14,0.005567549142142939,0.3888888888888889,1.0,4.6275198965781925,5.4559043348281016
Floating window (both),28,0.006362913305306216,0.49557522123893805,1.0,7.015917262554034,4.910313901345291
Floating window (both),56,0.0054539256902624705,0.47058823529411764,0.9996904039195318,15.454084223878693,4.364723467862481
Fixed order quantity (LN),7,0.007612771275991364,0.3116279069767442,1.0,13.999999999999996,9.275037369207773
Fixed order quantity (LN),28,0.008294511987274173,0.38219895287958117,1.0,15.644043146285252,7.638266068759342
Economic order quantity (LN),10,0.005794796045903875,0.2372093023255814,1.0,0.0,9.275037369207773
Economic order quantity (LN),100,0.00488580843086013,0.22994652406417113,1.0,8.457341790665904,7.638266068759342
Economic order quantity (LN),1000,0.002613339393250767,0.3484848484848485,1.0,65.3586480007874,2.7279521674140508
Floating window (both),7,0.00488580843086013,0.22164948453608246,1.0,0.5523168908819133,8.183856502242152
Floating window (both),14,0.004431314623338257,0.2484076433121019,1.0,2.9456900847035374,6.547085201793722
Floating window (both),28,0.004090444267696853,0.3333333333333333,1.0,8.3347511012559,4.364723467862481
Floating window (both),56,0.004772184978979662,0.5,0.9964665148701197,20.494686204586852,3.819133034379671
Fixed order quantity (LN),7,0.007726394727871832,0.3119266055045872,1.0,0.0,9.275037369207773
Fixed order quantity (LN),28,0.00727190092034996,0.30917874396135264,1.0,12.830991529646266,9.275037369207773
Economic order quantity (LN),10,0.004317691171457789,0.17272727272727273,1.0,0.32499040491360315,9.275037369207773
Economic order quantity (LN),100,0.003863197363935916,0.18888888888888888,1.0,11.040291294522936,7.638266068759342
Economic order quantity (LN),1000,0.0021588455857288946,0.34545454545454546,1.0,57.000550344007806,2.1823617339312404
Floating window (both),7,0.004204067719577321,0.19170984455958548,1.0,0.8122307218851667,7.638266068759342
Floating window (both),14,0.0034087035564140437,0.22900763358778625,1.0,3.7687505495471734,4.910313901345291
Floating window (both),28,0.005567549142142939,0.5444444444444444,1.0,11.822501492187774,3.273542600896861
Floating window (both),56,0.003863197363935916,0.5862068965517241,1.0,24.427894469206592,1.6367713004484306
Fixed order quantity (LN),7,0.0078400181797523,0.26436781609195403,1.0,0.0,10.366218236173394
Fixed order quantity (LN),28,0.008067265083513237,0.28063241106719367,1.0,6.854567836103044,8.729446935724962
Economic order quantity (LN),10,0.003749573912055448,0.12452830188679245,1.0,0.0,10.366218236173394
Economic order quantity (LN),100,0.007385524372230428,0.32663316582914576,1.0,3.892042482116375,8.183856502242152
Economic order quantity (LN),1000,0.002613339393250767,0.3333333333333333,1.0,27.376895017981003,2.7279521674140508
Floating window (both),7,0.0010226110669242132,0.07563025210084033,1.0,0.1472845042351769,4.910313901345291
Floating window (both),14,0.0017043517782070218,0.14150943396226415,1.0,1.6201295465869456,4.364723467862481
Floating window (both),28,0.0021588455857288946,0.23170731707317074,1.0,8.659553136960188,3.273542600896861
Floating window (both),56,0.0010226110669242132,0.12,1.0,13.99104938574141,3.273542600896861
Fixed order quantity (LN),7,0.003181456652653108,0.21705426356589147,1.0,14.0,5.4559043348281016
Fixed order quantity (LN),28,0.002613339393250767,0.17829457364341086,1.0,14.0,5.4559043348281016
Economic order quantity (LN),10,0.0011362345188046814,0.07751937984496124,1.0,0.0,5.4559043348281016
Economic order quantity (LN),100,0.00181797523008749,0.14285714285714285,1.0,9.096516742722757,4.364723467862481
Economic order quantity (LN),1000,0.0004544938075218725,0.10256410256410256,1.0,61.627925501835875,1.6367713004484306
Floating window (both),7,0.003181456652653108,0.21875,1.0,0.15780482596626094,5.4559043348281016
Floating window (both),14,0.0034087035564140437,0.25862068965517243,1.0,0.8942273471421452,4.910313901345291
Floating window (both),28,0.0032950801045335755,0.25,1.0,0.8942273471421452,4.910313901345291
Floating window (both),56,0.003863197363935916,0.3953488372093023,0.9780289286466181,18.115291610029683,3.819133034379671
Fixed order quantity (LN),7,0.003749573912055448,0.23404255319148937,1.0,13.999999999999998,6.001494768310912
Fixed order quantity (LN),28,0.003749573912055448,0.23404255319148937,1.0,13.999999999999998,6.001494768310912
Economic order quantity (LN),10,0.0034087035564140437,0.2127659574468085,1.0,0.46724712329443324,6.001494768310912
Economic order quantity (LN),100,0.0034087035564140437,0.23622047244094488,1.0,27.583428467280175,5.4559043348281016
Economic order quantity (LN),1000,0.0004544938075218725,0.07692307692307693,1.0,126.05090028742869,2.1823617339312404
Floating window (both),7,0.0027269628451312353,0.21818181818181817,1.0,0.4602640757349277,3.819133034379671
Floating window (both),14,0.0027269628451312353,0.23300970873786409,1.0,0.4602640757349277,3.819133034379671
Floating window (both),28,0.002386092489489831,0.3,1.0,6.191605689071162,2.7279521674140508
Floating window (both),56,0.002499715941370299,0.39285714285714285,1.0,9.4614664993487,2.1823617339312404
Fixed order quantity (LN),7,0.004772184978979662,0.328125,1.0,0.0,4.364723467862481
Fixed order quantity (LN),28,0.006022042949664811,0.41732283464566927,1.0,0.0,4.364723467862481
Economic order quantity (LN),10,0.002613339393250767,0.1796875,1.0,0.0,4.364723467862481
Economic order quantity (LN),100,0.0030678332007726397,0.25471698113207547,1.0,17.46936065723562,3.819133034379671
Economic order quantity (LN),1000,0.0021588455857288946,0.3275862068965517,1.0,50.55846606760257,2.1823617339312404
Floating window (both),7,0.024656289058061585,0.8097014925373134,1.0,2.642313365016462,11.457399103139014
Floating window (both),14,0.01704351778207022,0.8426966292134831,1.0,5.1186975155063585,7.638266068759342
Floating window (both),28,0.012725826610612431,0.9256198347107438,1.0,12.209739487509378,4.910313901345291
Floating window (both),56,0.008635382342915578,0.9382716049382716,1.0,28.43964087136662,3.819133034379671
Fixed order quantity (LN),7,0.031132825815248268,0.40773809523809523,1.0,2.6009192080210615,27.82511210762332
Fixed order quantity (LN),28,0.01954323372344052,0.450261780104712,1.0,8.784775710263212,12.548579970104633
Economic order quantity (LN),10,0.05772071355527781,0.6105769230769231,1.0,0.06370389329637019,34.91778774289985
Economic order quantity (LN),100,0.06317463924554027,0.7503373819163293,1.0,0.6161920592408276,31.64424514200299
Economic order quantity (LN),1000,0.04931257811612317,0.9434782608695652,1.0,4.510910510902675,18.550074738415546
Floating window (both),7,0.011703215543688217,0.7410071942446043,1.0,1.850142682429678,6.001494768310912
Floating window (both),14,0.010566981024883536,0.7322834645669292,1.0,2.9748607147710286,5.4559043348281016
Floating window (both),28,0.009317123054198387,0.8118811881188119,1.0,5.76657154504688,4.364723467862481
Floating window (both),56,0.00727190092034996,0.7619047619047619,1.0,20.46299650403056,4.364723467862481
Fixed order quantity (LN),7,0.013407567321895238,0.6210526315789474,1.0,3.69471395570052,8.183856502242152
Fixed order quantity (LN),28,0.008976252698556982,0.4340659340659341,1.0,8.685745345835034,7.638266068759342
Economic order quantity (LN),10,0.014430178388819452,0.6684210526315789,1.0,0.4040766408479413,8.183856502242152
Economic order quantity (LN),100,0.013066696966253835,0.6052631578947368,1.0,3.257666893203985,8.183856502242152
Economic order quantity (LN),1000,0.00965799340983979,0.625,1.0,33.62077744625897,6.001494768310912
Floating window (both),7,0.003181456652653108,0.19310344827586207,1.0,0.1004212528876206,6.001494768310912
Floating window (both),14,0.002499715941370299,0.16541353383458646,1.0,0.7531593966571545,5.4559043348281016
Floating window (both),28,0.0030678332007726397,0.3068181818181818,0.9989025675959501,9.478380308300382,3.819133034379671
Floating window (both),56,0.0034087035564140437,0.4166666666666667,0.9867489359350928,14.978846341055894,3.273542600896861
Fixed order quantity (LN),7,0.006590160209067151,0.36942675159235666,1.0,0.0,6.547085201793722
Fixed order quantity (LN),28,0.005908419497784343,0.3270440251572327,1.0,0.0,6.547085201793722
Economic order quantity (LN),10,0.002613339393250767,0.14285714285714285,1.0,0.6823034223475877,6.547085201793722
Economic order quantity (LN),100,0.00181797523008749,0.12030075187969924,1.0,17.938222340558227,5.4559043348281016
Economic order quantity (LN),1000,0.0028405862970117034,0.5,1.0,101.68976387238376,1.6367713004484306
Floating window (both),7,0.007726394727871832,0.1784776902887139,1.0,1.7902685428586156,15.276532137518684
Floating window (both),14,0.005794796045903875,0.1650485436893204,1.0,3.675764135869285,12.548579970104633
Floating window (both),28,0.008635382342915578,0.36363636363636365,0.9948871367693725,11.294547958955647,8.729446935724962
Floating window (both),56,0.0078400181797523,0.5348837209302325,1.0,29.074818447243455,5.4559043348281016
Fixed order quantity (LN),7,0.01988410407908192,0.32051282051282054,1.0,1.258620689655172,22.369207772795217
Fixed order quantity (LN),28,0.013293943870014771,0.319672131147541,1.0,12.795087882067918,13.094170403587444
Economic order quantity (LN),10,0.006817407112828087,0.11070110701107011,1.0,1.1545604960671152,21.823617339312406
Economic order quantity (LN),100,0.012498579706851495,0.34375,1.0,17.332783369038005,12.002989536621824
Economic order quantity (LN),1000,0.004999431882740598,0.41904761904761906,1.0,49.42866097756927,3.819133034379671
Floating window (both),7,0.006817407112828087,0.1834862385321101,1.0,0.8457352391629296,13.094170403587444
Floating window (both),14,0.006817407112828087,0.22641509433962265,1.0,2.364606689088191,10.911808669656203
Floating window (both),28,0.008635382342915578,0.4367816091954023,0.9889973268744445,8.322103519529598,7.0926756352765326
Floating window (both),56,0.008976252698556982,0.5683453237410072,0.991994527354976,18.579147753344323,6.001494768310912
Fixed order quantity (LN),7,0.01942961027156005,0.33794466403162055,1.0,0.0,20.186846038863976
Fixed order quantity (LN),28,0.010907851380524941,0.2953846153846154,1.0,12.595057922272058,11.457399103139014
Economic order quantity (LN),10,0.008976252698556982,0.15831663326653306,1.0,2.3443436028712084,19.641255605381165
Economic order quantity (LN),100,0.010794227928644472,0.30844155844155846,1.0,19.983937428421797,12.002989536621824
Economic order quantity (LN),1000,0.005908419497784343,0.47706422018348627,1.0,44.750253032500275,3.819133034379671
Floating window (both),7,0.017270764685831157,0.4245810055865922,1.0,1.3428076918754286,15.276532137518684
Floating window (both),14,0.01579365981138507,0.47278911564625853,1.0,3.593602841183677,12.548579970104633
Floating window (both),28,0.01215770935121009,0.5977653631284916,1.0,10.967544773645717,7.638266068759342
Floating window (both),56,0.010680604476764005,0.7966101694915254,1.0,29.948545184789065,5.4559043348281016
Fixed order quantity (LN),7,0.02726962845131235,0.39279869067103107,1.0,3.559144498016303,24.55156950672646
Fixed order quantity (LN),28,0.011703215543688217,0.30930930930930933,1.0,11.553165424772661,12.548579970104633
Economic order quantity (LN),10,0.021815702761049882,0.31475409836065577,1.0,1.7289221035824471,25.097159940209266
Economic order quantity (LN),100,0.01806612884899443,0.4608695652173913,1.0,10.997042140137475,14.185351270553065
Economic order quantity (LN),1000,0.011475968639927281,0.63125,1.0,31.670795238829758,6.001494768310912
Floating window (both),7,0.004999431882740598,0.1506849315068493,1.0,0.7762291439421484,12.002989536621824
Floating window (both),14,0.00488580843086013,0.16165413533834586,1.0,1.642023189108391,10.911808669656203
Floating window (both),28,0.006476536757186684,0.3584905660377358,0.9903132128564001,9.850939471191046,6.547085201793722
Floating window (both),56,0.006362913305306216,0.42105263157894735,1.0,16.433484129063245,4.910313901345291
Fixed order quantity (LN),7,0.0078400181797523,0.19382022471910113,1.0,13.999999999999996,14.730941704035875
Fixed order quantity (LN),28,0.010907851380524941,0.31475409836065577,1.0,14.747222558881717,11.457399103139014
Economic order quantity (LN),10,0.00488580843086013,0.12078651685393259,1.0,1.4715221153789586,14.730941704035875
Economic order quantity (LN),100,0.008180888535393706,0.2975206611570248,1.0,24.57671727717559,9.820627802690582
Economic order quantity (LN),1000,0.0034087035564140437,0.375,1.0,83.87349155690633,2.7279521674140508
Floating window (both),7,0.005681172594023407,0.27932960893854747,1.0,0.9454409566517191,7.638266068759342
Floating window (both),14,0.005567549142142939,0.2916666666666667,1.0,1.8429559043348283,7.0926756352765326
Floating window (both),28,0.004317691171457789,0.2676056338028169,0.9863034005310651,3.032277882440827,6.001494768310912
Floating window (both),56,0.004431314623338257,0.42857142857142855,0.9820867851549145,19.949164121820477,3.819133034379671
Fixed order quantity (LN),7,0.008180888535393706,0.36180904522613067,1.0,1.1736733931240657,8.183856502242152
Fixed order quantity (LN),28,0.006022042949664811,0.25980392156862747,1.0,10.849588938714511,8.183856502242152
Economic order quantity (LN),10,0.003976820815816385,0.16826923076923078,1.0,0.8524694510485914,8.729446935724962
Economic order quantity (LN),100,0.003976820815816385,0.20958083832335328,1.0,25.31826703823486,7.0926756352765326
Economic order quantity (LN),1000,0.004090444267696853,0.5070422535211268,0.996669461108165,62.66685300975945,2.1823617339312404
Floating window (both),7,0.005794796045903875,0.22466960352422907,1.0,0.4518956379942927,9.275037369207773
Floating window (both),14,0.006703783660947619,0.2757009345794392,1.0,1.4561081668704987,8.729446935724962
Floating window (both),28,0.004772184978979662,0.25766871165644173,1.0,4.459028089443082,6.547085201793722
Floating window (both),56,0.007044654016589024,0.6526315789473685,0.976800234792077,26.234228140033252,3.819133034379671
Fixed order quantity (LN),7,0.011248721736166345,0.3574007220216607,1.0,14.0,11.457399103139014
Fixed order quantity (LN),28,0.00965799340983979,0.3359683794466403,1.0,11.536485935589088,9.820627802690582
Economic order quantity (LN),10,0.007044654016589024,0.2222222222222222,1.0,0.0,11.457399103139014
Economic order quantity (LN),100,0.004772184978979662,0.1826086956521739,1.0,18.841008367178993,9.275037369207773
Economic order quantity (LN),1000,0.004431314623338257,0.4105263157894737,1.0,64.30570164311112,3.273542600896861
Floating window (both),7,0.03215543688217248,0.8039772727272727,1.0,0.8430099913460781,14.730941704035875
Floating window (both),14,0.024656289058061585,0.8443579766536965,1.0,3.3720399653843125,10.911808669656203
Floating window (both),28,0.019656857175320987,0.8737373737373737,1.0,9.07953722549004,8.729446935724962
Floating window (both),56,0.01704351778207022,0.9615384615384616,1.0,19.82178276506032,6.547085201793722
Fixed order quantity (LN),7,0.020452221338484265,0.4326923076923077,1.0,3.5510974746283095,17.458893871449924
Fixed order quantity (LN),28,0.00965799340983979,0.2537313432835821,1.0,15.081740225001985,13.094170403587444
Economic order quantity (LN),10,0.03647312805363027,0.7716346153846154,1.0,0.0,17.458893871449924
Economic order quantity (LN),100,0.03613225769798886,0.7644230769230769,1.0,0.002651111491704129,17.458893871449924
Economic order quantity (LN),1000,0.03147369617088967,0.7891737891737892,1.0,10.470159967788408,13.639760837070254
Floating window (both),7,0.04465401658902397,0.7401129943502824,1.0,2.0786266642602285,21.278026905829595
Floating window (both),14,0.03329167140097716,0.8207282913165266,1.0,4.276266503769315,14.730941704035875
Floating window (both),28,0.024769912509942052,0.872,1.0,10.72241974254097,9.820627802690582
Floating window (both),56,0.014884672196341325,0.8791946308724832,1.0,20.967494414328673,5.4559043348281016
Fixed order quantity (LN),7,0.04272241790705602,0.37751004016064255,1.0,3.2628219189493275,36.00896860986547
Fixed order quantity (LN),28,0.024201795250539712,0.5406091370558376,1.0,11.978815939876085,12.002989536621824
Economic order quantity (LN),10,0.08544483581411204,0.6505190311418685,1.0,0.13951754933652544,47.46636771300449
Economic order quantity (LN),100,0.0745369844335871,0.6241674595623216,1.0,1.0259929795107672,42.01046337817638
Economic order quantity (LN),1000,0.05158504715373253,0.8078291814946619,1.0,6.550086156172515,20.186846038863976
Floating window (both),7,0.008180888535393706,0.6371681415929203,1.0,0.849718293664482,4.364723467862481
Floating window (both),14,0.008180888535393706,0.6923076923076923,1.0,1.038544581145478,3.819133034379671
Floating window (both),28,0.006817407112828087,0.7228915662650602,1.0,4.894983761974764,3.273542600896861
Floating window (both),56,0.0062492898534257475,0.9482758620689655,1.0,20.53436823431101,2.7279521674140508
Fixed order quantity (LN),7,0.008408135439154642,0.48366013071895425,1.0,2.0028490028489934,6.001494768310912
Fixed order quantity (LN),28,0.006476536757186684,0.41911764705882354,1.0,10.771159914657625,4.910313901345291
Economic order quantity (LN),10,0.009430746506078854,0.5424836601307189,1.0,0.0,6.001494768310912
Economic order quantity (LN),100,0.009203499602317918,0.5328947368421053,1.0,0.7321183228572146,6.001494768310912
Economic order quantity (LN),1000,0.006476536757186684,0.504424778761062,1.0,11.82461757452538,4.364723467862481
Floating window (both),7,0.005567549142142939,0.25654450261780104,1.0,0.669475019250804,7.638266068759342
Floating window (both),14,0.004204067719577321,0.20786516853932585,1.0,0.9707387779136659,7.0926756352765326
Floating window (both),28,0.004431314623338257,0.2805755395683453,1.0,5.875418443956324,5.4559043348281016
Floating window (both),56,0.006590160209067151,0.5742574257425742,0.9771182296308587,23.86363310481736,4.364723467862481
Fixed order quantity (LN),7,0.0062492898534257475,0.22448979591836735,1.0,14.000000000000005,9.820627802690582
Fixed order quantity (LN),28,0.00727190092034996,0.2711864406779661,1.0,8.578248856275735,8.729446935724962
Economic order quantity (LN),10,0.005681172594023407,0.20408163265306123,1.0,0.037911917655572065,9.820627802690582
Economic order quantity (LN),100,0.005340302238382002,0.22596153846153846,1.0,20.27595862505134,8.729446935724962
Economic order quantity (LN),1000,0.002386092489489831,0.3,1.0,73.32578533192712,2.7279521674140508
Floating window (both),7,0.007385524372230428,0.25096525096525096,1.0,6.294977014411823,10.911808669656203
Floating window (both),14,0.008294511987274173,0.3133047210300429,1.0,8.400033843810814,9.820627802690582
Floating window (both),28,0.008067265083513237,0.5259259259259259,1.0,18.77058473784129,5.4559043348281016
Floating window (both),56,0.006703783660947619,0.6020408163265306,1.0,34.145704000871355,3.819133034379671
Fixed order quantity (LN),7,0.01454380184069992,0.3099273607748184,1.0,5.35050906732098,17.458893871449924
Fixed order quantity (LN),28,0.014202931485058516,0.373134328358209,1.0,10.028513410609989,12.002989536621824
Economic order quantity (LN),10,0.008408135439154642,0.1791767554479419,1.0,5.57708194715875,17.458893871449924
Economic order quantity (LN),100,0.009203499602317918,0.2755102040816326,1.0,14.973373547709963,11.457399103139014
Economic order quantity (LN),1000,0.00488580843086013,0.41346153846153844,1.0,33.548504219896344,4.364723467862481
Floating window (both),7,0.0012498579706851495,0.0650887573964497,1.0,0.0,7.0926756352765326
Floating window (both),14,0.001590728326326554,0.11666666666666667,0.9781409388987197,3.221723966118585,4.910313901345291
Floating window (both),28,0.001931598681967958,0.17708333333333334,0.9781409388987197,8.039406218567523,3.819133034379671
Floating window (both),56,0.002499715941370299,0.24719101123595505,0.9781409388987197,15.799440907489513,3.819133034379671
Fixed order quantity (LN),7,0.006022042949664811,0.3136094674556213,1.0,0.0,7.0926756352765326
Fixed order quantity (LN),28,0.00852175889103511,0.44642857142857145,1.0,0.0,7.0926756352765326
Economic order quantity (LN),10,0.0012498579706851495,0.0650887573964497,1.0,0.538034714007459,7.0926756352765326
Economic order quantity (LN),100,0.0029542097488921715,0.19402985074626866,1.0,37.784644371660335,5.4559043348281016
Economic order quantity (LN),1000,0.0017043517782070218,0.42857142857142855,0.9962836762771934,135.64837060265913,1.0911808669656202
Floating window (both),7,0.004431314623338257,0.2932330827067669,1.0,0.7732436472346786,5.4559043348281016
Floating window (both),14,0.004772184978979662,0.35,1.0,1.362381664175386,4.910313901345291
Floating window (both),28,0.00488580843086013,0.45263157894736844,0.9888676364688186,3.222550035451274,3.819133034379671
Floating window (both),56,0.004999431882740598,0.5569620253164557,0.9997309272296128,9.220339787612229,3.273542600896861
Fixed order quantity (LN),7,0.005226678786501534,0.27218934911242604,1.0,14.0,7.0926756352765326
Fixed order quantity (LN),28,0.006817407112828087,0.36363636363636365,1.0,12.95117090184356,6.547085201793722
Economic order quantity (LN),10,0.004999431882740598,0.2603550295857988,1.0,0.0,7.0926756352765326
Economic order quantity (LN),100,0.003522327008294512,0.21232876712328766,1.0,6.8191783550703144,6.001494768310912
Economic order quantity (LN),1000,0.0028405862970117034,0.38461538461538464,1.0,78.09782700729113,2.1823617339312404
Floating window (both),7,0.0011362345188046814,0.0641025641025641,1.0,0.40697034064983084,6.001494768310912
Floating window (both),14,0.0021588455857288946,0.13286713286713286,1.0,1.7441586027849894,5.4559043348281016
Floating window (both),28,0.003522327008294512,0.26956521739130435,1.0,3.6365667687898466,4.910313901345291
Floating window (both),56,0.0021588455857288946,0.24050632911392406,0.9999333333194178,18.004477163042477,3.819133034379671
Fixed order quantity (LN),7,0.0029542097488921715,0.13903743315508021,1.0,14.000000000000004,7.0926756352765326
Fixed order quantity (LN),28,0.0032950801045335755,0.15508021390374332,1.0,14.000000000000004,7.0926756352765326
Economic order quantity (LN),10,0.002386092489489831,0.11229946524064172,1.0,0.0,7.0926756352765326
Economic order quantity (LN),100,0.0012498579706851495,0.07482993197278912,1.0,23.246952855754163,6.001494768310912
Economic order quantity (LN),1000,0.001931598681967958,0.3148148148148148,1.0,80.8475675871383,1.6367713004484306
Floating window (both),7,0.025792523576866264,0.8376383763837638,1.0,2.5598371217978455,11.457399103139014
Floating window (both),14,0.01636177707078741,0.9,1.0,8.714313695170352,6.547085201793722
Floating window (both),28,0.010453357573003069,0.9583333333333334,1.0,18.756072019124897,3.819133034379671
Floating window (both),56,0.006817407112828087,0.9230769230769231,1.0,26.749729319449877,3.273542600896861
Fixed order quantity (LN),7,0.03454152937166231,0.39225806451612905,1.0,4.60227823308075,29.46188340807175
Fixed order quantity (LN),28,0.01954323372344052,0.45866666666666667,1.0,22.578361940106166,12.548579970104633
Economic order quantity (LN),10,0.07419611407794569,0.7764565992865636,1.0,0.32771506623369945,35.46337817638266
Economic order quantity (LN),100,0.07033291671400978,0.7360285374554102,1.0,0.6186445279664735,35.46337817638266
Economic order quantity (LN),1000,0.06567435518691057,0.8989113530326595,1.0,6.7692807180197105,25.097159940209266
Floating window (both),7,0.004090444267696853,0.12371134020618557,1.0,0.2367072389493914,11.457399103139014
Floating window (both),14,0.004999431882740598,0.18032786885245902,1.0,2.1829667591999433,9.820627802690582
Floating window (both),28,0.006022042949664811,0.3136094674556213,1.0,9.113087900603496,7.0926756352765326
Floating window (both),56,0.007385524372230428,0.5327868852459017,0.9867715158494863,16.867662532623466,4.910313901345291
Fixed order quantity (LN),7,0.013748437677536644,0.3611940298507463,1.0,0.0,13.094170403587444
Fixed order quantity (LN),28,0.008749005794796046,0.2851851851851852,1.0,14.894725603245819,9.275037369207773
Economic order quantity (LN),10,0.004999431882740598,0.13095238095238096,1.0,0.0,13.094170403587444
Economic order quantity (LN),100,0.007612771275991364,0.29910714285714285,1.0,16.566616686144286,8.183856502242152
Economic order quantity (LN),1000,0.0030678332007726397,0.32926829268292684,1.0,47.96775306732882,3.273542600896861
Floating window (both),7,0.009089876150437451,0.22857142857142856,1.0,6.901914727026837,14.730941704035875
Floating window (both),14,0.009203499602317918,0.3446808510638298,1.0,10.391154767836385,9.820627802690582
Floating window (both),28,0.00977161686172026,0.5276073619631901,1.0,18.18739602721912,6.547085201793722
Floating window (both),56,0.008862629246676515,0.6902654867256637,1.0,28.070927818782366,3.819133034379671
Fixed order quantity (LN),7,0.019088739915918647,0.3010752688172043,1.0,7.021519918380908,23.460388639760836
Fixed order quantity (LN),28,0.02011135098284286,0.46578947368421053,1.0,13.79431513512233,13.094170403587444
Economic order quantity (LN),10,0.008180888535393706,0.1306715063520871,1.0,6.455825917511476,22.91479820627803
Economic order quantity (LN),100,0.018634246108396774,0.46458923512747874,1.0,15.155181150440734,13.094170403587444
Economic order quantity (LN),1000,0.009430746506078854,0.6194029850746269,1.0,29.111954714416548,4.364723467862481
Floating window (both),7,0.004999431882740598,0.2972972972972973,1.0,1.2790496420423256,5.4559043348281016
Floating window (both),14,0.004999431882740598,0.43564356435643564,1.0,4.534812367240972,3.819133034379671
Floating window (both),28,0.004090444267696853,0.46153846153846156,1.0,5.509428715658512,3.273542600896861
Floating window (both),56,0.00488580843086013,0.8269230769230769,1.0,20.61813799138375,2.1823617339312404
Fixed order quantity (LN),7,0.00965799340983979,0.40476190476190477,1.0,14.000000000000005,7.638266068759342
Fixed order quantity (LN),28,0.007385524372230428,0.3532608695652174,1.0,8.422311383840752,6.001494768310912
Economic order quantity (LN),10,0.006590160209067151,0.2761904761904762,1.0,0.0,7.638266068759342
Economic order quantity (LN),100,0.006476536757186684,0.3333333333333333,1.0,7.516132163828488,6.547085201793722
Economic order quantity (LN),1000,0.003863197363935916,0.4594594594594595,1.0,20.034619448333153,2.7279521674140508
Floating window (both),7,0.0062492898534257475,0.25,1.0,0.5523168908819133,9.275037369207773
Floating window (both),14,0.006135666401545279,0.3176470588235294,1.0,2.4854260089686098,7.0926756352765326
Floating window (both),28,0.006362913305306216,0.4028776978417266,1.0,5.710345462895557,6.001494768310912
Floating window (both),56,0.007385524372230428,0.5963302752293578,0.9971831602601295,13.453819891508115,4.910313901345291
Fixed order quantity (LN),7,0.013862061129417111,0.43109540636042404,1.0,0.0,12.002989536621824
Fixed order quantity (LN),28,0.008180888535393706,0.35121951219512193,1.0,12.825087194818167,7.638266068759342
Economic order quantity (LN),10,0.00727190092034996,0.22614840989399293,1.0,0.06776069436166803,12.002989536621824
Economic order quantity (LN),100,0.008635382342915578,0.3333333333333333,1.0,13.362120413813175,9.275037369207773
Economic order quantity (LN),1000,0.006022042949664811,0.5578947368421052,1.0,65.63587842222464,3.819133034379671
Floating window (both),7,0.007726394727871832,0.24285714285714285,1.0,0.7692985265855221,11.457399103139014
Floating window (both),14,0.007044654016589024,0.28703703703703703,1.0,2.367072389493914,8.729446935724962
Floating window (both),28,0.007385524372230428,0.42207792207792205,1.0,8.563528146397775,6.547085201793722
Floating window (both),56,0.006817407112828087,0.5555555555555556,1.0,19.564501012443717,4.910313901345291
Fixed order quantity (LN),7,0.013180320418134302,0.31868131868131866,1.0,0.8035714285714297,14.730941704035875
Fixed order quantity (LN),28,0.011475968639927281,0.36330935251798563,1.0,13.74647661755289,9.820627802690582
Economic order quantity (LN),10,0.0078400181797523,0.18956043956043955,1.0,0.11326022289579213,14.730941704035875
Economic order quantity (LN),100,0.009885240313600727,0.3118279569892473,1.0,11.59470792715655,10.911808669656203
Economic order quantity (LN),1000,0.006590160209067151,0.5178571428571429,1.0,49.044767225718566,3.819133034379671
Floating window (both),7,0.002613339393250767,0.1678832116788321,1.0,3.3521538252479957,6.001494768310912
Floating window (both),14,0.0032950801045335755,0.21323529411764705,1.0,3.3521538252479957,6.001494768310912
Floating window (both),28,0.003976820815816385,0.3465346534653465,1.0,6.866897676314716,4.364723467862481
Floating window (both),56,0.0027269628451312353,0.3582089552238806,0.9782937256114476,23.710212880412488,2.7279521674140508
Fixed order quantity (LN),7,0.0045449380752187254,0.19801980198019803,1.0,13.999999999999991,8.729446935724962
Fixed order quantity (LN),28,0.004317691171457789,0.18811881188118812,1.0,13.999999999999991,8.729446935724962
Economic order quantity (LN),10,0.0027269628451312353,0.1188118811881188,1.0,2.3449351030562844,8.729446935724962
Economic order quantity (LN),100,0.00363595046017498,0.1951219512195122,1.0,10.264676146430773,6.547085201793722
Economic order quantity (LN),1000,0.003181456652653108,0.39436619718309857,1.0,86.53887152997076,2.7279521674140508
Floating window (both),7,0.003749573912055448,0.16923076923076924,1.0,0.2945690084703538,8.183856502242152
Floating window (both),14,0.004658561527099194,0.24404761904761904,1.0,1.325560538116592,7.0926756352765326
Floating window (both),28,0.005681172594023407,0.38461538461538464,0.9904428153823631,5.151631013215885,5.4559043348281016
Floating window (both),56,0.004204067719577321,0.3557692307692308,0.9978738735211824,19.61880934245904,4.910313901345291
Fixed order quantity (LN),7,0.0054539256902624705,0.2171945701357466,1.0,14.0,9.275037369207773
Fixed order quantity (LN),28,0.008294511987274173,0.365,1.0,11.311808669656232,7.0926756352765326
Economic order quantity (LN),10,0.003976820815816385,0.1583710407239819,1.0,0.6696071747064917,9.275037369207773
Economic order quantity (LN),100,0.005113055334621066,0.25139664804469275,1.0,10.384381587848756,6.547085201793722
Economic order quantity (LN),1000,0.00181797523008749,0.27586206896551724,1.0,65.622494410477,2.1823617339312404
Floating window (both),7,0.005340302238382002,0.235,1.0,0.13389500385016082,7.638266068759342
Floating window (both),14,0.005681172594023407,0.25773195876288657,1.0,0.13389500385016082,7.638266068759342
Floating window (both),28,0.004431314623338257,0.2532467532467532,1.0,6.941955966552193,6.001494768310912
Floating window (both),56,0.005226678786501534,0.5227272727272727,0.9879610589706875,23.59084162914172,3.819133034379671
Fixed order quantity (LN),7,0.00727190092034996,0.28444444444444444,1.0,14.000000000000005,8.729446935724962
Fixed order quantity (LN),28,0.008294511987274173,0.33796296296296297,1.0,16.335190469719603,8.729446935724962
Economic order quantity (LN),10,0.004772184978979662,0.18584070796460178,1.0,0.5048104915190326,8.729446935724962
Economic order quantity (LN),100,0.004999431882740598,0.2573099415204678,1.0,19.072591190176162,6.547085201793722
Economic order quantity (LN),1000,0.0032950801045335755,0.42028985507246375,1.0,77.28442897591847,2.7279521674140508
Floating window (both),7,0.016816270878309284,0.6851851851851852,1.0,1.17917200512492,9.275037369207773
Floating window (both),14,0.013407567321895238,0.7195121951219512,1.0,3.8717168481742474,7.0926756352765326
Floating window (both),28,0.010907851380524941,0.8495575221238938,1.0,8.681199263953646,4.910313901345291
Floating window (both),56,0.008294511987274173,0.8795180722891566,0.9985563462678405,22.176615120153894,3.819133034379671
Fixed order quantity (LN),7,0.01647540052266788,0.5410447761194029,1.0,3.8205477258168057,11.457399103139014
Fixed order quantity (LN),28,0.010453357573003069,0.368,1.0,7.3676329276105275,9.820627802690582
Economic order quantity (LN),10,0.020452221338484265,0.6716417910447762,1.0,0.43946188340807174,11.457399103139014
Economic order quantity (LN),100,0.01886149301215771,0.6217228464419475,1.0,2.7463737489326463,11.457399103139014
Economic order quantity (LN),1000,0.014089308033178047,0.6775956284153005,1.0,42.484556307613964,7.638266068759342
Floating window (both),7,0.008635382342915578,0.31020408163265306,1.0,0.15464872944693572,9.820627802690582
Floating window (both),14,0.00795364163163277,0.3888888888888889,1.0,1.944155455904335,7.0926756352765326
Floating window (both),28,0.006135666401545279,0.3776223776223776,0.995927727722654,8.528308066122339,5.4559043348281016
Floating window (both),56,0.006590160209067151,0.5686274509803921,0.9971102640002403,21.207814018545776,3.819133034379671
Fixed order quantity (LN),7,0.011816838995568686,0.37142857142857144,1.0,13.999999999999995,11.457399103139014
Fixed order quantity (LN),28,0.011135098284285877,0.41702127659574467,1.0,7.901674140508226,8.729446935724962
Economic order quantity (LN),10,0.008749005794796046,0.2711267605633803,1.0,0.274273189651356,11.457399103139014
Economic order quantity (LN),100,0.00488580843086013,0.18777292576419213,1.0,18.256489882712255,9.275037369207773
Economic order quantity (LN),1000,0.004772184978979662,0.5060240963855421,1.0,77.16905950116488,3.819133034379671
Floating window (both),7,0.004317691171457789,0.18719211822660098,1.0,0.28404868673926975,8.183856502242152
Floating window (both),14,0.004658561527099194,0.2827586206896552,1.0,2.619560111039932,6.001494768310912
Floating window (both),28,0.004658561527099194,0.30597014925373134,1.0,5.840038688590584,5.4559043348281016
Floating window (both),56,0.004204067719577321,0.3274336283185841,1.0,20.558040572392034,4.910313901345291
Fixed order quantity (LN),7,0.006135666401545279,0.2222222222222222,1.0,14.000000000000004,9.820627802690582
Fixed order quantity (LN),28,0.007726394727871832,0.3105022831050228,1.0,11.891180866965579,8.729446935724962
Economic order quantity (LN),10,0.003863197363935916,0.13991769547325103,1.0,0.09867094690590511,9.820627802690582
Economic order quantity (LN),100,0.0045449380752187254,0.24390243902439024,1.0,24.378055276149766,7.0926756352765326
Economic order quantity (LN),1000,0.000795364163163277,0.109375,1.0,59.31846641064537,2.7279521674140508
Floating window (both),7,0.0032950801045335755,0.2230769230769231,1.0,7.275622278546826,5.4559043348281016
Floating window (both),14,0.004431314623338257,0.3333333333333333,1.0,7.85195294729317,4.910313901345291
Floating window (both),28,0.003522327008294512,0.34065934065934067,1.0,12.717709249724784,3.819133034379671
Floating window (both),56,0.004431314623338257,0.5652173913043478,1.0,24.864303562283265,2.7279521674140508
Fixed order quantity (LN),7,0.004090444267696853,0.17475728155339806,1.0,14.0,8.729446935724962
Fixed order quantity (LN),28,0.0062492898534257475,0.2682926829268293,1.0,14.0,8.729446935724962
Economic order quantity (LN),10,0.00363595046017498,0.1553398058252427,1.0,6.036016190382672,8.729446935724962
Economic order quantity (LN),100,0.00363595046017498,0.21052631578947367,1.0,13.672392745839812,6.001494768310912
Economic order quantity (LN),1000,0.0027269628451312353,0.34782608695652173,1.0,52.50526354024217,2.7279521674140508
Floating window (both),7,0.10964663106465175,0.8420593368237347,1.0,2.98684697226078,46.92077727952167
Floating window (both),14,0.061583910919213725,0.9093959731543624,1.0,6.550941464019553,24.55156950672646
Floating window (both),28,0.03829110328371776,0.9601139601139601,1.0,12.956158401124542,13.094170403587444
Floating window (both),56,0.023974548346778774,0.985981308411215,1.0,28.142105316627468,7.0926756352765326
Fixed order quantity (LN),7,0.11021474832405409,0.5936352509179926,1.0,3.405930003240195,49.648729446935725
Fixed order quantity (LN),28,0.03476877627542325,0.6552462526766595,1.0,13.367066027156488,13.094170403587444
Economic order quantity (LN),10,0.30598795591410066,0.5557160544779199,1.0,0.16583803223005458,200.23168908819133
Economic order quantity (LN),100,0.2841722531530508,0.7264013941330235,1.0,0.9246679032295184,138.03437967115096
Economic order quantity (LN),1000,0.18259288717191227,0.9305153445280834,1.0,3.3874228475686157,60.01494768310912
Floating window (both),7,0.07362799681854335,0.6900958466453674,1.0,2.1146493420568993,38.191330343796714
Floating window (both),14,0.047835473241677084,0.7738970588235294,1.0,5.5525956284153,22.369207772795217
Floating window (both),28,0.03317804794909669,0.8821752265861027,1.0,11.910363456321488,13.094170403587444
Floating window (both),56,0.02113396204976707,0.9253731343283582,1.0,25.64330454181897,7.0926756352765326
Fixed order quantity (LN),7,0.0770367003749574,0.5301016419077405,1.0,3.708186306942044,40.37369207772795
Fixed order quantity (LN),28,0.027156004999431882,0.5930521091811415,1.0,13.721639221740253,11.457399103139014
Economic order quantity (LN),10,0.13214407453698443,0.4413662239089184,1.0,0.3948797082831952,105.29895366218236
Economic order quantity (LN),100,0.12259970457902511,0.671437461107654,1.0,1.932819505306586,57.28699551569507
Economic order quantity (LN),1000,0.0670378366094762,0.8727810650887574,1.0,6.808782328905552,21.823617339312406
Floating window (both),7,0.07181002158845586,0.8381962864721485,1.0,7.700445707231169,31.64424514200299
Floating window (both),14,0.04033632541756618,0.9102564102564102,1.0,11.338102500127517,16.367713004484305
Floating window (both),28,0.026587887740029542,0.975,1.0,19.458737832925653,9.275037369207773
Floating window (both),56,0.015452789455743665,0.9784172661870504,1.0,33.03263900422855,4.910313901345291
Fixed order quantity (LN),7,0.1062379275082377,0.5940279542566709,1.0,7.018868748276333,49.10313901345292
Fixed order quantity (LN),28,0.03590501079422793,0.6396761133603239,1.0,13.882844831983359,14.185351270553065
Economic order quantity (LN),10,0.24292694012044086,0.6346096764618581,1.0,4.844636840679095,142.94469357249628
Economic order quantity (LN),100,0.23917736620838542,0.7898686679174484,1.0,5.512864148539625,107.4813153961136
Economic order quantity (LN),1000,0.1407794568799,0.9294823705926482,1.0,7.848460312561685,48.011958146487295
Floating window (both),7,0.017270764685831157,0.6440677966101694,1.0,1.8418218149159853,9.275037369207773
Floating window (both),14,0.012612203158731962,0.8409090909090909,1.0,4.289929115041223,4.910313901345291
Floating window (both),28,0.008294511987274173,0.9240506329113924,1.0,7.696420013379306,2.7279521674140508
Floating window (both),56,0.004999431882740598,0.9565217391304348,1.0,15.960549071624595,1.6367713004484306
Fixed order quantity (LN),7,0.02726962845131235,0.4528301886792453,1.0,4.587931843537287,18.550074738415546
Fixed order quantity (LN),28,0.01624815361890694,0.5053003533568905,1.0,7.036362336810824,8.729446935724962
Economic order quantity (LN),10,0.03238268378593342,0.44049459041731065,1.0,0.0942165266426746,25.097159940209266
Economic order quantity (LN),100,0.031132825815248268,0.5580448065173116,1.0,0.6238389204517946,20.186846038863976
Economic order quantity (LN),1000,0.023974548346778774,0.8755186721991701,1.0,3.1319279069365713,9.275037369207773
Floating window (both),7,0.06942392909896603,0.640461215932914,1.0,2.255975123010267,39.828101644245145
Floating window (both),14,0.050221565731166914,0.7921146953405018,1.0,6.426181725483008,22.91479820627803
Floating window (both),28,0.0338597886603795,0.9141104294478528,1.0,12.954303658483708,13.094170403587444
Floating window (both),56,0.02124758550164754,0.958974358974359,1.0,25.84416499043844,6.547085201793722
Fixed order quantity (LN),7,0.07544597204863084,0.5199686765857479,1.0,3.6552078296785973,42.01046337817638
Fixed order quantity (LN),28,0.025110782865583457,0.533816425120773,1.0,14.296463435059751,13.094170403587444
Economic order quantity (LN),10,0.11419156913987047,0.4028056112224449,1.0,0.5032268289053514,103.66218236173393
Economic order quantity (LN),100,0.09237586637882059,0.5380542686962276,1.0,2.9516661809200664,57.28699551569507
Economic order quantity (LN),1000,0.05942506533348483,0.8301587301587302,1.0,8.858793647997201,22.369207772795217
Floating window (both),7,0.05817520736279968,0.7081604426002767,1.0,6.920587301984952,30.00747384155456
Floating window (both),14,0.03965458470628338,0.8450363196125908,1.0,10.202090170436989,16.367713004484305
Floating window (both),28,0.026815134643790477,0.9291338582677166,1.0,17.632176302958268,9.275037369207773
Floating window (both),56,0.016134530167026474,0.9793103448275862,1.0,31.940979531269853,4.910313901345291
Fixed order quantity (LN),7,0.07328712646290195,0.4718361375274323,1.0,6.391082329166359,45.82959641255606
Fixed order quantity (LN),28,0.030223838200204522,0.5683760683760684,1.0,14.468810281333768,14.185351270553065
Economic order quantity (LN),10,0.10748778547892285,0.4583333333333333,1.0,4.293482068561555,86.74887892376681
Economic order quantity (LN),100,0.08589932962163391,0.5442764578833693,1.0,5.910462055046286,54.01345291479821
Economic order quantity (LN),1000,0.056925349392114535,0.8520408163265306,1.0,11.148474465262167,21.823617339312406
Floating window (both),7,0.05124417679809112,0.7080062794348508,1.0,7.945350933665133,26.733931240657697
Floating window (both),14,0.03170094307465061,0.7664835164835165,1.0,11.897085721735555,15.276532137518684
Floating window (both),28,0.02113396204976707,0.8454545454545455,1.0,19.566665538377105,8.729446935724962
Floating window (both),56,0.011703215543688217,0.9716981132075472,1.0,31.39962953430785,3.273542600896861
Fixed order quantity (LN),7,0.07692307692307693,0.49236363636363634,1.0,6.926692154988718,45.28400597907324
Fixed order quantity (LN),28,0.038177479831837294,0.6640316205533597,1.0,11.938650301476017,14.185351270553065
Economic order quantity (LN),10,0.22645153959777298,0.7949740725967291,1.0,4.634130832692932,105.84454409566517
Economic order quantity (LN),100,0.22145210771503238,0.8290089323692046,1.0,4.871232917488697,98.75186846038864
Economic order quantity (LN),1000,0.19281899784115442,0.9370513528437328,1.0,5.864118957369689,73.65470852017937
Floating window (both),7,0.11169185319850017,0.8323454699407282,1.0,2.553133643261204,48.5575485799701
Floating window (both),14,0.06397000340870355,0.9169381107491856,1.0,6.602804720967489,25.097159940209266
Floating window (both),28,0.04044994886944665,0.9888888888888889,1.0,12.791124363050569,13.094170403587444
Floating window (both),56,0.02124758550164754,1.0,1.0,25.963865466906956,6.001494768310912
Fixed order quantity (LN),7,0.10419270537438928,0.5837046467218332,1.0,3.4783624921492677,49.648729446935725
Fixed order quantity (LN),28,0.033973412112259974,0.6457883369330454,1.0,14.255642013823408,12.548579970104633
Economic order quantity (LN),10,0.283490512441768,0.5048563334682314,1.0,0.16078141541045202,201.32286995515696
Economic order quantity (LN),100,0.274514259743211,0.7401960784313726,1.0,0.9464974966234125,125.48579970104633
Economic order quantity (LN),1000,0.17088967162822408,0.946507237256136,1.0,3.462929866116626,56.195814648729446
Floating window (both),7,0.09521645267583229,0.7488829311885612,1.0,2.832518194272333,45.82959641255606
Floating window (both),14,0.05885694807408249,0.8590381426202321,1.0,6.127972375017459,24.55156950672646
Floating window (both),28,0.03692762186115214,0.9502923976608187,1.0,12.928913331484543,13.094170403587444
Floating window (both),56,0.022611066924213157,0.9802955665024631,1.0,27.80742157572876,6.547085201793722
Fixed order quantity (LN),7,0.09851153278036587,0.5494296577946768,1.0,3.589244205915452,48.5575485799701
Fixed order quantity (LN),28,0.02976934439268265,0.5848214285714286,1.0,14.607181425646392,13.094170403587444
Economic order quantity (LN),10,0.1724803999545506,0.44594594594594594,1.0,0.44645369711430055,138.5799701046338
Economic order quantity (LN),100,0.1439609135325531,0.6241379310344828,1.0,2.3673387952632146,73.10911808669657
Economic order quantity (LN),1000,0.07817293489376208,0.8742058449809402,1.0,7.921156372029982,26.733931240657697
Floating window (both),7,0.09146687876377685,0.8156028368794326,1.0,2.931777523464544,40.37369207772795
Floating window (both),14,0.05465288035450517,0.9058380414312618,1.0,6.635643244162561,21.823617339312406
Floating window (both),28,0.03283717759345529,0.9730639730639731,1.0,14.807661618411581,10.911808669656203
Floating window (both),56,0.022156573116691284,0.9798994974874372,0.9999746593155648,31.34310263321634,6.001494768310912
Fixed order quantity (LN),7,0.09453471196454949,0.6020260492040521,1.0,3.002302858981719,41.464872944693575
Fixed order quantity (LN),28,0.028292239518236565,0.6102941176470589,1.0,14.072556969594581,12.548579970104633
Economic order quantity (LN),10,0.3041699806840132,0.6399713124551757,1.0,0.1768380943179231,172.40657698056802
Economic order quantity (LN),100,0.28996704919895466,0.8140350877192982,1.0,0.8110365729624078,123.8490284005979
Economic order quantity (LN),1000,0.18066128848994434,0.9630526953361599,1.0,2.914669715751133,63.28849028400598
Floating window (both),7,0.11487330985115328,0.8327841845140033,1.0,2.993883956695888,50.19431988041853
Floating window (both),14,0.06476536757186684,0.9163987138263665,1.0,6.983828048176639,25.642750373692078
Floating window (both),28,0.04192705374389274,0.9892761394101877,1.0,14.469322619085208,12.548579970104633
Floating window (both),56,0.024429042154300647,1.0,1.0,28.965937669087154,6.547085201793722
Fixed order quantity (LN),7,0.10112487217361664,0.6025727826675694,1.0,3.4707197902210076,44.738415545590435
Fixed order quantity (LN),28,0.03306442449721623,0.6152219873150105,1.0,14.007341613838342,13.639760837070254
Economic order quantity (LN),10,0.3551869105783434,0.5564257742969028,1.0,0.16101294294576401,231.87593423019433
Economic order quantity (LN),100,0.33768889898875126,0.8250971682398668,1.0,0.8522415070685586,141.85351270553065
Economic order quantity (LN),1000,0.19656857175320985,0.9708193041526375,1.0,2.9472899572344238,63.83408071748879
Floating window (both),7,0.08998977388933076,0.7027506654835848,1.0,2.4276307271834114,46.375186846038865
Floating window (both),14,0.056243608680831725,0.8389830508474576,1.0,5.590005432705382,24.55156950672646
Floating window (both),28,0.03647312805363027,0.9469026548672567,1.0,15.73871314645986,12.548579970104633
Floating window (both),56,0.023292807635495967,0.9669811320754716,1.0,29.909868184028024,6.547085201793722
Fixed order quantity (LN),7,0.09464833541642995,0.584561403508772,1.0,3.6365761690692286,44.19282511210762
Fixed order quantity (LN),28,0.03283717759345529,0.643652561247216,1.0,13.932540294629776,12.548579970104633
Economic order quantity (LN),10,0.16668560390864676,0.42857142857142855,1.0,0.6758393162320394,132.57847533632287
Economic order quantity (LN),100,0.14134757413930235,0.6666666666666666,1.0,2.379203893080491,67.10762331838565
Economic order quantity (LN),1000,0.07624133621179412,0.8771241830065359,1.0,7.57222009092908,26.733931240657697
Floating window (both),7,0.052494034768776274,0.7344992050874404,1.0,7.121806027426791,26.733931240657697
Floating window (both),14,0.03545051698670606,0.8342245989304813,1.0,9.329414151122052,15.822122571001495
Floating window (both),28,0.022838313827974095,0.95260663507109,1.0,18.779589460257114,8.729446935724962
Floating window (both),56,0.01397568458129758,0.9761904761904762,1.0,27.964432930754743,4.364723467862481
Fixed order quantity (LN),7,0.05363026928758095,0.49372384937238495,1.0,6.823533506537842,32.73542600896861
Fixed order quantity (LN),28,0.023974548346778774,0.5146341463414634,1.0,13.844460262890609,13.094170403587444
Economic order quantity (LN),10,0.09010339734121123,0.488,1.0,4.989179191029294,69.2899850523169
Economic order quantity (LN),100,0.08101352119077378,0.591701244813278,1.0,6.04949773006095,49.648729446935725
Economic order quantity (LN),1000,0.060902170207930914,0.8786885245901639,1.0,9.933001418166059,24.005979073243648
Floating window (both),7,0.10441995227815021,0.8279279279279279,1.0,3.0339470317039985,45.28400597907324
Floating window (both),14,0.05965231223724577,0.9067357512953368,1.0,6.443142743035844,24.005979073243648
Floating window (both),28,0.037609362572434954,0.9792899408284024,1.0,13.51038013690223,12.548579970104633
Floating window (both),56,0.022042949664810817,0.9797979797979798,1.0,25.80712623872171,6.547085201793722
Fixed order quantity (LN),7,0.0862401999772753,0.5198630136986301,1.0,3.365639426818321,46.92077727952167
Fixed order quantity (LN),28,0.03454152937166231,0.6440677966101694,1.0,13.985968275846721,13.094170403587444
Economic order quantity (LN),10,0.22770139756845814,0.4962852897473997,1.0,0.3330438333525202,165.8594917787743
Economic order quantity (LN),100,0.23474605158504716,0.7973755306831339,1.0,1.3319584746669726,98.20627802690584
Economic order quantity (LN),1000,0.1325985683445063,0.9261904761904762,1.0,5.138460918030326,44.738415545590435
Floating window (both),7,0.06692421315759572,0.6566332218506131,1.0,2.1478659016163344,36.554559043348284
Floating window (both),14,0.04692648562663334,0.7957610789980732,1.0,5.46653630802714,21.278026905829595
Floating window (both),28,0.03147369617088967,0.9081967213114754,1.0,13.413761674836877,12.002989536621824
Floating window (both),56,0.020338597886603794,0.9470899470899471,1.0,29.40828857211212,6.547085201793722
Fixed order quantity (LN),7,0.07090103397341212,0.5468886941279579,1.0,3.1519218622570233,34.91778774289985
Fixed order quantity (LN),28,0.025338029769344392,0.601078167115903,1.0,14.48376042727944,10.366218236173394
Economic order quantity (LN),10,0.10521531644131349,0.42771362586605083,1.0,0.7295775235024872,83.47533632286995
Economic order quantity (LN),100,0.10169298943301898,0.766923736075407,1.0,3.092366927846002,43.101644245142005
Economic order quantity (LN),1000,0.050107942279286444,0.8945233265720081,1.0,10.674900594782022,16.913303437967116
Floating window (both),7,0.01942961027156005,0.6195652173913043,1.0,2.2588732426649116,10.911808669656203
Floating window (both),14,0.013862061129417111,0.7625,1.0,4.808121192474751,6.001494768310912
Floating window (both),28,0.009544369957959323,0.865979381443299,1.0,12.230341999999403,3.273542600896861
Floating window (both),56,0.004317691171457789,0.7450980392156863,1.0,22.304852945058883,2.1823617339312404
Fixed order quantity (LN),7,0.031246449267128735,0.537109375,1.0,4.428852793972432,15.276532137518684
Fixed order quantity (LN),28,0.010226110669242132,0.45454545454545453,1.0,23.252470133284834,7.0926756352765326
Economic order quantity (LN),10,0.03908646744688104,0.4337957124842371,1.0,0.16780934318056048,31.09865470852018
Economic order quantity (LN),100,0.03931371435064197,0.7148760330578512,1.0,1.461728154791786,16.367713004484305
Economic order quantity (LN),1000,0.021588455857288944,0.8597285067873304,1.0,6.4252742596315375,7.638266068759342
Floating window (both),7,0.10669242131575957,0.8136915077989602,1.0,2.558890166159675,47.46636771300449
Floating window (both),14,0.06260652198613793,0.915282392026578,1.0,6.802530509902162,24.55156950672646
Floating window (both),28,0.03988183161004431,0.9831932773109243,1.0,14.362382926903424,12.548579970104633
Floating window (both),56,0.02192932621293035,0.9897435897435898,1.0,28.700322806424804,6.001494768310912
Fixed order quantity (LN),7,0.09669355755027838,0.5722932078009415,1.0,3.486020323968873,45.82959641255606
Fixed order quantity (LN),28,0.03658675150551074,0.6708333333333333,1.0,14.671371594521958,13.094170403587444
Economic order quantity (LN),10,0.2875809567094648,0.5526200873362446,1.0,0.22308047665936778,184.95515695067266
Economic order quantity (LN),100,0.2662197477559368,0.7602206359506813,1.0,1.0243953780178403,114.57399103139014
Economic order quantity (LN),1000,0.1622542892853085,0.918918918918919,1.0,3.558454681147152,57.832585949177876
Floating window (both),7,0.0673787069651176,0.5562851782363978,1.0,1.956304676895525,43.64723467862481
Floating window (both),14,0.04567662765594819,0.7282608695652174,1.0,5.299091057684791,22.91479820627803
Floating window (both),28,0.03465515282354278,0.8970588235294118,1.0,15.91950396805085,13.094170403587444
Floating window (both),56,0.02113396204976707,0.9637305699481865,1.0,22.71696927465296,6.547085201793722
Fixed order quantity (LN),7,0.08283149642086127,0.5946166394779772,1.0,3.521943009293135,37.10014947683109
Fixed order quantity (LN),28,0.024542665606181117,0.5699208443271768,1.0,14.341076043672798,11.457399103139014
Economic order quantity (LN),10,0.11578229746619702,0.4167689161554192,1.0,1.0263945744662046,90.56801195814649
Economic order quantity (LN),100,0.09180774911941825,0.7075306479859895,1.0,3.694312063347771,37.6457399103139
Economic order quantity (LN),1000,0.04340415861833882,0.8414096916299559,1.0,11.033521436325941,15.276532137518684
Floating window (both),7,0.07544597204863084,0.6275992438563327,1.0,3.283022129028704,43.64723467862481
Floating window (both),14,0.05033518918304738,0.7826855123674912,1.0,4.792828657513189,23.460388639760836
Floating window (both),28,0.03533689353482559,0.9395770392749244,1.0,12.426073757872981,13.094170403587444
Floating window (both),56,0.022611066924213157,0.9851485148514851,1.0,23.839722829161047,6.547085201793722
Fixed order quantity (LN),7,0.06510623792750823,0.582909460834181,1.0,3.5627660241253243,29.46188340807175
Fixed order quantity (LN),28,0.01931598681967958,0.568561872909699,1.0,12.979806382869668,8.729446935724962
Economic order quantity (LN),10,0.13850698784229065,0.4799212598425197,1.0,0.5737029388979178,96.02391629297459
Economic order quantity (LN),100,0.11828201340756732,0.7928408225437928,1.0,2.2899813564507085,48.011958146487295
Economic order quantity (LN),1000,0.05635723213271219,0.8656195462478184,1.0,7.868553753128426,20.186846038863976
Floating window (both),7,0.11248721736166345,0.838272650296359,1.0,2.713789599787611,48.5575485799701
Floating window (both),14,0.06340188614930121,0.9087947882736156,1.0,6.304654080711411,25.097159940209266
Floating window (both),28,0.04283604135893648,0.9973544973544973,1.0,15.717784282965704,13.639760837070254
Floating window (both),56,0.022042949664810817,0.9897959183673469,1.0,27.37684106977068,6.547085201793722
Fixed order quantity (LN),7,0.09476195886831042,0.6205357142857143,1.0,3.422276555333425,40.91928251121076
Fixed order quantity (LN),28,0.0285194864219975,0.5770114942528736,1.0,13.456656226484391,13.094170403587444
Economic order quantity (LN),10,0.320872628110442,0.6269982238010657,1.0,0.1731415625468898,186.5919282511211
Economic order quantity (LN),100,0.28599022838313826,0.7895232120451694,1.0,0.9009422935505844,124.94020926756353
Economic order quantity (LN),1000,0.16816270878309283,0.9414758269720102,1.0,3.220619129612128,58.37817638266069
Floating window (both),7,0.08851266901488468,0.7884615384615384,1.0,2.4610759385718453,40.91928251121076
Floating window (both),14,0.05363026928758095,0.8628884826325411,1.0,5.346416044880264,22.369207772795217
Floating window (both),28,0.036359504601749804,0.9785932721712538,1.0,14.214562375885277,12.548579970104633
Floating window (both),56,0.022156573116691284,0.9848484848484849,1.0,29.96442779370091,6.001494768310912
Fixed order quantity (LN),7,0.08760368139984093,0.5102581072137657,1.0,3.2340622654733093,48.5575485799701
Fixed order quantity (LN),28,0.03170094307465061,0.636986301369863,1.0,13.226588423918752,12.002989536621824
Economic order quantity (LN),10,0.17975230087490057,0.5269820119920053,1.0,0.2953237396759433,124.94020926756353
Economic order quantity (LN),100,0.1654357459379616,0.6731391585760518,1.0,1.6246388630577004,81.29297458893872
Economic order quantity (LN),1000,0.09510282922395183,0.8894792773645058,1.0,5.796441668594362,31.09865470852018
Floating window (both),7,0.11532780365867515,0.8238636363636364,1.0,2.9046078734807,50.19431988041853
Floating window (both),14,0.06374275650494263,0.9151712887438825,1.0,6.316205719746622,25.097159940209266
Floating window (both),28,0.04306328826269742,0.9869791666666666,1.0,14.430235147695067,13.094170403587444
Floating window (both),56,0.023633677991137372,0.9904761904761905,1.0,28.208148291845404,7.0926756352765326
Fixed order quantity (LN),7,0.10135211907737757,0.5699680511182109,1.0,3.4335518472063287,48.011958146487295
Fixed order quantity (LN),28,0.03181456652653108,0.6263982102908278,1.0,14.315465150644295,12.548579970104633
Economic order quantity (LN),10,0.320872628110442,0.5058212430592871,1.0,0.14978778022161096,231.3303437967115
Economic order quantity (LN),100,0.31166912850812406,0.7405507559395248,1.0,0.8364153053249517,141.30792227204782
Economic order quantity (LN),1000,0.19213725712987162,0.9378813089295619,1.0,3.0693826807889395,61.106128550074736
Floating window (both),7,0.07544597204863084,0.694560669456067,1.0,1.5120527228773368,39.28251121076233
Floating window (both),14,0.048971707760481764,0.8086303939962477,1.0,3.6467404593183117,21.823617339312406
Floating window (both),28,0.03556414043858652,0.9315476190476191,1.0,10.341459112640758,12.548579970104633
Floating window (both),56,0.020452221338484265,0.9473684210526315,1.0,15.874557219080241,7.0926756352765326
Fixed order quantity (LN),7,0.06022042949664811,0.5561385099685204,1.0,3.2627153342929374,28.37070254110613
Fixed order quantity (LN),28,0.018634246108396774,0.5674740484429066,1.0,13.349411896325783,8.183856502242152
Economic order quantity (LN),10,0.14282467901374843,0.5228785357737105,1.0,0.5526270369198177,93.84155455904335
Economic order quantity (LN),100,0.11407794568799,0.7296511627906976,1.0,2.4759755100428538,49.10313901345292
Economic order quantity (LN),1000,0.05885694807408249,0.9103690685413005,1.0,7.8274124758654535,19.095665171898357
Floating window (both),7,0.058629701170321555,0.5746102449888641,1.0,1.885644385276532,37.10014947683109
Floating window (both),14,0.04317691171457789,0.7509881422924901,1.0,4.813786902092676,20.732436472346787
Floating window (both),28,0.028746733325758438,0.8322368421052632,1.0,11.563772869536882,11.457399103139014
Floating window (both),56,0.020906715146006137,0.9435897435897436,1.0,24.569421751647628,6.547085201793722
Fixed order quantity (LN),7,0.07396886717418476,0.5138121546961326,1.0,3.5545940769805466,40.37369207772795
Fixed order quantity (LN),28,0.027837745710714693,0.603448275862069,1.0,14.771335482062765,11.457399103139014
Economic order quantity (LN),10,0.09612544029087604,0.38280542986425337,1.0,0.9038382554139296,87.29446935724962
Economic order quantity (LN),100,0.07942279286444723,0.5628019323671497,1.0,3.5949621283279694,43.101644245142005
Economic order quantity (LN),1000,0.04306328826269742,0.791231732776618,1.0,13.033198975031894,16.913303437967116
Floating window (both),7,0.09112600840813544,0.7257918552036199,1.0,2.5241775070508305,45.82959641255606
Floating window (both),14,0.05578911487330985,0.8480138169257341,1.0,5.258967245314326,24.005979073243648
Floating window (both),28,0.03670037495739121,0.9613095238095238,1.0,12.37524371317512,13.094170403587444
Floating window (both),56,0.022042949664810817,0.9897959183673469,1.0,25.72483498914368,6.547085201793722
Fixed order quantity (LN),7,0.09135325531189638,0.5916114790286976,1.0,3.3002375098735,41.464872944693575
Fixed order quantity (LN),28,0.031246449267128735,0.6365740740740741,1.0,13.135812995673195,12.548579970104633
Economic order quantity (LN),10,0.1882740597659357,0.4692721608609459,1.0,0.3524821973091642,141.30792227204782
Economic order quantity (LN),100,0.1511191910010226,0.6270627062706271,1.0,1.7358292971776808,78.56502242152466
Economic order quantity (LN),1000,0.09578456993523463,0.8790406673618353,1.0,5.829057126363064,34.37219730941704
Floating window (both),7,0.10305647085558459,0.7956140350877193,1.0,2.517138211734667,47.46636771300449
Floating window (both),14,0.06067492330416998,0.9066213921901528,1.0,6.4734858662958015,24.55156950672646
Floating window (both),28,0.03840472673559823,0.9548022598870056,1.0,14.552468192466153,13.094170403587444
Floating window (both),56,0.023974548346778774,0.9813953488372092,1.0,28.264008677838845,6.547085201793722
Fixed order quantity (LN),7,0.09203499602317919,0.5593922651933702,1.0,3.4328553223792864,45.28400597907324
Fixed order quantity (LN),28,0.02976934439268265,0.5861297539149888,1.0,13.739282826116211,13.094170403587444
Economic order quantity (LN),10,0.23054198386546984,0.4803503787878788,1.0,0.30409983399908197,171.8609865470852
Economic order quantity (LN),100,0.22122486081127143,0.7439816583874665,1.0,1.206007786285401,100.38863976083707
Economic order quantity (LN),1000,0.12612203158731963,0.9234608985024958,1.0,4.830692422320146,43.64723467862481
Floating window (both),7,0.04306328826269742,0.7431372549019608,1.0,10.82766894815514,20.732436472346787
Floating window (both),14,0.024769912509942052,0.8195488721804511,1.0,15.14762119766173,10.911808669656203
Floating window (both),28,0.015339166003863198,0.9712230215827338,1.0,21.826203081234368,5.4559043348281016
Floating window (both),56,0.009317123054198387,0.9425287356321839,1.0,33.26896250583293,3.273542600896861
Fixed order quantity (LN),7,0.06590160209067152,0.47346938775510206,1.0,9.36760525802711,41.464872944693575
Fixed order quantity (LN),28,0.029655720940802183,0.5812917594654788,1.0,13.532029772227409,13.094170403587444
Economic order quantity (LN),10,0.07783206453812067,0.3914285714285714,1.0,8.453653035102192,74.20029895366218
Economic order quantity (LN),100,0.07294625610726053,0.5900735294117647,1.0,9.77884824840814,43.64723467862481
Economic order quantity (LN),1000,0.04851721395295989,0.9222462203023758,1.0,13.495235124992927,16.913303437967116
Floating window (both),7,0.03772298602431542,0.827930174563591,1.0,12.139168455058918,15.276532137518684
Floating window (both),14,0.021588455857288944,0.892018779342723,1.0,14.081401551879512,8.183856502242152
Floating window (both),28,0.014202931485058516,0.9920634920634921,1.0,27.014075314489315,4.364723467862481
Floating window (both),56,0.008862629246676515,0.975,1.0,39.0027117883258,2.7279521674140508
Fixed order quantity (LN),7,0.049539825019884104,0.5034642032332564,1.0,10.70911378379791,28.37070254110613
Fixed order quantity (LN),28,0.020452221338484265,0.569620253164557,1.0,13.722566698596125,9.275037369207773
Economic order quantity (LN),10,0.10555618679695489,0.5439110070257611,1.0,9.60073385868191,73.10911808669657
Economic order quantity (LN),100,0.10021588455857289,0.7277227722772277,1.0,9.953735525447255,54.01345291479821
Economic order quantity (LN),1000,0.06374275650494263,0.9166666666666666,1.0,11.220120334933082,24.55156950672646
Floating window (both),7,0.04010907851380525,0.5693548387096774,1.0,7.449094566432669,26.18834080717489
Floating window (both),14,0.027724122258834222,0.6971428571428572,1.0,10.352550403152776,14.730941704035875
Floating window (both),28,0.021815702761049882,0.8807339449541285,1.0,15.925103171079796,8.729446935724962
Floating window (both),56,0.013862061129417111,0.9104477611940298,1.0,27.171540251847446,4.910313901345291
Fixed order quantity (LN),7,0.06442449721622542,0.4995594713656388,1.0,7.03359244260596,38.73692077727952
Fixed order quantity (LN),28,0.027724122258834222,0.5995085995085995,1.0,14.420737435132134,12.548579970104633
Economic order quantity (LN),10,0.07112828087717304,0.38570548367221197,1.0,5.105078883397467,67.65321375186846
Economic order quantity (LN),100,0.06147028746733326,0.5372393247269116,1.0,7.195715521310942,38.191330343796714
Economic order quantity (LN),1000,0.037609362572434954,0.7733644859813084,1.0,11.680282896403645,14.730941704035875
Floating window (both),7,0.05272128167253721,0.818342151675485,1.0,8.84949080019034,23.460388639760836
Floating window (both),14,0.03192818997841154,0.9035369774919614,1.0,12.905887116232618,13.094170403587444
Floating window (both),28,0.018634246108396774,0.9647058823529412,1.0,21.086910844442155,7.0926756352765326
Floating window (both),56,0.012953073514373368,0.9743589743589743,1.0,32.32539700844294,4.364723467862481
Fixed order quantity (LN),7,0.06499261447562776,0.46017699115044247,1.0,7.980269954708762,43.101644245142005
Fixed order quantity (LN),28,0.022156573116691284,0.4452054794520548,1.0,13.73512795171923,14.185351270553065
Economic order quantity (LN),10,0.11350982842858766,0.5285714285714286,1.0,6.217548381984936,80.20179372197309
Economic order quantity (LN),100,0.09544369957959323,0.5773195876288659,1.0,7.155698850021468,61.106128550074736
Economic order quantity (LN),1000,0.06999204635836836,0.8774928774928775,1.0,10.766318591467257,25.642750373692078
Floating window (both),7,0.06465174411998637,0.7341935483870968,1.0,6.335583343810681,33.28101644245142
Floating window (both),14,0.041813430292012274,0.8578088578088578,1.0,10.87477648324323,18.004484304932735
Floating window (both),28,0.024656289058061585,0.9475982532751092,1.0,18.373465614120857,9.275037369207773
Floating window (both),56,0.014998295648221792,0.9496402877697842,1.0,32.10260065743471,5.4559043348281016
Fixed order quantity (LN),7,0.07544597204863084,0.4783861671469741,1.0,6.14092847929444,46.375186846038865
Fixed order quantity (LN),28,0.03442790591978184,0.6234567901234568,1.0,13.789657926230165,14.185351270553065
Economic order quantity (LN),10,0.1936143620043177,0.5762597226919175,1.0,3.846337761426488,122.21225710014947
Economic order quantity (LN),100,0.16623111010112487,0.6858884200656352,1.0,4.589525260919421,86.20328849028401
Economic order quantity (LN),1000,0.11510055675491422,0.9620132953466287,1.0,6.922672218042187,40.91928251121076
Floating window (both),7,0.08828542211112374,0.7449664429530202,1.0,2.5080354723380447,43.101644245142005
Floating window (both),14,0.05601636177707079,0.8772241992882562,1.0,5.346599766314973,23.460388639760836
Floating window (both),28,0.03806385637995682,0.9710144927536232,1.0,12.557432033999174,13.094170403587444
Floating window (both),56,0.02170207930916941,0.9845360824742269,1.0,26.593524835753087,6.547085201793722
Fixed order quantity (LN),7,0.07169639813657538,0.508460918614021,1.0,3.727464595164538,40.91928251121076
Fixed order quantity (LN),28,0.02670151119191001,0.573170731707317,1.0,13.971111829843172,12.002989536621824
Economic order quantity (LN),10,0.17066242472446314,0.5191842378154166,1.0,0.3443609079344738,117.30194319880418
Economic order quantity (LN),100,0.15918645608453585,0.725530813050233,1.0,1.3953918251157396,75.83707025411061
Economic order quantity (LN),1000,0.10407908192250881,0.92806484295846,1.0,5.50205626948545,36.554559043348284
Floating window (both),7,0.0808998977388933,0.6800382043935053,1.0,3.087970305151482,44.19282511210762
Floating window (both),14,0.05215316441313487,0.8109540636042403,1.0,7.006950520738391,24.005979073243648
Floating window (both),28,0.036359504601749804,0.927536231884058,1.0,15.647590620457429,12.548579970104633
Floating window (both),56,0.02192932621293035,0.9846938775510204,1.0,34.50031880899147,6.001494768310912
Fixed order quantity (LN),7,0.08839904556300421,0.5961685823754789,1.0,3.9952642884051914,40.37369207772795
Fixed order quantity (LN),28,0.028633109873877967,0.6,1.0,14.563276246551697,13.639760837070254
Economic order quantity (LN),10,0.14623338257016247,0.40974212034383956,1.0,1.1789576964783581,129.304932735426
Economic order quantity (LN),100,0.12396318600159073,0.6209447922595333,1.0,3.069993187683161,66.01644245142003
Economic order quantity (LN),1000,0.0698784229064879,0.8541666666666666,1.0,8.482261830537336,25.097159940209266
Floating window (both),7,0.043517782070219294,0.7690763052208835,1.0,11.627881703976907,19.641255605381165
Floating window (both),14,0.02488353596182252,0.8866396761133604,1.0,15.565345550926784,9.820627802690582
Floating window (both),28,0.016702647426428813,0.98,1.0,20.2018855189439,5.4559043348281016
Floating window (both),56,0.009544369957959323,1.0,1.0,43.14566776641291,2.7279521674140508
Fixed order quantity (LN),7,0.05272128167253721,0.5735475896168108,1.0,9.648168687699549,25.642750373692078
Fixed order quantity (LN),28,0.022042949664810817,0.6531986531986532,1.0,14.189274816249627,9.820627802690582
Economic order quantity (LN),10,0.10282922395182366,0.5659787367104441,1.0,8.407559201644121,66.01644245142003
Economic order quantity (LN),100,0.0798772866719691,0.8015963511972634,1.0,9.464981316314166,30.553064275037368
Economic order quantity (LN),1000,0.0388592205431201,0.8929503916449086,1.0,11.814798154525425,13.094170403587444
Floating window (both),7,0.03147369617088967,0.6517647058823529,1.0,0.9793660333163823,17.458893871449924
Floating window (both),14,0.020906715146006137,0.6840148698884758,1.0,2.59438824470492,10.911808669656203
Floating window (both),28,0.015225542551982729,0.7976190476190477,1.0,4.861754181978723,7.0926756352765326
Floating window (both),56,0.011930462447449153,0.9459459459459459,1.0,19.938573150903775,3.273542600896861
Fixed order quantity (LN),7,0.028292239518236565,0.4619666048237477,1.0,3.454430580129956,18.004484304932735
Fixed order quantity (LN),28,0.011930462447449153,0.5555555555555556,1.0,8.790753450084994,6.001494768310912
Economic order quantity (LN),10,0.04499488694466538,0.41904761904761906,1.0,0.12588216851085607,39.28251121076233
Economic order quantity (LN),100,0.0360186342461084,0.5121163166397416,1.0,0.8648457415343602,24.55156950672646
Economic order quantity (LN),1000,0.02499715941370299,0.7482993197278912,1.0,3.363305969986423,11.457399103139014
Floating window (both),7,0.06510623792750823,0.671746776084408,1.0,2.082376298340424,34.91778774289985
Floating window (both),14,0.04272241790705602,0.7475149105367793,1.0,4.922323662054604,20.732436472346787
Floating window (both),28,0.03306442449721623,0.9150943396226415,1.0,13.664671486856285,12.002989536621824
Floating window (both),56,0.02113396204976707,0.96875,1.0,24.428169356557547,7.638266068759342
Fixed order quantity (LN),7,0.04760822633791614,0.4048309178743961,1.0,3.656129699896513,36.554559043348284
Fixed order quantity (LN),28,0.027610498806953754,0.6014851485148515,1.0,15.113528803035528,11.457399103139014
Economic order quantity (LN),10,0.10714691512328145,0.5391652372784448,1.0,0.665873682393392,67.10762331838565
Economic order quantity (LN),100,0.09498920577207136,0.6736502820306205,1.0,2.757804709405507,48.011958146487295
Economic order quantity (LN),1000,0.06942392909896603,0.8945827232796486,1.0,10.36042809002151,25.642750373692078
Floating window (both),7,0.0313600727190092,0.7022900763358778,1.0,12.080585597467689,16.367713004484305
Floating window (both),14,0.019997727530962392,0.8073394495412844,1.0,14.260189082456929,8.729446935724962
Floating window (both),28,0.01454380184069992,0.9481481481481482,1.0,23.52075874624598,4.910313901345291
Floating window (both),56,0.0078400181797523,1.0,1.0,38.315650031471954,2.1823617339312404
Fixed order quantity (LN),7,0.044199522781502104,0.4936548223350254,1.0,10.268215338387249,27.279521674140508
Fixed order quantity (LN),28,0.01886149301215771,0.570446735395189,1.0,14.160592020001596,9.275037369207773
Economic order quantity (LN),10,0.06078854675605045,0.46481320590790615,1.0,9.5138580036792,46.375186846038865
Economic order quantity (LN),100,0.056811725940234065,0.7739938080495357,1.0,11.026874530580645,24.55156950672646
Economic order quantity (LN),1000,0.025792523576866264,0.8937007874015748,1.0,14.920180636743039,10.366218236173394
Floating window (both),7,0.06590160209067152,0.7702523240371846,1.0,7.6393536705008165,31.64424514200299
Floating window (both),14,0.04010907851380525,0.9216710182767625,1.0,11.463915592472963,16.367713004484305
Floating window (both),28,0.02726962845131235,0.97165991902834,1.0,19.342008483551506,9.275037369207773
Floating window (both),56,0.014657425292580389,0.9923076923076923,1.0,33.02867632930122,4.364723467862481
Fixed order quantity (LN),7,0.08703556414043859,0.5424929178470255,1.0,7.082229404796146,46.375186846038865
Fixed order quantity (LN),28,0.029996591296443584,0.5892857142857143,1.0,13.97759562303232,13.639760837070254
Economic order quantity (LN),10,0.18509260311328257,0.5248067010309279,1.0,4.936672867009335,132.03288490284007
Economic order quantity (LN),100,0.1697534371094194,0.6681574239713775,1.0,5.718987096588675,88.38565022421524
Economic order quantity (LN),1000,0.10544256334507442,0.9142857142857143,1.0,7.975163968263212,37.10014947683109
Floating window (both),7,0.049653448471764575,0.7495711835334476,1.0,9.027376359501154,24.55156950672646
Floating window (both),14,0.030678332007726395,0.8709677419354839,1.0,12.000185113151431,13.094170403587444
Floating window (both),28,0.01942961027156005,0.9771428571428571,1.0,21.376008767257623,7.0926756352765326
Floating window (both),56,0.012498579706851495,0.9649122807017544,1.0,33.58419439316317,4.364723467862481
Fixed order quantity (LN),7,0.059311441881604365,0.44274809160305345,1.0,8.1197527149249,42.01046337817638
Fixed order quantity (LN),28,0.03090557891148733,0.5900216919739696,1.0,13.822293821053446,13.639760837070254
Economic order quantity (LN),10,0.10169298943301898,0.4963948973932335,1.0,6.264736302324741,75.83707025411061
Economic order quantity (LN),100,0.09612544029087604,0.6418816388467374,1.0,7.029841961967662,53.46786248131539
Economic order quantity (LN),1000,0.060447676400409045,0.8622366288492707,1.0,11.112465604097991,22.369207772795217
Floating window (both),7,0.06578797863879104,0.6114044350580782,1.0,2.07755644894164,38.73692077727952
Floating window (both),14,0.04510851039654585,0.7490566037735849,1.0,4.509241838043787,21.823617339312406
Floating window (both),28,0.03215543688217248,0.8654434250764526,1.0,12.063257987428981,13.094170403587444
Floating window (both),56,0.01874786956027724,0.9593023255813954,1.0,21.536455982980293,6.001494768310912
Fixed order quantity (LN),7,0.06646971935007386,0.5357142857142857,1.0,3.9724846613904123,34.37219730941704
Fixed order quantity (LN),28,0.024429042154300647,0.5972222222222222,1.0,14.645130401300758,10.366218236173394
Economic order quantity (LN),10,0.10248835359618225,0.3593625498007968,1.0,0.4527669293820578,103.11659192825113
Economic order quantity (LN),100,0.09794341552096353,0.6091872791519435,1.0,1.9093279253438897,53.46786248131539
Economic order quantity (LN),1000,0.056811725940234065,0.8547008547008547,1.0,6.779500125826835,20.732436472346787
Floating window (both),7,0.018520622656516304,0.5582191780821918,1.0,2.1039620084567825,11.457399103139014
Floating window (both),14,0.012498579706851495,0.6111111111111112,1.0,4.674277189370278,7.0926756352765326
Floating window (both),28,0.009430746506078854,0.7685185185185185,1.0,10.71137824583974,3.819133034379671
Floating window (both),56,0.0054539256902624705,0.7384615384615385,1.0,16.60721743340067,2.1823617339312404
Fixed order quantity (LN),7,0.03681399840927167,0.463519313304721,1.0,5.319138850598853,23.460388639760836
Fixed order quantity (LN),28,0.01988410407908192,0.5608974358974359,1.0,8.68834662339407,9.275037369207773
Economic order quantity (LN),10,0.04272241790705602,0.4104803493449782,1.0,0.12593251118052703,36.00896860986547
Economic order quantity (LN),100,0.045903874559709124,0.6158536585365854,1.0,0.8631906082235944,27.82511210762332
Economic order quantity (LN),1000,0.026247017384388137,0.8309352517985612,1.0,3.5122952045976605,10.366218236173394
Floating window (both),7,0.11782751960004545,0.834271922767498,1.0,3.1134660627639583,50.73991031390135
Floating window (both),14,0.06590160209067152,0.9076682316118936,1.0,6.797859118830609,26.18834080717489
Floating window (both),28,0.04101806612884899,0.9944903581267218,1.0,13.298010173751605,13.094170403587444
Floating window (both),56,0.022724690376093627,0.9803921568627451,1.0,24.888238302802776,6.547085201793722
Fixed order quantity (LN),7,0.1275991364617657,0.6582649472450176,1.0,3.467011004505634,47.46636771300449
Fixed order quantity (LN),28,0.037609362572434954,0.7180043383947939,1.0,14.87209321676275,12.002989536621824
Economic order quantity (LN),10,0.4691512328144529,0.6330880098129408,1.0,0.08678872356619764,270.61285500747385
Economic order quantity (LN),100,0.4594932394046131,0.8242967794537301,1.0,0.5942050395801625,190.41106128550075
Economic order quantity (LN),1000,0.2670151119191001,0.9564509564509565,1.0,2.374323718050604,85.6576980568012
Floating window (both),7,0.09089876150437451,0.8154943934760448,1.0,2.771065549602608,40.37369207772795
Floating window (both),14,0.05578911487330985,0.881508078994614,1.0,5.877934252587853,22.91479820627803
Floating window (both),28,0.03567776389046699,0.9781931464174455,1.0,14.191091056695441,12.548579970104633
Floating window (both),56,0.022042949664810817,1.0,1.0,27.443168090816947,6.001494768310912
Fixed order quantity (LN),7,0.10430632882626974,0.5888389993585632,1.0,3.1694740225689513,46.92077727952167
Fixed order quantity (LN),28,0.03272355414157482,0.6385809312638581,1.0,13.674705711657161,12.548579970104633
Economic order quantity (LN),10,0.24258606976479946,0.5842911877394636,1.0,0.13861036125072815,151.12855007473843
Economic order quantity (LN),100,0.21508919440972618,0.7050279329608938,1.0,1.3242369866602726,104.75336322869956
Economic order quantity (LN),1000,0.1340756732189524,0.9035222052067381,1.0,5.296641845411375,45.28400597907324
Floating window (both),7,0.08351323713214408,0.6843575418994413,1.0,3.0200515197863442,45.82959641255606
Floating window (both),14,0.05294852857629815,0.803448275862069,1.0,7.355185046634562,24.55156950672646
Floating window (both),28,0.035791387342347464,0.9402985074626866,1.0,14.07494317157114,13.094170403587444
Floating window (both),56,0.020793091694125666,0.973404255319149,1.0,28.11617190117509,6.547085201793722
Fixed order quantity (LN),7,0.10441995227815021,0.5586626139817629,1.0,3.7847360005556303,52.37668161434978
Fixed order quantity (LN),28,0.035791387342347464,0.6428571428571429,1.0,14.059773369763404,14.185351270553065
Economic order quantity (LN),10,0.176457220770367,0.4415695194768268,1.0,0.9348246900266618,140.76233183856502
Economic order quantity (LN),100,0.1280536302692876,0.5916010498687664,1.0,2.9640265825047165,68.19880418535126
Economic order quantity (LN),1000,0.073059879559141,0.8689189189189189,1.0,9.660912001097994,25.097159940209266
Floating window (both),7,0.10941938416089081,0.8395815170008718,1.0,2.864968568810394,47.46636771300449
Floating window (both),14,0.06283376888989887,0.9372881355932203,1.0,6.351822016832796,24.55156950672646
Floating window (both),28,0.03931371435064197,0.9829545454545454,1.0,12.17581766038252,13.094170403587444
Floating window (both),56,0.022270196568571755,0.98,1.0,26.29207533769678,6.547085201793722
Fixed order quantity (LN),7,0.10453357573003068,0.5958549222797928,1.0,3.532129393200615,44.738415545590435
Fixed order quantity (LN),28,0.02670151119191001,0.5542452830188679,1.0,12.886389482886715,12.548579970104633
Economic order quantity (LN),10,0.3147369617088967,0.5907442951588825,1.0,0.13717140058436816,192.59342301943198
Economic order quantity (LN),100,0.2887171912282695,0.7129629629629629,1.0,0.7154737691574973,141.30792227204782
Economic order quantity (LN),1000,0.19225088058175208,0.9410456062291435,1.0,2.7444166118145548,63.28849028400598
Floating window (both),7,0.036359504601749804,0.6971677559912854,1.0,2.196793656330822,18.004484304932735
Floating window (both),14,0.023860924894898307,0.7924528301886793,1.0,6.850947030437384,10.366218236173394
Floating window (both),28,0.018634246108396774,0.9704142011834319,1.0,12.53031096594275,6.001494768310912
Floating window (both),56,0.009430746506078854,0.9431818181818182,1.0,30.522779478047454,2.7279521674140508
Fixed order quantity (LN),7,0.04488126349278491,0.4261057173678533,1.0,3.170615518208169,33.82660687593423
Fixed order quantity (LN),28,0.03033746165208499,0.6223776223776224,1.0,8.402304606399511,12.548579970104633
Economic order quantity (LN),10,0.05942506533348483,0.4194065757818765,1.0,0.2911948849163553,50.73991031390135
Economic order quantity (LN),100,0.057947960459038744,0.5862068965517241,1.0,1.8062374933096101,35.46337817638266
Economic order quantity (LN),1000,0.03715486876491308,0.8650793650793651,1.0,6.369155681641989,14.185351270553065
Floating window (both),7,0.04749460288603568,0.6593059936908517,1.0,7.799285929817399,26.733931240657697
Floating window (both),14,0.03238268378593342,0.7786885245901639,1.0,11.288485051444795,14.730941704035875
Floating window (both),28,0.020565844790364732,0.9378238341968912,1.0,18.740142236360462,7.638266068759342
Floating window (both),56,0.014202931485058516,0.984251968503937,0.9999150239607739,34.4991836740371,4.364723467862481
Fixed order quantity (LN),7,0.08214975570957846,0.5091549295774648,1.0,7.247894330171103,47.46636771300449
Fixed order quantity (LN),28,0.0338597886603795,0.6182572614107884,1.0,13.630555017764525,14.185351270553065
Economic order quantity (LN),10,0.09817066242472447,0.3956043956043956,1.0,5.711673601498919,90.56801195814649
Economic order quantity (LN),100,0.07567321895239178,0.551781275890638,1.0,7.640873247358388,44.738415545590435
Economic order quantity (LN),1000,0.04794909669355755,0.8473895582329317,1.0,13.040040262348874,17.458893871449924
Floating window (both),7,0.10271560049994319,0.7881429816913688,1.0,2.4621247192297284,46.92077727952167
Floating window (both),14,0.06010680604476764,0.8875838926174496,1.0,5.860970265264874,24.55156950672646
Floating window (both),28,0.03840472673559823,0.9912023460410557,1.0,12.454255683359444,13.094170403587444
Floating window (both),56,0.022156573116691284,0.9848484848484849,1.0,26.468294750512843,6.547085201793722
Fixed order quantity (LN),7,0.09487558232019089,0.5254877281309,1.0,3.6570671970166453,48.5575485799701
Fixed order quantity (LN),28,0.02908760368139984,0.5925925925925926,1.0,14.957515627509917,12.002989536621824
Economic order quantity (LN),10,0.21792978070673788,0.48154657293497366,1.0,0.2681420691940689,160.40358744394618
Economic order quantity (LN),100,0.21520281786160664,0.6820309686712279,1.0,1.27754548874059,104.20777279521674
Economic order quantity (LN),1000,0.13066696966253835,0.8825786646201075,1.0,4.495043144749131,43.64723467862481
Floating window (both),7,0.04079081922508806,0.7267206477732794,1.0,2.808545408329729,20.732436472346787
Floating window (both),14,0.026247017384388137,0.77,1.0,6.852093813783736,12.548579970104633
Floating window (both),28,0.019088739915918647,0.9385474860335196,1.0,15.905849528654194,7.638266068759342
Floating window (both),56,0.011930462447449153,0.9459459459459459,1.0,29.77059980708511,3.819133034379671
Fixed order quantity (LN),7,0.03726849221679355,0.39001189060642094,1.0,3.331491429742086,31.09865470852018
Fixed order quantity (LN),28,0.016134530167026474,0.4329268292682927,1.0,9.306080368456568,10.911808669656203
Economic order quantity (LN),10,0.06896943529144416,0.5385980479148181,1.0,0.17274405376185625,47.46636771300449
Economic order quantity (LN),100,0.06442449721622542,0.6428571428571429,1.0,1.2747046302288605,35.46337817638266
Economic order quantity (LN),1000,0.047267355982274745,0.9082969432314411,1.0,4.607376317260887,17.458893871449924
Floating window (both),7,0.028973980229519372,0.6572164948453608,1.0,7.5789718444382626,16.367713004484305
Floating window (both),14,0.02113396204976707,0.8493150684931506,1.0,7.785947557015601,9.275037369207773
Floating window (both),28,0.0156800363595046,0.9387755102040817,1.0,9.353910090794706,6.001494768310912
Floating window (both),56,0.010112487217361663,0.978021978021978,1.0,10.475655349718727,3.273542600896861
Fixed order quantity (LN),7,0.014657425292580389,0.6649484536082474,1.0,8.822508002409363,6.001494768310912
Fixed order quantity (LN),28,0.0045449380752187254,0.625,1.0,14.085587225129741,2.1823617339312404
Economic order quantity (LN),10,0.04283604135893648,0.5171467764060357,1.0,7.408175095573355,31.64424514200299
Economic order quantity (LN),100,0.03670037495739121,0.5778175313059034,1.0,7.524258769195343,24.005979073243648
Economic order quantity (LN),1000,0.03317804794909669,0.8848484848484849,1.0,8.062771480161093,13.639760837070254
Floating window (both),7,0.01692989433018975,0.3117154811715481,1.0,2.055132617235026,20.186846038863976
Floating window (both),14,0.01624815361890694,0.4255952380952381,1.0,4.408259463969131,14.185351270553065
Floating window (both),28,0.013180320418134302,0.45849802371541504,1.0,10.80648564671041,10.911808669656203
Floating window (both),56,0.012725826610612431,0.7320261437908496,1.0,28.73357962976107,6.001494768310912
Fixed order quantity (LN),7,0.04010907851380525,0.42787878787878786,1.0,3.351882365210164,30.00747384155456
Fixed order quantity (LN),28,0.017270764685831157,0.4662576687116564,1.0,14.191942155942604,10.911808669656203
Economic order quantity (LN),10,0.03499602317918418,0.3515981735159817,1.0,2.1051364714593217,34.37219730941704
Economic order quantity (LN),100,0.02726962845131235,0.5172413793103449,1.0,9.950295026319317,16.913303437967116
Economic order quantity (LN),1000,0.016020906715146006,0.7421052631578947,1.0,29.211271967355547,6.547085201793722
Floating window (both),7,0.013634814225656175,0.23255813953488372,1.0,0.4880329772163225,20.732436472346787
Floating window (both),14,0.014771048744460856,0.3532608695652174,1.0,1.2463207751492105,14.730941704035875
Floating window (both),28,0.011362345188046814,0.45454545454545453,1.0,2.9940173397776175,8.729446935724962
Floating window (both),56,0.0103397341211226,0.6319444444444444,1.0,7.589064322015243,6.001494768310912
Fixed order quantity (LN),7,0.026474264288149075,0.516629711751663,1.0,3.7835710405505,12.548579970104633
Fixed order quantity (LN),28,0.006362913305306216,0.42105263157894735,1.0,12.384467901537036,3.273542600896861
Economic order quantity (LN),10,0.026360640836268604,0.2719812426729191,1.0,0.7858339283367083,32.1898355754858
Economic order quantity (LN),100,0.02192932621293035,0.41239316239316237,1.0,3.193614784634404,15.822122571001495
Economic order quantity (LN),1000,0.012384956254971026,0.6228571428571429,1.0,10.24032754815452,6.001494768310912
Floating window (both),7,0.03545051698670606,0.7428571428571429,1.0,3.2497185644038233,18.004484304932735
Floating window (both),14,0.021474832405408477,0.7777777777777778,1.0,7.213474032466815,10.366218236173394
Floating window (both),28,0.015339166003863198,0.8653846153846154,1.0,15.291113278673869,6.547085201793722
Floating window (both),56,0.009885240313600727,0.9560439560439561,1.0,30.606648736637265,3.819133034379671
Fixed order quantity (LN),7,0.04556300420406772,0.4302575107296137,1.0,3.2557696296995426,34.91778774289985
Fixed order quantity (LN),28,0.023860924894898307,0.48498845265588914,1.0,11.375351094572489,14.185351270553065
Economic order quantity (LN),10,0.08294511987274174,0.5555555555555556,1.0,1.5774270753802668,56.195814648729446
Economic order quantity (LN),100,0.07896829905692535,0.6874381800197824,1.0,2.2621855811088962,40.91928251121076
Economic order quantity (LN),1000,0.058516077718441084,0.8833619210977701,1.0,8.697434105229236,22.91479820627803
Floating window (both),7,0.018634246108396774,0.6119402985074627,1.0,0.8929528588267056,9.820627802690582
Floating window (both),14,0.012953073514373368,0.7215189873417721,1.0,3.478136544122005,6.001494768310912
Floating window (both),28,0.00965799340983979,0.9239130434782609,1.0,18.636229879325796,3.273542600896861
Floating window (both),56,0.0062492898534257475,0.9166666666666666,1.0,21.3589048790931,2.7279521674140508
Fixed order quantity (LN),7,0.03408703556414044,0.6410256410256411,1.0,2.7196107675999386,13.094170403587444
Fixed order quantity (LN),28,0.010566981024883536,0.577639751552795,1.0,5.032017344580337,4.910313901345291
Economic order quantity (LN),10,0.04817634359731849,0.5380710659898477,1.0,0.7706604244914895,30.553064275037368
Economic order quantity (LN),100,0.0335189183047381,0.7506361323155216,1.0,2.214252881915113,15.822122571001495
Economic order quantity (LN),1000,0.01624815361890694,0.8773006134969326,1.0,12.028751532389501,6.547085201793722
Floating window (both),7,0.007158277468469492,0.23076923076923078,0.9994248985115021,1.051015888833527,11.457399103139014
Floating window (both),14,0.005113055334621066,0.19230769230769232,0.9994248985115021,1.7669822288656372,9.820627802690582
Floating window (both),28,0.005908419497784343,0.2988505747126437,0.9994248985115021,6.9294100959650455,7.638266068759342
Floating window (both),56,0.007385524372230428,0.5752212389380531,0.9994248985115021,17.976772631947917,4.910313901345291
Fixed order quantity (LN),7,0.015111919100102261,0.40923076923076923,1.0,0.0,13.639760837070254
Fixed order quantity (LN),28,0.00795364163163277,0.30042918454935624,1.0,13.553811659192824,8.729446935724962
Economic order quantity (LN),10,0.005681172594023407,0.15337423312883436,1.0,1.31999235291537,13.639760837070254
Economic order quantity (LN),100,0.005681172594023407,0.21367521367521367,1.0,15.301734133097524,9.275037369207773
Economic order quantity (LN),1000,0.0034087035564140437,0.3157894736842105,1.0,50.60733035054705,3.273542600896861
Floating window (both),7,0.027837745710714693,0.6298200514138818,1.0,2.1979867930597337,16.367713004484305
Floating window (both),14,0.022042949664810817,0.8016528925619835,1.0,6.39839170498193,9.820627802690582
Floating window (both),28,0.015111919100102261,0.8580645161290322,1.0,11.85189757154613,6.001494768310912
Floating window (both),56,0.010566981024883536,0.93,1.0,42.78808916109968,3.273542600896861
Fixed order quantity (LN),7,0.04090444267696853,0.5063291139240507,1.0,3.8276815954286216,25.642750373692078
Fixed order quantity (LN),28,0.01761163504147256,0.4403409090909091,1.0,12.051896842065434,12.002989536621824
Economic order quantity (LN),10,0.04124531303260993,0.43577430972388953,1.0,0.6096979586656046,34.37219730941704
Economic order quantity (LN),100,0.037609362572434954,0.6007259528130672,1.0,3.9163403271007473,20.732436472346787
Economic order quantity (LN),1000,0.022838313827974095,0.7944664031620553,1.0,15.092702996048263,8.729446935724962
Floating window (both),7,0.011135098284285877,0.3888888888888889,1.0,1.476720950357958,10.911808669656203
Floating window (both),14,0.010226110669242132,0.44554455445544555,1.0,2.3836834238061524,8.729446935724962
Floating window (both),28,0.009203499602317918,0.5294117647058824,0.9986322302860532,10.55574163585648,6.547085201793722
Floating window (both),56,0.008635382342915578,0.6495726495726496,1.0,31.49119214217629,5.4559043348281016
Fixed order quantity (LN),7,0.016134530167026474,0.41642228739002934,1.0,6.221052631578942,14.730941704035875
Fixed order quantity (LN),28,0.010566981024883536,0.43457943925233644,1.0,14.539516953819493,8.183856502242152
Economic order quantity (LN),10,0.010566981024883536,0.2735294117647059,1.0,1.236429659010463,14.730941704035875
Economic order quantity (LN),100,0.010794227928644472,0.40772532188841204,1.0,9.04191806638432,10.366218236173394
Economic order quantity (LN),1000,0.008180888535393706,0.549618320610687,1.0,33.48486742158271,4.910313901345291
Floating window (both),7,0.05601636177707079,0.6653171390013495,1.0,1.4807011267613446,30.553064275037368
Floating window (both),14,0.0416998068401318,0.7535934291581109,1.0,4.539450513185299,20.186846038863976
Floating window (both),28,0.02920122713328031,0.9081272084805654,1.0,12.36990383108393,12.002989536621824
Floating window (both),56,0.01988410407908192,0.9615384615384616,1.0,26.29877256638017,7.0926756352765326
Fixed order quantity (LN),7,0.04976707192364504,0.41359773371104813,1.0,3.2382103269355036,38.191330343796714
Fixed order quantity (LN),28,0.022838313827974095,0.48201438848920863,1.0,13.377223779850297,13.094170403587444
Economic order quantity (LN),10,0.08214975570957846,0.5073684210526316,1.0,0.4056778881223423,58.37817638266069
Economic order quantity (LN),100,0.062265651630496535,0.51071761416589,1.0,3.158567098203513,42.01046337817638
Economic order quantity (LN),1000,0.04806272014543802,0.8166023166023166,1.0,10.667487762802107,18.004484304932735
Floating window (both),7,0.0010226110669242132,0.1323529411764706,1.0,0.1004212528876206,2.7279521674140508
Floating window (both),14,0.001590728326326554,0.25,1.0,0.5021062644381029,2.1823617339312404
Floating window (both),28,0.001590728326326554,0.32558139534883723,1.0,4.3707037078370385,1.6367713004484306
Floating window (both),56,0.001590728326326554,0.5384615384615384,0.9341767264468842,5.61350348044873,0.5455904334828101
Fixed order quantity (LN),7,0.0012498579706851495,0.13095238095238096,1.0,13.999999999999984,3.273542600896861
Fixed order quantity (LN),28,0.0012498579706851495,0.13095238095238096,1.0,13.999999999999984,3.273542600896861
Economic order quantity (LN),10,0.000908987615043745,0.09523809523809523,1.0,0.0,3.273542600896861
Economic order quantity (LN),100,0.0006817407112828088,0.07228915662650602,1.0,0.9136279441440052,3.273542600896861
Economic order quantity (LN),1000,0.0014771048744460858,0.325,1.0,24.901237681449434,1.6367713004484306
Floating window (both),7,0.027042381547551415,0.595,1.0,3.0275615017767485,16.913303437967116
Floating window (both),14,0.02124758550164754,0.7030075187969925,1.0,3.0235152241878698,10.911808669656203
Floating window (both),28,0.016702647426428813,0.8258426966292135,1.0,10.642499821160174,7.638266068759342
Floating window (both),56,0.00852175889103511,1.0,1.0,26.6459829099474,2.7279521674140508
Fixed order quantity (LN),7,0.0310192023633678,0.5363457760314342,1.0,3.5091219194358403,17.458893871449924
Fixed order quantity (LN),28,0.012953073514373368,0.43846153846153846,1.0,9.26397991644633,9.820627802690582
Economic order quantity (LN),10,0.04408589932962163,0.5111989459815547,1.0,0.3684725703667227,32.1898355754858
Economic order quantity (LN),100,0.04488126349278491,0.743879472693032,1.0,1.784511333314765,21.278026905829595
Economic order quantity (LN),1000,0.028973980229519372,0.8528428093645485,1.0,8.101747645075632,10.911808669656203
Floating window (both),7,0.02374730144301784,0.5072815533980582,1.0,0.980362481315396,16.913303437967116
Floating window (both),14,0.020224974434723327,0.5632911392405063,1.0,3.876574177877429,13.094170403587444
Floating window (both),28,0.016020906715146006,0.7193877551020408,1.0,9.565063045824544,7.638266068759342
Floating window (both),56,0.013180320418134302,0.8787878787878788,1.0,30.40859148680682,4.910313901345291
Fixed order quantity (LN),7,0.023633677991137372,0.3795620437956204,1.0,3.085626868460367,20.732436472346787
Fixed order quantity (LN),28,0.0103397341211226,0.3408239700374532,1.0,10.190260650224209,8.729446935724962
Economic order quantity (LN),10,0.026247017384388137,0.3824503311258278,1.0,0.21159344032034338,24.55156950672646
Economic order quantity (LN),100,0.024542665606181117,0.5118483412322274,1.0,5.191422842237187,16.367713004484305
Economic order quantity (LN),1000,0.021588455857288944,0.8407079646017699,1.0,24.834632001238614,8.183856502242152
Floating window (both),7,0.04283604135893648,0.7377690802348337,1.0,4.76908415412129,19.641255605381165
Floating window (both),14,0.02488353596182252,0.8326996197718631,1.0,7.566421264413838,10.366218236173394
Floating window (both),28,0.015566412907624134,0.9716312056737588,1.0,30.100895193594496,4.364723467862481
Floating window (both),56,0.009203499602317918,0.9878048780487805,1.0,74.15445547508153,2.1823617339312404
Fixed order quantity (LN),7,0.050676059538688784,0.5922974767596282,1.0,3.8114206304719587,23.460388639760836
Fixed order quantity (LN),28,0.018179752300874902,0.6477732793522267,1.0,7.965381766495875,7.638266068759342
Economic order quantity (LN),10,0.08828542211112374,0.5467980295566502,1.0,1.2632208206526179,58.9237668161435
Economic order quantity (LN),100,0.07419611407794569,0.8502604166666666,1.0,2.1924473141897427,28.916292974588938
Economic order quantity (LN),1000,0.026587887740029542,0.8796992481203008,1.0,7.005766025815839,9.275037369207773
Floating window (both),7,0.020224974434723327,0.5686900958466453,1.0,1.5387039670097746,12.548579970104633
Floating window (both),14,0.015111919100102261,0.665,1.0,3.424664082216308,7.638266068759342
Floating window (both),28,0.010453357573003069,0.7863247863247863,1.0,10.194067722035626,4.910313901345291
Floating window (both),56,0.007612771275991364,0.9852941176470589,1.0,19.97643370728144,2.7279521674140508
Fixed order quantity (LN),7,0.02670151119191001,0.4376163873370577,1.0,3.949510048164732,19.095665171898357
Fixed order quantity (LN),28,0.010907851380524941,0.4050632911392405,1.0,12.173725294801512,7.638266068759342
Economic order quantity (LN),10,0.02499715941370299,0.3503184713375796,1.0,0.3683331524861977,25.642750373692078
Economic order quantity (LN),100,0.024429042154300647,0.5498721227621484,1.0,2.4443161475907687,14.185351270553065
Economic order quantity (LN),1000,0.015452789455743665,0.7555555555555555,1.0,7.795371157861195,6.547085201793722
Floating window (both),7,0.030223838200204522,0.43111831442463533,1.0,1.0311495602301815,25.097159940209266
Floating window (both),14,0.026587887740029542,0.536697247706422,1.0,2.71417527922657,18.004484304932735
Floating window (both),28,0.025906147028746735,0.7972027972027972,1.0,9.267892468377566,11.457399103139014
Floating window (both),56,0.01761163504147256,0.8959537572254336,1.0,17.986142416877833,7.0926756352765326
Fixed order quantity (LN),7,0.037609362572434954,0.4321148825065274,1.0,3.5556624774662318,25.097159940209266
Fixed order quantity (LN),28,0.01772525849335303,0.5652173913043478,1.0,14.343405377316765,7.638266068759342
Economic order quantity (LN),10,0.03624588114986933,0.2662771285475793,1.0,0.7405825474592538,48.5575485799701
Economic order quantity (LN),100,0.03681399840927167,0.453781512605042,1.0,4.337901335171934,26.733931240657697
Economic order quantity (LN),1000,0.024429042154300647,0.7239057239057239,1.0,14.60581906006085,9.820627802690582
Floating window (both),7,0.022951937279854562,0.46543778801843316,1.0,1.4375907727210084,17.458893871449924
Floating window (both),14,0.01829337575275537,0.5457627118644067,1.0,4.637895026980038,12.002989536621824
Floating window (both),28,0.01397568458129758,0.5747663551401869,1.0,10.306988946626063,9.275037369207773
Floating window (both),56,0.012612203158731962,0.7161290322580646,0.9996268157551434,19.77286528838533,5.4559043348281016
Fixed order quantity (LN),7,0.030678332007726395,0.38961038961038963,1.0,3.52937060713038,26.733931240657697
Fixed order quantity (LN),28,0.016020906715146006,0.40988372093023256,1.0,16.650446840314242,12.002989536621824
Economic order quantity (LN),10,0.03363254175661857,0.38341968911917096,1.0,0.4902548207151965,31.09865470852018
Economic order quantity (LN),100,0.024769912509942052,0.4,1.0,5.2705491912513285,22.369207772795217
Economic order quantity (LN),1000,0.021815702761049882,0.75,1.0,21.445230921573014,9.275037369207773
Floating window (both),7,0.0027269628451312353,0.19672131147540983,1.0,0.34883172055699785,4.910313901345291
Floating window (both),14,0.0017043517782070218,0.13761467889908258,1.0,0.7558020612068287,4.364723467862481
Floating window (both),28,0.0014771048744460858,0.11926605504587157,1.0,0.7558020612068287,4.364723467862481
Floating window (both),56,0.002499715941370299,0.2972972972972973,1.0,12.882678608683205,3.273542600896861
Fixed order quantity (LN),7,0.001931598681967958,0.12142857142857143,1.0,14.000000000000005,5.4559043348281016
Fixed order quantity (LN),28,0.0028405862970117034,0.1773049645390071,1.0,14.000000000000005,5.4559043348281016
Economic order quantity (LN),10,0.0017043517782070218,0.10638297872340426,1.0,0.0,5.4559043348281016
Economic order quantity (LN),100,0.001931598681967958,0.1559633027522936,1.0,43.398381877108484,4.364723467862481
Economic order quantity (LN),1000,0.0022724690376093627,0.47619047619047616,1.0,99.37585518946591,1.6367713004484306
Floating window (both),7,0.03033746165208499,0.638755980861244,1.0,0.3661426580003695,17.458893871449924
Floating window (both),14,0.02556527667310533,0.6598240469208211,1.0,1.758016684781435,14.185351270553065
Floating window (both),28,0.02124758550164754,0.8657407407407407,1.0,5.473353331669398,8.729446935724962
Floating window (both),56,0.016134530167026474,0.9530201342281879,1.0,25.28211992585653,6.001494768310912
Fixed order quantity (LN),7,0.022611066924213157,0.49135802469135803,1.0,4.213825047326367,14.730941704035875
Fixed order quantity (LN),28,0.00852175889103511,0.3865979381443299,1.0,13.43206122071948,7.0926756352765326
Economic order quantity (LN),10,0.03510964663106465,0.4889240506329114,1.0,0.27889482036550417,26.18834080717489
Economic order quantity (LN),100,0.03647312805363027,0.6591375770020534,1.0,2.176974204530636,20.186846038863976
Economic order quantity (LN),1000,0.02920122713328031,0.8741496598639455,1.0,8.973957835115955,12.002989536621824
Floating window (both),7,0.008408135439154642,0.33183856502242154,1.0,2.037435641919947,8.729446935724962
Floating window (both),14,0.0069310305647085554,0.46923076923076923,1.0,5.989569838897193,4.910313901345291
Floating window (both),28,0.00488580843086013,0.671875,0.9967645616343643,13.929799043496573,2.1823617339312404
Floating window (both),56,0.004772184978979662,1.0,1.0,37.28862084822926,1.0911808669656202
Fixed order quantity (LN),7,0.020906715146006137,0.3102866779089376,1.0,0.0,24.005979073243648
Fixed order quantity (LN),28,0.019770480627201454,0.5102639296187683,1.0,7.3613685434313885,10.911808669656203
Economic order quantity (LN),10,0.01590728326326554,0.2460456942003515,1.0,0.5660923436695859,22.91479820627803
Economic order quantity (LN),100,0.017157141233950686,0.4967105263157895,1.0,2.8338964608535147,13.639760837070254
Economic order quantity (LN),1000,0.010566981024883536,0.7560975609756098,1.0,9.403105482990782,4.364723467862481
Floating window (both),7,0.06249289853425747,0.70242656449553,1.0,2.5174443794545183,32.1898355754858
Floating window (both),14,0.04306328826269742,0.8150537634408602,1.0,5.24741069300925,19.095665171898357
Floating window (both),28,0.028860356777638905,0.9169675090252708,1.0,11.11547627809438,12.002989536621824
Floating window (both),56,0.01942961027156005,0.9771428571428571,1.0,31.321233737756298,5.4559043348281016
Fixed order quantity (LN),7,0.05760709010339734,0.5259336099585062,1.0,3.4701170901843894,32.1898355754858
Fixed order quantity (LN),28,0.02113396204976707,0.4946808510638298,1.0,13.975348779272577,12.548579970104633
Economic order quantity (LN),10,0.0994205203954096,0.4982915717539863,1.0,0.27306500049432225,72.56352765321375
Economic order quantity (LN),100,0.09419384160890808,0.6966386554621848,1.0,1.6593206754777066,45.28400597907324
Economic order quantity (LN),1000,0.057266219747755934,0.9048473967684022,1.0,6.243373359122383,19.641255605381165
Floating window (both),7,0.012953073514373368,0.3285302593659942,1.0,0.42192908375063937,14.730941704035875
Floating window (both),14,0.013748437677536644,0.491869918699187,1.0,2.2502884466700763,10.366218236173394
Floating window (both),28,0.011362345188046814,0.5882352941176471,1.0,10.851966811123956,8.183856502242152
Floating window (both),56,0.010566981024883536,0.744,1.0,29.5458876116123,4.910313901345291
Fixed order quantity (LN),7,0.018520622656516304,0.5275080906148867,1.0,3.5486830575745527,10.366218236173394
Fixed order quantity (LN),28,0.005340302238382002,0.27325581395348836,1.0,12.233286943971985,6.547085201793722
Economic order quantity (LN),10,0.019656857175320987,0.3760869565217391,1.0,1.0351468265222943,18.550074738415546
Economic order quantity (LN),100,0.018179752300874902,0.49079754601226994,1.0,5.027694422224141,13.094170403587444
Economic order quantity (LN),1000,0.01579365981138507,0.7554347826086957,1.0,14.580354230457546,7.638266068759342
Floating window (both),7,0.029996591296443584,0.6804123711340206,1.0,3.1728276334035694,15.822122571001495
Floating window (both),14,0.024542665606181117,0.7346938775510204,1.0,4.023927998991482,12.002989536621824
Floating window (both),28,0.01806612884899443,0.7989949748743719,1.0,20.1959125317693,7.0926756352765326
Floating window (both),56,0.012612203158731962,0.8604651162790697,0.9998497982135508,28.004273410164082,4.910313901345291
Fixed order quantity (LN),7,0.024088171798659245,0.4851258581235698,1.0,3.706269022277403,15.276532137518684
Fixed order quantity (LN),28,0.011362345188046814,0.44052863436123346,1.0,15.215985016298411,7.638266068759342
Economic order quantity (LN),10,0.053062152028178614,0.6504178272980501,1.0,0.03573945872432983,29.46188340807175
Economic order quantity (LN),100,0.0491989546642427,0.7110016420361248,1.0,0.7203254931126419,25.642750373692078
Economic order quantity (LN),1000,0.03976820815816384,0.8684863523573201,1.0,4.413883806913938,18.004484304932735
Floating window (both),7,0.043517782070219294,0.7212806026365348,1.0,1.0203480390293238,21.823617339312406
Floating window (both),14,0.03454152937166231,0.8063660477453581,1.0,4.027431442514783,15.276532137518684
Floating window (both),28,0.0235200545392569,0.9324324324324325,1.0,12.442755447069263,8.729446935724962
Floating window (both),56,0.015111919100102261,0.9851851851851852,1.0,42.992435595328025,4.910313901345291
Fixed order quantity (LN),7,0.030678332007726395,0.38081805359661497,1.0,3.4524332378057405,25.642750373692078
Fixed order quantity (LN),28,0.015566412907624134,0.45364238410596025,1.0,14.020445195952226,9.820627802690582
Economic order quantity (LN),10,0.06646971935007386,0.6610169491525424,1.0,0.1885379527676685,36.554559043348284
Economic order quantity (LN),100,0.06919668219520508,0.7757961783439491,1.0,1.575064514467999,31.09865470852018
Economic order quantity (LN),1000,0.05044881263492785,0.8933601609657947,1.0,6.596593725335202,18.004484304932735
Floating window (both),7,0.019997727530962392,0.6330935251798561,1.0,1.3917799637607895,10.911808669656203
Floating window (both),14,0.015452789455743665,0.7555555555555555,1.0,3.735830429042119,7.0926756352765326
Floating window (both),28,0.009317123054198387,0.8723404255319149,1.0,10.705850792294433,3.273542600896861
Floating window (both),56,0.006817407112828087,0.967741935483871,1.0,22.82140382354198,2.1823617339312404
Fixed order quantity (LN),7,0.024542665606181117,0.4954128440366973,1.0,3.9960628516373355,16.367713004484305
Fixed order quantity (LN),28,0.00977161686172026,0.2866666666666667,1.0,16.227751939828657,10.911808669656203
Economic order quantity (LN),10,0.026815134643790477,0.46548323471400394,1.0,0.2053515264928555,20.186846038863976
Economic order quantity (LN),100,0.023860924894898307,0.515970515970516,1.0,1.8561529728371906,15.822122571001495
Economic order quantity (LN),1000,0.01886149301215771,0.7867298578199052,1.0,4.9886254673561,8.183856502242152
Floating window (both),7,0.046358368367231,0.7034482758620689,1.0,3.4207544285564575,24.005979073243648
Floating window (both),14,0.03317804794909669,0.7430025445292621,1.0,7.335304032092211,16.367713004484305
Floating window (both),28,0.023406431087376434,0.8583333333333333,1.0,12.360782649172071,9.275037369207773
Floating window (both),56,0.014771048744460856,0.8904109589041096,1.0,27.02044372690595,5.4559043348281016
Fixed order quantity (LN),7,0.050107942279286444,0.4306640625,1.0,2.871356551489902,38.191330343796714
Fixed order quantity (LN),28,0.022270196568571755,0.47804878048780486,1.0,13.125467164344915,13.094170403587444
Economic order quantity (LN),10,0.11850926031132826,0.6110134739308729,1.0,0.2860571670972371,71.47234678624814
Economic order quantity (LN),100,0.11316895807294626,0.7165467625899281,1.0,1.019988084970064,59.469357249626306
Economic order quantity (LN),1000,0.08408135439154642,0.9426751592356688,1.0,5.404457521081108,30.00747384155456
Floating window (both),7,0.0103397341211226,0.4595959595959596,1.0,3.087155446400813,7.638266068759342
Floating window (both),14,0.008294511987274173,0.44242424242424244,1.0,10.124304715512057,6.547085201793722
Floating window (both),28,0.007499147824110896,0.6470588235294118,1.0,18.77225567763044,4.364723467862481
Floating window (both),56,0.003522327008294512,0.9117647058823529,1.0,113.7273915327645,1.0911808669656202
Fixed order quantity (LN),7,0.0062492898534257475,0.4700854700854701,1.0,3.47167746674201,3.819133034379671
Fixed order quantity (LN),28,0.0028405862970117034,0.625,1.0,6.171229036247668,1.0911808669656202
Economic order quantity (LN),10,0.011362345188046814,0.45248868778280543,1.0,0.23104504947076634,9.820627802690582
Economic order quantity (LN),100,0.008862629246676515,0.5864661654135338,1.0,0.9077071825194446,6.547085201793722
Economic order quantity (LN),1000,0.006022042949664811,0.6973684210526315,1.0,2.6474800194775523,3.273542600896861
Floating window (both),7,0.020565844790364732,0.7418032786885246,1.0,3.0581486963116777,10.366218236173394
Floating window (both),14,0.01397568458129758,0.8785714285714286,1.0,5.233212258152062,6.001494768310912
Floating window (both),28,0.010453357573003069,0.8363636363636363,1.0,13.414512773283223,4.364723467862481
Floating window (both),56,0.006703783660947619,0.8676470588235294,1.0,29.503548424701115,2.7279521674140508
Fixed order quantity (LN),7,0.030110214748324055,0.4372937293729373,1.0,3.3904290647757027,23.460388639760836
Fixed order quantity (LN),28,0.020452221338484265,0.5389221556886228,1.0,6.958441022922182,10.911808669656203
Economic order quantity (LN),10,0.04931257811612317,0.592087312414734,1.0,0.09837891221544737,31.09865470852018
Economic order quantity (LN),100,0.04249517100329508,0.6404109589041096,1.0,0.6171620001232441,25.642750373692078
Economic order quantity (LN),1000,0.03897284399500057,0.9098143236074271,1.0,3.5474463437280424,15.276532137518684
Floating window (both),7,0.04158618338825133,0.4650571791613723,1.0,1.5021345744439918,32.1898355754858
Floating window (both),14,0.031132825815248268,0.5649484536082474,1.0,3.070170596095484,19.641255605381165
Floating window (both),28,0.024656289058061585,0.7862318840579711,0.9998249940655424,8.889344064227496,10.911808669656203
Floating window (both),56,0.015452789455743665,0.84472049689441,1.0,23.315453377789016,6.001494768310912
Fixed order quantity (LN),7,0.05056243608680832,0.5400485436893204,1.0,3.5198226661231065,26.733931240657697
Fixed order quantity (LN),28,0.01692989433018975,0.5155709342560554,1.0,12.70666870498705,9.275037369207773
Economic order quantity (LN),10,0.06726508351323714,0.37279596977329976,1.0,0.45931546068432944,63.28849028400598
Economic order quantity (LN),100,0.059084194977843424,0.5371900826446281,1.0,2.065913769412185,36.00896860986547
Economic order quantity (LN),1000,0.04124531303260993,0.8344827586206897,1.0,7.935750854442413,14.730941704035875
Floating window (both),7,0.0103397341211226,0.6642335766423357,1.0,1.1412919824860774,5.4559043348281016
Floating window (both),14,0.007158277468469492,0.7159090909090909,1.0,3.1306103416802253,3.273542600896861
Floating window (both),28,0.005681172594023407,0.8620689655172413,1.0,10.16915350722367,1.6367713004484306
Floating window (both),56,0.003863197363935916,0.8947368421052632,1.0,14.073153955337657,1.6367713004484306
Fixed order quantity (LN),7,0.014316554936938983,0.5294117647058824,1.0,2.0236930698307987,9.820627802690582
Fixed order quantity (LN),28,0.00977161686172026,0.45989304812834225,1.0,9.65149576041382,6.547085201793722
Economic order quantity (LN),10,0.01942961027156005,0.6576923076923077,1.0,0.07599953010119356,10.366218236173394
Economic order quantity (LN),100,0.019656857175320987,0.7148760330578512,1.0,0.20556408205981241,9.820627802690582
Economic order quantity (LN),1000,0.01704351778207022,0.75,1.0,1.5336607411509746,8.183856502242152
Floating window (both),7,0.01636177707078741,0.366412213740458,1.0,2.5050690783095986,15.276532137518684
Floating window (both),14,0.014202931485058516,0.5530973451327433,1.0,5.111819927325491,8.729446935724962
Floating window (both),28,0.010794227928644472,0.6834532374100719,0.9993136133897732,13.949644683779367,5.4559043348281016
Floating window (both),56,0.0078400181797523,0.6634615384615384,1.0,29.9164952895413,3.819133034379671
Fixed order quantity (LN),7,0.027610498806953754,0.3796875,1.0,3.506651406270497,23.460388639760836
Fixed order quantity (LN),28,0.020224974434723327,0.5443425076452599,1.0,9.753288177570953,9.820627802690582
Economic order quantity (LN),10,0.027042381547551415,0.3385490753911807,1.0,0.5167740511197241,28.916292974588938
Economic order quantity (LN),100,0.027610498806953754,0.4989733059548255,1.0,2.536230172778207,18.550074738415546
Economic order quantity (LN),1000,0.016020906715146006,0.734375,1.0,10.189141872442649,7.0926756352765326
Floating window (both),7,0.03726849221679355,0.5996343692870201,1.0,1.090161037354481,23.460388639760836
Floating window (both),14,0.028633109873877967,0.7613293051359517,1.0,3.6232005713991176,14.185351270553065
Floating window (both),28,0.02170207930916941,0.9502487562189055,0.9998776783789081,16.2613939169492,8.729446935724962
Floating window (both),56,0.01579365981138507,0.9652777777777778,1.0,23.89273372596035,6.001494768310912
Fixed order quantity (LN),7,0.028064992614475627,0.482421875,1.0,3.9770679469148393,20.186846038863976
Fixed order quantity (LN),28,0.012953073514373368,0.3944636678200692,1.0,15.748368395345368,10.911808669656203
Economic order quantity (LN),10,0.04010907851380525,0.4712950600801068,1.0,0.8693127543136004,32.1898355754858
Economic order quantity (LN),100,0.04033632541756618,0.5966386554621849,1.0,2.8208098495926257,26.18834080717489
Economic order quantity (LN),1000,0.03840472673559823,0.824390243902439,1.0,10.359674647587962,17.458893871449924
Floating window (both),7,0.012498579706851495,0.4782608695652174,1.0,1.2113602391629297,9.820627802690582
Floating window (both),14,0.010907851380524941,0.5,1.0,1.3803042293150445,8.183856502242152
Floating window (both),28,0.009998863765481196,0.5365853658536586,1.0,1.910069051472075,7.0926756352765326
Floating window (both),56,0.010453357573003069,0.8440366972477065,0.9994106062274287,16.381872910178082,4.910313901345291
Fixed order quantity (LN),7,0.013634814225656175,0.5172413793103449,1.0,3.4115668689001115,9.275037369207773
Fixed order quantity (LN),28,0.007726394727871832,0.4857142857142857,1.0,11.593928602831312,5.4559043348281016
Economic order quantity (LN),10,0.0156800363595046,0.46938775510204084,1.0,0.7847695515413572,12.548579970104633
Economic order quantity (LN),100,0.013862061129417111,0.5191489361702127,1.0,4.512438455475223,9.820627802690582
Economic order quantity (LN),1000,0.013862061129417111,0.7973856209150327,1.0,16.770941112559203,6.547085201793722
Floating window (both),7,0.008180888535393706,0.36548223350253806,1.0,1.2870503695780364,8.183856502242152
Floating window (both),14,0.00852175889103511,0.4076086956521739,1.0,1.3681244086065742,7.638266068759342
Floating window (both),28,0.008749005794796046,0.55,1.0,5.080776647839899,6.001494768310912
Floating window (both),56,0.0078400181797523,0.6634615384615384,1.0,19.72653939411761,4.910313901345291
Fixed order quantity (LN),7,0.012384956254971026,0.41762452107279696,1.0,3.0133980609152506,10.911808669656203
Fixed order quantity (LN),28,0.007612771275991364,0.39644970414201186,1.0,13.686043800825535,6.547085201793722
Economic order quantity (LN),10,0.010112487217361663,0.3423076923076923,1.0,1.219253590848139,10.366218236173394
Economic order quantity (LN),100,0.00852175889103511,0.3409090909090909,1.0,10.319395219197027,8.729446935724962
Economic order quantity (LN),1000,0.009998863765481196,0.704,1.0,52.3794232147669,4.910313901345291
Floating window (both),7,0.05351664583570049,0.7671009771986971,1.0,6.101106295455706,25.642750373692078
Floating window (both),14,0.03499602317918418,0.8346883468834688,1.0,10.318734226214263,15.276532137518684
Floating window (both),28,0.022611066924213157,0.9299065420560748,1.0,17.05345892676102,8.729446935724962
Floating window (both),56,0.016134530167026474,0.9726027397260274,1.0,28.94791807474294,5.4559043348281016
Fixed order quantity (LN),7,0.062265651630496535,0.5214081826831589,1.0,5.833610813944218,36.00896860986547
Fixed order quantity (LN),28,0.026360640836268604,0.5201793721973094,1.0,14.246166867755878,14.185351270553065
Economic order quantity (LN),10,0.12032723554141575,0.5777414075286416,1.0,3.7030532091601884,76.92825112107623
Economic order quantity (LN),100,0.1250994205203954,0.7858672376873662,1.0,4.9084466506254785,56.195814648729446
Economic order quantity (LN),1000,0.08010453357573002,0.8958068614993647,1.0,8.827924899952498,30.553064275037368
Floating window (both),7,0.0310192023633678,0.773371104815864,1.0,1.518220571434323,14.730941704035875
Floating window (both),14,0.026360640836268604,0.8111888111888111,1.0,4.441594822162833,12.002989536621824
Floating window (both),28,0.01692989433018975,0.9371069182389937,1.0,15.008692573131587,7.0926756352765326
Floating window (both),56,0.012271332803090559,0.9473684210526315,1.0,24.423310470424276,4.910313901345291
Fixed order quantity (LN),7,0.01954323372344052,0.3087971274685817,1.0,3.653939494597174,22.91479820627803
Fixed order quantity (LN),28,0.01158959209180775,0.4214876033057851,1.0,17.570232469186188,8.729446935724962
Economic order quantity (LN),10,0.05033518918304738,0.7483108108108109,1.0,0.0,24.55156950672646
Economic order quantity (LN),100,0.050903306442449725,0.7606112054329371,1.0,0.19298120440759736,24.55156950672646
Economic order quantity (LN),1000,0.045335757300306784,0.8126272912423625,1.0,2.5872885392662215,20.732436472346787
Floating window (both),7,0.03226906033405295,0.5795918367346938,1.0,4.252323329022579,20.732436472346787
Floating window (both),14,0.02556527667310533,0.7281553398058253,1.0,7.721369868382012,13.094170403587444
Floating window (both),28,0.02113396204976707,0.8691588785046729,1.0,15.18599505960121,9.275037369207773
Floating window (both),56,0.013180320418134302,0.9666666666666667,1.0,29.55870751793056,4.910313901345291
Fixed order quantity (LN),7,0.03420065901602091,0.47929936305732485,1.0,5.412165566584425,24.55156950672646
Fixed order quantity (LN),28,0.01590728326326554,0.40229885057471265,1.0,12.004093817705503,12.002989536621824
Economic order quantity (LN),10,0.0491989546642427,0.4994232987312572,1.0,2.8057978708775932,36.554559043348284
Economic order quantity (LN),100,0.04885808430860129,0.6446776611694153,1.0,4.664251289618245,26.733931240657697
Economic order quantity (LN),1000,0.03658675150551074,0.8632707774798928,1.0,10.31855390905145,15.276532137518684
Floating window (both),7,0.047153732530394274,0.7306338028169014,1.0,6.286387054320993,24.005979073243648
Floating window (both),14,0.028860356777638905,0.8167202572347267,1.0,10.51812337334251,13.094170403587444
Floating window (both),28,0.01772525849335303,0.8524590163934426,1.0,19.146016588603448,7.0926756352765326
Floating window (both),56,0.012498579706851495,0.8870967741935484,1.0,31.01028975362026,4.364723467862481
Fixed order quantity (LN),7,0.0655607317350301,0.5013032145960035,1.0,6.571549022540494,40.91928251121076
Fixed order quantity (LN),28,0.02726962845131235,0.5555555555555556,1.0,13.111160382779664,13.094170403587444
Economic order quantity (LN),10,0.139075105101693,0.6213197969543147,1.0,3.933625452074055,82.92974588938715
Economic order quantity (LN),100,0.1297579820474946,0.7483617300131061,1.0,5.008115506006376,64.3796711509716
Economic order quantity (LN),1000,0.08885353937052608,0.9331742243436754,1.0,9.295691733320792,32.73542600896861
Floating window (both),7,0.010112487217361663,0.2966666666666667,1.0,1.3331787021287564,12.548579970104633
Floating window (both),14,0.009544369957959323,0.39436619718309857,1.0,3.9360514062848995,8.729446935724962
Floating window (both),28,0.008976252698556982,0.5266666666666666,1.0,9.833742877437006,6.547085201793722
Floating window (both),56,0.0069310305647085554,0.648936170212766,0.9957811896817484,24.029831971814172,3.819133034379671
Fixed order quantity (LN),7,0.01215770935121009,0.26683291770573564,1.0,5.505747126436778,16.913303437967116
Fixed order quantity (LN),28,0.010453357573003069,0.3552123552123552,1.0,11.122107107881023,9.275037369207773
Economic order quantity (LN),10,0.010566981024883536,0.23134328358208955,1.0,0.4599875822014392,16.913303437967116
Economic order quantity (LN),100,0.014884672196341325,0.5077519379844961,1.0,9.67933522250934,9.275037369207773
Economic order quantity (LN),1000,0.008180888535393706,0.6428571428571429,1.0,43.89762523274611,3.819133034379671
Floating window (both),7,0.04408589932962163,0.6724436741767764,1.0,1.5776465162156486,23.460388639760836
Floating window (both),14,0.030564708555845928,0.7842565597667639,1.0,4.21099446235528,13.639760837070254
Floating window (both),28,0.021474832405408477,0.8873239436619719,1.0,10.28292458480274,8.729446935724962
Floating window (both),56,0.015452789455743665,0.9379310344827586,1.0,17.315660293113183,6.001494768310912
Fixed order quantity (LN),7,0.04749460288603568,0.4528710725893825,1.0,4.138526359371608,32.1898355754858
Fixed order quantity (LN),28,0.02431541870242018,0.5994397759103641,1.0,16.778287196441827,9.820627802690582
Economic order quantity (LN),10,0.0773775707305988,0.4696551724137931,1.0,0.665694501926183,58.9237668161435
Economic order quantity (LN),100,0.0798772866719691,0.6727272727272727,1.0,2.5557067370088866,39.828101644245145
Economic order quantity (LN),1000,0.051925917509373934,0.8771593090211133,1.0,9.025368278301206,18.004484304932735
Floating window (both),7,0.03533689353482559,0.47919876733436056,1.0,2.238103385139962,27.279521674140508
Floating window (both),14,0.027156004999431882,0.6128205128205129,1.0,5.787127583577959,16.367713004484305
Floating window (both),28,0.021474832405408477,0.7907949790794979,1.0,14.184798193897674,9.820627802690582
Floating window (both),56,0.01692989433018975,0.9430379746835443,1.0,28.79319793430355,4.910313901345291
Fixed order quantity (LN),7,0.04931257811612317,0.4544502617801047,1.0,3.262457903362334,32.1898355754858
Fixed order quantity (LN),28,0.02306556073173503,0.5178571428571429,1.0,11.601770309939315,12.548579970104633
Economic order quantity (LN),10,0.05658447903647313,0.41743503772003354,1.0,1.238829916043976,46.92077727952167
Economic order quantity (LN),100,0.04567662765594819,0.5767575322812052,1.0,5.267606425907016,28.37070254110613
Economic order quantity (LN),1000,0.026474264288149075,0.7792642140468228,1.0,17.566960965369425,12.002989536621824
Floating window (both),7,0.013407567321895238,0.6781609195402298,1.0,2.176447101616814,6.547085201793722
Floating window (both),14,0.009885240313600727,0.7372881355932204,1.0,2.217955332856993,4.364723467862481
Floating window (both),28,0.0034087035564140437,0.967741935483871,1.0,96.96253591538738,0.5455904334828101
Floating window (both),56,0.0012498579706851495,0.9166666666666666,1.0,349.5328246234057,0.0
Fixed order quantity (LN),7,0.005908419497784343,0.7323943661971831,1.0,3.381162544841386,1.6367713004484306
Fixed order quantity (LN),28,0.001590728326326554,0.4117647058823529,1.0,4.23915955530584,1.0911808669656202
Economic order quantity (LN),10,0.028746733325758438,0.6893732970027248,1.0,0.0630041581404933,13.639760837070254
Economic order quantity (LN),100,0.014316554936938983,0.7777777777777778,1.0,0.3562889491337077,4.910313901345291
Economic order quantity (LN),1000,0.008180888535393706,0.96,1.0,6.025998588028415,2.1823617339312404
Floating window (both),7,0.008976252698556982,0.37799043062200954,1.0,0.044185351270553064,8.729446935724962
Floating window (both),14,0.006590160209067151,0.3391812865497076,1.0,6.881868460388639,7.0926756352765326
Floating window (both),28,0.00795364163163277,0.5223880597014925,0.9999868636444091,9.53232123210779,5.4559043348281016
Floating window (both),56,0.008294511987274173,0.7087378640776699,0.9972505564087424,15.939393464506184,4.364723467862481
Fixed order quantity (LN),7,0.01215770935121009,0.4908256880733945,1.0,6.6100000000000145,9.275037369207773
Fixed order quantity (LN),28,0.006022042949664811,0.4015151515151515,1.0,12.817802690582855,4.910313901345291
Economic order quantity (LN),10,0.00795364163163277,0.3167420814479638,1.0,0.6405202832840724,9.275037369207773
Economic order quantity (LN),100,0.00852175889103511,0.40540540540540543,1.0,8.773979236742184,7.638266068759342
Economic order quantity (LN),1000,0.0062492898534257475,0.5789473684210527,1.0,18.775343803581926,3.819133034379671
Floating window (both),7,0.01636177707078741,0.7912087912087912,1.0,12.87095369458926,7.638266068759342
Floating window (both),14,0.010112487217361663,0.8725490196078431,1.0,15.843586066652893,4.364723467862481
Floating window (both),28,0.007158277468469492,0.9402985074626866,1.0,26.43085983331886,2.7279521674140508
Floating window (both),56,0.005567549142142939,0.98,1.0,38.47513383465683,2.1823617339312404
Fixed order quantity (LN),7,0.026587887740029542,0.49159663865546216,1.0,11.501332733805658,19.095665171898357
Fixed order quantity (LN),28,0.017384388137711624,0.5,1.0,13.771885798080696,10.366218236173394
Economic order quantity (LN),10,0.03454152937166231,0.5342706502636204,1.0,11.056933975046055,25.097159940209266
Economic order quantity (LN),100,0.04306328826269742,0.7814432989690722,1.0,11.309532016894664,21.278026905829595
Economic order quantity (LN),1000,0.027496875355073287,0.8897058823529411,1.0,13.81278607555377,12.548579970104633
Floating window (both),7,0.02556527667310533,0.6198347107438017,1.0,1.6609471769212965,14.730941704035875
Floating window (both),14,0.01931598681967958,0.6772908366533864,1.0,4.308231609049946,10.366218236173394
Floating window (both),28,0.014998295648221792,0.7292817679558011,1.0,11.807222250486879,7.638266068759342
Floating window (both),56,0.011362345188046814,0.8547008547008547,1.0,21.104493713309303,4.364723467862481
Fixed order quantity (LN),7,0.029542097488921712,0.43478260869565216,1.0,2.9836051388879716,22.369207772795217
Fixed order quantity (LN),28,0.017157141233950686,0.43515850144092216,1.0,10.82067539299858,10.911808669656203
Economic order quantity (LN),10,0.04010907851380525,0.47319034852546915,1.0,0.4569850676644147,30.00747384155456
Economic order quantity (LN),100,0.03295080104533576,0.4654895666131621,1.0,3.159553640683131,25.097159940209266
Economic order quantity (LN),1000,0.030678332007726395,0.7780979827089337,1.0,12.478769730738321,13.094170403587444
Floating window (both),7,0.024656289058061585,0.3981651376146789,1.0,1.4364570419912557,22.91479820627803
Floating window (both),14,0.019202363367799114,0.465564738292011,1.0,2.938834386813389,15.276532137518684
Floating window (both),28,0.015566412907624134,0.6199095022624435,0.9999264648319265,13.89007385932864,9.275037369207773
Floating window (both),56,0.014089308033178047,0.8611111111111112,0.9994473373750372,18.797415857640495,5.4559043348281016
Fixed order quantity (LN),7,0.03249630723781388,0.539622641509434,1.0,3.753256095134765,18.004484304932735
Fixed order quantity (LN),28,0.0103397341211226,0.441747572815534,1.0,12.416933225179397,7.0926756352765326
Economic order quantity (LN),10,0.03431428246790137,0.27808471454880296,1.0,0.6587638666250293,45.82959641255606
Economic order quantity (LN),100,0.04067719577320759,0.5602503912363067,1.0,2.61366803604796,24.005979073243648
Economic order quantity (LN),1000,0.021588455857288944,0.7063197026022305,1.0,7.608149954577061,10.911808669656203
Floating window (both),7,0.009998863765481196,0.4292682926829268,1.0,3.2137303610026784,8.729446935724962
Floating window (both),14,0.0078400181797523,0.5390625,1.0,4.048165951543698,5.4559043348281016
Floating window (both),28,0.00795364163163277,0.6796116504854369,1.0,8.990332619755664,4.364723467862481
Floating window (both),56,0.006476536757186684,0.8507462686567164,1.0,18.599301221657225,2.7279521674140508
Fixed order quantity (LN),7,0.0156800363595046,0.4094955489614243,1.0,5.03076641825546,13.639760837070254
Fixed order quantity (LN),28,0.010907851380524941,0.5079365079365079,1.0,8.640631889107635,7.0926756352765326
Economic order quantity (LN),10,0.011930462447449153,0.3125,1.0,2.6014145800969946,14.185351270553065
Economic order quantity (LN),100,0.012271332803090559,0.43548387096774194,1.0,4.6659757059177105,10.911808669656203
Economic order quantity (LN),1000,0.0078400181797523,0.5948275862068966,1.0,12.414082717522236,4.910313901345291
Floating window (both),7,0.029996591296443584,0.6055045871559633,1.0,0.6389120292415281,18.004484304932735
Floating window (both),14,0.025338029769344392,0.6947040498442367,1.0,1.4080806111416366,13.094170403587444
Floating window (both),28,0.01829337575275537,0.7419354838709677,1.0,4.25495158226179,9.275037369207773
Floating window (both),56,0.01454380184069992,0.920863309352518,1.0,10.056379693428594,4.910313901345291
Fixed order quantity (LN),7,0.017384388137711624,0.43342776203966005,1.0,3.7625780125292927,13.094170403587444
Fixed order quantity (LN),28,0.006590160209067151,0.3741935483870968,1.0,12.9912775640988,5.4559043348281016
Economic order quantity (LN),10,0.03704124531303261,0.46771879483500717,1.0,0.10566301378156111,29.46188340807175
Economic order quantity (LN),100,0.03249630723781388,0.5107142857142857,1.0,1.0002607719104082,23.460388639760836
Economic order quantity (LN),1000,0.028746733325758438,0.7689969604863222,1.0,5.648899520797517,13.094170403587444
Floating window (both),7,0.019997727530962392,0.6285714285714286,1.0,1.0844972284504235,10.911808669656203
Floating window (both),14,0.013521190773775707,0.672316384180791,1.0,2.259608946811161,7.0926756352765326
Floating window (both),28,0.011021474832405408,0.7238805970149254,0.9989325793024979,5.611415882030732,4.910313901345291
Floating window (both),56,0.00727190092034996,0.9014084507042254,1.0,11.615942930562172,2.7279521674140508
Fixed order quantity (LN),7,0.028633109873877967,0.47547169811320755,1.0,2.3498769930243455,17.458893871449924
Fixed order quantity (LN),28,0.014998295648221792,0.5432098765432098,1.0,14.874540670154364,6.001494768310912
Economic order quantity (LN),10,0.03988183161004431,0.47690217391304346,1.0,0.04317704055272682,29.46188340807175
Economic order quantity (LN),100,0.03567776389046699,0.5508771929824562,1.0,1.521129756722404,23.460388639760836
Economic order quantity (LN),1000,0.02306556073173503,0.7574626865671642,1.0,9.81542231965223,9.275037369207773
Floating window (both),7,0.006703783660947619,0.49166666666666664,1.0,0.4795565819034577,4.364723467862481
Floating window (both),14,0.0054539256902624705,0.6153846153846154,1.0,0.3439578242617903,2.7279521674140508
Floating window (both),28,0.00488580843086013,0.8431372549019608,1.0,1.896146646806572,1.6367713004484306
Floating window (both),56,0.003181456652653108,0.8484848484848485,1.0,1.75167105092536,1.0911808669656202
Fixed order quantity (LN),7,0.007499147824110896,0.46808510638297873,1.0,1.7215255587480647,3.819133034379671
Fixed order quantity (LN),28,0.004204067719577321,0.5441176470588235,1.0,20.503289385354876,1.6367713004484306
Economic order quantity (LN),10,0.007726394727871832,0.3238095238095238,1.0,0.05179793622071012,7.0926756352765326
Economic order quantity (LN),100,0.007499147824110896,0.5409836065573771,1.0,1.5045276767457705,4.364723467862481
Economic order quantity (LN),1000,0.005226678786501534,0.7076923076923077,1.0,3.78492875473768,2.1823617339312404
Floating window (both),7,0.009430746506078854,0.2739273927392739,1.0,1.5789282122237598,12.548579970104633
Floating window (both),14,0.009203499602317918,0.32270916334661354,1.0,1.6487377820750053,10.366218236173394
Floating window (both),28,0.005794796045903875,0.6,1.0,30.67502478849947,3.273542600896861
Floating window (both),56,0.00965799340983979,0.6204379562043796,1.0,21.53856201827467,5.4559043348281016
Fixed order quantity (LN),7,0.006703783660947619,0.5,1.0,2.8008582415073455,3.819133034379671
Fixed order quantity (LN),28,0.0022724690376093627,0.5555555555555556,1.0,12.35392251654533,1.0911808669656202
Economic order quantity (LN),10,0.011930462447449153,0.2966101694915254,1.0,0.5744014335937834,15.822122571001495
Economic order quantity (LN),100,0.012953073514373368,0.43846153846153846,1.0,2.4671244919423825,10.366218236173394
Economic order quantity (LN),1000,0.008862629246676515,0.6,1.0,9.56865105749378,4.910313901345291
Floating window (both),7,0.014884672196341325,0.36187845303867405,1.0,0.8020019818276484,15.276532137518684
Floating window (both),14,0.011930462447449153,0.4251012145748988,1.0,4.132452147819709,10.366218236173394
Floating window (both),28,0.010566981024883536,0.5923566878980892,1.0,22.838323143670888,6.547085201793722
Floating window (both),56,0.008862629246676515,0.8041237113402062,0.9996949176351831,33.85686963702331,3.819133034379671
Fixed order quantity (LN),7,0.024201795250539712,0.4329268292682927,1.0,3.0017354987880975,18.004484304932735
Fixed order quantity (LN),28,0.00977161686172026,0.37719298245614036,1.0,9.300689160970403,8.183856502242152
Economic order quantity (LN),10,0.026587887740029542,0.4588235294117647,1.0,1.338587976968136,19.641255605381165
Economic order quantity (LN),100,0.01954323372344052,0.5477707006369427,1.0,5.754553908498716,12.548579970104633
Economic order quantity (LN),1000,0.013293943870014771,0.7222222222222222,1.0,12.464534442225432,6.547085201793722
